game,date,numbers,bonusBall,verified
powerball,2015-01-02,1 14 21 41 43,16,false
lotto,2015-01-03,8 13 22 25 27 39,11,false
lotto-plus-1,2015-01-03,9 22 23 26 37 39,12,false
powerball,2015-01-06,2 9 14 18 20,20,false
lotto,2015-01-07,4 5 29 33 43 49,1,false
lotto-plus-1,2015-01-07,11 32 33 37 40 44,36,false
powerball,2015-01-09,2 13 15 17 31,5,false
lotto,2015-01-10,15 25 27 38 41 43,40,false
lotto-plus-1,2015-01-10,8 14 18 30 45 49,28,false
powerball,2015-01-13,3 9 15 18 35,17,false
lotto,2015-01-14,9 11 13 16 28 41,17,false
lotto-plus-1,2015-01-14,4 14 18 27 35 38,36,false
powerball,2015-01-16,5 7 14 29 42,4,false
lotto,2015-01-17,4 6 13 22 31 36,41,false
lotto-plus-1,2015-01-17,15 27 32 43 46 48,8,false
powerball,2015-01-20,3 4 23 31 35,5,false
lotto,2015-01-21,9 24 27 31 34 36,2,false
lotto-plus-1,2015-01-21,3 5 21 23 28 47,33,false
powerball,2015-01-23,1 8 11 29 34,13,false
lotto,2015-01-24,6 17 27 30 40 43,11,false
lotto-plus-1,2015-01-24,3 16 23 26 39 46,47,false
powerball,2015-01-27,12 26 28 31 35,13,false
lotto,2015-01-28,7 30 31 39 42 44,46,false
lotto-plus-1,2015-01-28,13 16 28 31 32 45,40,false
powerball,2015-01-30,4 23 25 43 45,17,false
lotto,2015-01-31,7 9 11 15 19 26,32,false
lotto-plus-1,2015-01-31,4 9 25 26 28 45,46,false
powerball,2015-02-03,11 12 25 41 42,20,false
lotto,2015-02-04,7 8 11 16 30 44,43,false
lotto-plus-1,2015-02-04,4 7 18 22 35 43,1,false
powerball,2015-02-06,17 23 36 38 42,2,false
lotto,2015-02-07,4 15 20 30 38 42,12,false
lotto-plus-1,2015-02-07,12 15 18 24 31 35,41,false
powerball,2015-02-10,10 20 27 31 33,6,false
lotto,2015-02-11,28 32 41 43 46 49,48,false
lotto-plus-1,2015-02-11,7 11 17 22 26 27,31,false
powerball,2015-02-13,6 11 20 27 37,20,false
lotto,2015-02-14,6 32 33 38 40 49,35,false
lotto-plus-1,2015-02-14,1 4 13 18 35 44,19,false
powerball,2015-02-17,1 5 9 18 40,17,false
lotto,2015-02-18,2 4 19 34 45 47,29,false
lotto-plus-1,2015-02-18,4 5 36 40 44 49,35,false
powerball,2015-02-20,2 11 12 19 40,12,false
lotto,2015-02-21,5 27 40 41 42 46,8,false
lotto-plus-1,2015-02-21,3 10 24 28 35 40,9,false
powerball,2015-02-24,13 14 18 25 39,20,false
lotto,2015-02-25,14 15 32 33 34 39,20,false
lotto-plus-1,2015-02-25,16 19 20 32 36 41,3,false
powerball,2015-02-27,4 9 27 31 41,11,false
lotto,2015-02-28,7 9 17 18 27 35,44,false
lotto-plus-1,2015-02-28,4 18 26 34 40 42,37,false
powerball,2015-03-03,1 27 30 33 38,9,false
lotto,2015-03-04,13 18 20 29 33 43,27,false
lotto-plus-1,2015-03-04,11 18 23 24 25 32,39,false
powerball,2015-03-06,10 21 23 25 45,9,false
lotto,2015-03-07,8 17 22 31 41 43,16,false
lotto-plus-1,2015-03-07,7 15 16 20 37 45,2,false
powerball,2015-03-10,24 26 27 31 33,18,false
lotto,2015-03-11,4 18 20 22 33 46,1,false
lotto-plus-1,2015-03-11,7 19 23 24 32 42,17,false
powerball,2015-03-13,18 19 20 22 43,6,false
lotto,2015-03-14,17 22 23 26 30 40,41,false
lotto-plus-1,2015-03-14,11 20 30 36 39 47,14,false
powerball,2015-03-17,12 15 26 34 41,16,false
lotto,2015-03-18,6 8 20 23 35 39,47,false
lotto-plus-1,2015-03-18,1 2 8 36 44 48,9,false
powerball,2015-03-20,11 17 27 34 42,9,false
lotto,2015-03-21,6 13 21 24 38 48,45,false
lotto-plus-1,2015-03-21,6 10 18 27 38 40,43,false
powerball,2015-03-24,5 17 21 25 36,16,false
lotto,2015-03-25,3 5 17 37 47 49,8,false
lotto-plus-1,2015-03-25,3 10 17 23 27 43,36,false
powerball,2015-03-27,8 23 33 35 40,17,false
lotto,2015-03-28,10 11 18 24 40 46,14,false
lotto-plus-1,2015-03-28,1 28 35 36 37 38,45,false
powerball,2015-03-31,5 6 20 26 27,15,false
lotto,2015-04-01,14 21 23 33 36 38,9,false
lotto-plus-1,2015-04-01,2 6 8 15 25 26,28,false
lotto,2015-04-04,15 26 27 33 40 45,34,false
lotto-plus-1,2015-04-04,6 23 24 26 38 46,37,false
powerball,2015-04-07,5 16 22 24 40,7,false
lotto,2015-04-08,27 29 30 33 45 49,11,false
lotto-plus-1,2015-04-08,1 5 6 30 39 46,17,false
powerball,2015-04-10,12 13 17 22 28,18,false
lotto,2015-04-11,5 6 22 24 32 43,9,false
lotto-plus-1,2015-04-11,1 6 16 17 18 36,21,false
powerball,2015-04-14,20 22 23 29 33,19,false
lotto,2015-04-15,17 19 26 34 35 46,3,false
lotto-plus-1,2015-04-15,4 8 23 26 27 43,46,false
powerball,2015-04-17,5 6 26 31 41,16,false
lotto,2015-04-18,2 9 18 25 29 34,14,false
lotto-plus-1,2015-04-18,1 2 3 15 18 29,9,false
powerball,2015-04-21,7 9 22 28 35,15,false
lotto,2015-04-22,2 17 19 27 45 49,6,false
lotto-plus-1,2015-04-22,5 18 23 26 29 32,31,false
powerball,2015-04-24,4 13 20 31 38,1,false
lotto,2015-04-25,3 4 6 20 25 36,16,false
lotto-plus-1,2015-04-25,3 6 29 40 44 47,4,false
powerball,2015-04-28,11 27 37 39 44,3,false
lotto,2015-04-29,1 19 21 28 34 45,4,false
lotto-plus-1,2015-04-29,6 12 32 36 37 41,20,false
powerball,2015-05-01,4 8 20 35 45,16,false
lotto,2015-05-02,3 6 28 35 42 43,1,false
lotto-plus-1,2015-05-02,14 17 22 32 36 47,29,false
powerball,2015-05-05,4 8 18 22 38,15,false
lotto,2015-05-06,3 7 12 16 29 35,34,false
lotto-plus-1,2015-05-06,3 28 29 42 45 46,16,false
powerball,2015-05-08,2 22 37 38 43,15,false
lotto,2015-05-09,8 10 11 14 30 48,5,false
lotto-plus-1,2015-05-09,3 7 13 17 20 24,30,false
powerball,2015-05-12,18 21 24 28 41,15,false
lotto,2015-05-13,12 13 17 27 35 37,21,false
lotto-plus-1,2015-05-13,4 16 27 30 42 43,29,false
powerball,2015-05-15,8 26 40 44 45,7,false
lotto,2015-05-16,5 22 23 25 40 43,31,false
lotto-plus-1,2015-05-16,13 24 31 34 40 48,16,false
powerball,2015-05-19,3 21 25 26 36,1,false
lotto,2015-05-20,12 23 27 31 34 39,49,false
lotto-plus-1,2015-05-20,8 10 20 22 28 45,44,false
powerball,2015-05-22,9 31 32 40 41,10,false
lotto,2015-05-23,6 18 26 30 34 40,15,false
lotto-plus-1,2015-05-23,1 9 23 27 30 41,38,false
powerball,2015-05-26,12 13 20 31 36,19,false
lotto,2015-05-27,2 20 22 30 36 43,9,false
lotto-plus-1,2015-05-27,3 22 34 37 41 45,20,false
powerball,2015-05-29,4 12 17 25 29,5,false
lotto,2015-05-30,8 10 16 24 25 44,4,false
lotto-plus-1,2015-05-30,5 10 17 25 26 43,9,false
powerball,2015-06-02,6 8 11 19 22,17,false
lotto,2015-06-03,16 18 20 21 23 39,31,false
lotto-plus-1,2015-06-03,15 25 26 30 41 48,13,false
powerball,2015-06-05,5 9 21 25 35,4,false
lotto,2015-06-06,4 21 22 24 33 38,19,false
lotto-plus-1,2015-06-06,7 8 11 25 27 32,4,false
powerball,2015-06-09,2 8 16 18 30,12,false
lotto,2015-06-10,3 5 23 37 40 48,2,false
lotto-plus-1,2015-06-10,9 11 13 25 30 47,41,false
powerball,2015-06-12,21 26 28 30 44,10,false
lotto,2015-06-13,10 23 24 35 36 43,37,false
lotto-plus-1,2015-06-13,7 9 24 41 44 46,49,false
powerball,2015-06-16,10 13 15 22 30,1,false
lotto,2015-06-17,13 14 22 28 32 34,15,false
lotto-plus-1,2015-06-17,4 8 20 27 41 43,7,false
powerball,2015-06-19,1 22 29 34 35,15,false
lotto,2015-06-20,4 28 39 44 45 48,12,false
lotto-plus-1,2015-06-20,5 15 21 22 30 48,29,false
powerball,2015-06-23,4 11 19 24 42,6,false
lotto,2015-06-24,3 5 23 36 39 43,45,false
lotto-plus-1,2015-06-24,12 25 41 46 47 48,35,false
powerball,2015-06-26,11 12 24 27 32,20,false
lotto,2015-06-27,6 18 28 32 37 42,39,false
lotto-plus-1,2015-06-27,1 2 27 40 41 44,26,false
powerball,2015-06-30,12 15 25 39 44,19,false
lotto,2015-07-01,1 4 10 16 22 39,13,false
lotto-plus-1,2015-07-01,17 18 24 36 37 42,28,false
powerball,2015-07-03,2 9 19 24 26,14,false
lotto,2015-07-04,2 5 6 7 8 37,48,false
lotto-plus-1,2015-07-04,12 20 22 23 31 48,30,false
powerball,2015-07-07,11 16 20 22 38,5,false
lotto,2015-07-08,5 23 26 30 39 48,47,false
lotto-plus-1,2015-07-08,3 4 5 14 33 44,49,false
powerball,2015-07-10,10 11 14 19 34,14,false
lotto,2015-07-11,2 3 14 25 30 31,5,false
lotto-plus-1,2015-07-11,9 11 37 39 42 47,29,false
powerball,2015-07-14,8 12 15 25 36,10,false
lotto,2015-07-15,8 12 13 36 38 43,40,false
lotto-plus-1,2015-07-15,16 20 22 34 37 40,9,false
powerball,2015-07-17,8 23 24 42 44,4,false
lotto,2015-07-18,5 7 18 22 31 32,15,false
lotto-plus-1,2015-07-18,13 17 25 38 42 49,43,false
powerball,2015-07-21,4 18 19 21 29,17,false
lotto,2015-07-22,20 23 40 43 47 49,15,false
lotto-plus-1,2015-07-22,19 32 36 38 40 48,30,false
powerball,2015-07-24,12 34 35 38 39,3,false
lotto,2015-07-25,15 17 18 24 35 42,22,false
lotto-plus-1,2015-07-25,4 6 9 22 24 27,2,false
powerball,2015-07-28,6 21 23 36 43,18,false
lotto,2015-07-29,3 6 28 34 39 43,2,false
lotto-plus-1,2015-07-29,1 10 11 22 45 49,8,false
powerball,2015-07-31,4 9 28 35 38,14,false
lotto,2015-08-01,8 22 24 33 38 40,26,false
lotto-plus-1,2015-08-01,9 22 29 35 36 38,18,false
powerball,2015-08-04,4 7 8 26 36,13,false
lotto,2015-08-05,8 15 17 29 34 38,31,false
lotto-plus-1,2015-08-05,1 24 27 30 41 47,20,false
powerball,2015-08-07,9 10 19 28 45,12,false
lotto,2015-08-08,12 17 22 29 37 48,40,false
lotto-plus-1,2015-08-08,14 21 27 39 44 46,7,false
powerball,2015-08-11,11 14 20 24 44,16,false
lotto,2015-08-12,6 20 25 29 32 35,46,false
lotto-plus-1,2015-08-12,1 3 34 36 37 40,25,false
powerball,2015-08-14,2 17 26 32 43,11,false
lotto,2015-08-15,2 11 16 24 33 43,14,false
lotto-plus-1,2015-08-15,16 28 29 30 31 46,18,false
powerball,2015-08-18,6 20 30 40 43,13,false
lotto,2015-08-19,1 2 3 6 23 28,24,false
lotto-plus-1,2015-08-19,2 8 20 22 26 36,34,false
powerball,2015-08-21,8 14 23 26 45,1,false
lotto,2015-08-22,1 4 9 34 38 41,17,false
lotto-plus-1,2015-08-22,9 25 30 33 46 49,16,false
powerball,2015-08-25,2 11 19 20 31,10,false
lotto,2015-08-26,11 20 21 30 37 42,28,false
lotto-plus-1,2015-08-26,1 23 30 32 46 48,39,false
powerball,2015-08-28,10 16 18 20 31,17,false
lotto,2015-08-29,14 28 31 32 36 46,3,false
lotto-plus-1,2015-08-29,2 10 16 24 42 49,41,false
powerball,2015-09-01,23 30 31 44 45,7,false
lotto,2015-09-02,3 4 6 8 23 39,18,false
lotto-plus-1,2015-09-02,1 24 32 33 34 49,7,false
powerball,2015-09-04,1 25 29 43 44,13,false
lotto,2015-09-05,1 2 8 18 19 42,10,false
lotto-plus-1,2015-09-05,5 7 17 32 40 44,41,false
powerball,2015-09-08,1 12 13 14 23,20,false
lotto,2015-09-09,7 9 23 37 41 45,31,false
lotto-plus-1,2015-09-09,6 15 23 27 31 48,34,false
powerball,2015-09-11,2 6 22 23 41,9,false
lotto,2015-09-12,2 7 21 42 43 47,48,false
lotto-plus-1,2015-09-12,13 18 31 36 42 48,34,false
powerball,2015-09-15,5 19 21 42 43,17,false
lotto,2015-09-16,3 5 7 13 38 47,28,false
lotto-plus-1,2015-09-16,6 12 15 35 44 45,46,false
powerball,2015-09-18,5 17 25 40 45,6,false
lotto,2015-09-19,1 2 9 19 33 39,16,false
lotto-plus-1,2015-09-19,12 16 19 21 32 42,30,false
powerball,2015-09-22,2 21 22 25 31,19,false
lotto,2015-09-23,8 14 23 28 35 46,17,false
lotto-plus-1,2015-09-23,8 26 32 40 42 47,43,false
powerball,2015-09-25,14 20 21 26 32,12,false
lotto,2015-09-26,9 28 32 37 39 46,42,false
lotto-plus-1,2015-09-26,2 10 22 26 42 49,27,false
powerball,2015-09-29,10 11 12 24 35,19,false
lotto,2015-09-30,3 4 40 44 46 49,1,false
lotto-plus-1,2015-09-30,2 22 24 27 29 31,19,false
powerball,2015-10-02,6 9 14 32 43,1,false
lotto,2015-10-03,2 16 29 41 44 48,23,false
lotto-plus-1,2015-10-03,1 10 28 41 48 49,45,false
powerball,2015-10-06,24 35 38 42 44,9,false
lotto,2015-10-07,1 8 24 31 43 46,25,false
lotto-plus-1,2015-10-07,4 9 13 23 30 35,43,false
powerball,2015-10-09,14 17 32 41 43,5,false
lotto,2015-10-10,1 2 19 30 34 45,40,false
lotto-plus-1,2015-10-10,8 9 18 20 27 39,31,false
powerball,2015-10-13,7 11 14 23 34,3,false
lotto,2015-10-14,5 12 19 32 37 42,25,false
lotto-plus-1,2015-10-14,11 15 19 40 41 47,17,false
powerball,2015-10-16,28 34 41 42 45,8,false
lotto,2015-10-17,8 17 22 34 38 47,10,false
lotto-plus-1,2015-10-17,8 25 27 37 42 46,41,false
powerball,2015-10-20,13 14 17 35 44,6,false
lotto,2015-10-21,13 14 20 30 33 38,3,false
lotto-plus-1,2015-10-21,1 14 22 23 40 42,41,false
powerball,2015-10-23,1 5 27 33 37,10,false
lotto,2015-10-24,5 11 28 29 31 40,46,false
lotto-plus-1,2015-10-24,9 26 28 39 41 49,20,false
powerball,2015-10-27,5 13 18 27 41,3,false
lotto,2015-10-28,16 23 31 42 46 47,4,false
lotto-plus-1,2015-10-28,4 11 21 24 25 46,10,false
powerball,2015-10-30,3 6 18 40 44,12,false
lotto,2015-10-31,1 20 24 30 39 44,26,false
lotto-plus-1,2015-10-31,2 3 6 23 31 47,22,false
powerball,2015-11-03,1 7 10 37 45,3,false
lotto,2015-11-04,29 31 36 38 39 40,6,false
lotto-plus-1,2015-11-04,6 17 39 43 45 46,5,false
powerball,2015-11-06,19 24 30 40 42,10,false
lotto,2015-11-07,1 3 4 7 16 20,5,false
lotto-plus-1,2015-11-07,7 11 14 21 40 43,32,false
powerball,2015-11-10,6 21 22 28 43,2,false
lotto,2015-11-11,2 14 20 21 25 37,24,false
lotto-plus-1,2015-11-11,12 17 18 24 30 44,26,false
powerball,2015-11-13,2 11 16 31 45,20,false
lotto,2015-11-14,4 5 8 11 38 44,31,false
lotto-plus-1,2015-11-14,1 8 25 32 34 38,24,false
powerball,2015-11-17,17 29 35 38 40,13,false
lotto,2015-11-18,3 14 27 30 38 41,22,false
lotto-plus-1,2015-11-18,18 26 28 30 32 36,31,false
powerball,2015-11-20,10 16 29 37 41,7,false
lotto,2015-11-21,4 6 8 9 29 42,46,false
lotto-plus-1,2015-11-21,6 15 22 41 43 47,12,false
powerball,2015-11-24,30 33 34 44 45,8,false
lotto,2015-11-25,5 14 23 34 43 44,8,false
lotto-plus-1,2015-11-25,3 8 9 14 21 46,48,false
powerball,2015-11-27,1 19 28 42 44,18,false
lotto,2015-11-28,4 9 20 23 26 47,32,false
lotto-plus-1,2015-11-28,2 5 23 31 32 40,26,false
powerball,2015-12-01,4 10 18 23 34,1,false
powerball-plus,2015-12-01,6 10 13 20 44,15,false
lotto,2015-12-02,25 33 34 36 40 43,35,false
lotto-plus-1,2015-12-02,17 21 25 31 32 33,45,false
powerball,2015-12-04,7 18 34 35 41,1,false
powerball-plus,2015-12-04,2 3 25 41 43,19,false
lotto,2015-12-05,5 8 16 19 39 43,13,false
lotto-plus-1,2015-12-05,1 23 34 39 44 45,35,false
powerball,2015-12-08,7 10 12 24 26,7,false
powerball-plus,2015-12-08,1 10 19 29 34,1,false
lotto,2015-12-09,4 14 32 34 39 41,45,false
lotto-plus-1,2015-12-09,10 28 29 31 33 40,46,false
powerball,2015-12-11,1 3 5 11 38,13,false
powerball-plus,2015-12-11,4 6 33 43 44,13,false
lotto,2015-12-12,11 29 31 43 46 48,12,false
lotto-plus-1,2015-12-12,4 9 15 19 22 25,26,false
powerball,2015-12-15,4 11 18 20 42,12,false
powerball-plus,2015-12-15,1 7 25 37 41,20,false
lotto,2015-12-16,2 7 15 17 27 30,49,false
lotto-plus-1,2015-12-16,12 22 23 40 42 45,25,false
powerball,2015-12-18,3 35 40 43 45,5,false
powerball-plus,2015-12-18,3 5 14 21 41,5,false
lotto,2015-12-19,5 15 20 22 38 49,13,false
lotto-plus-1,2015-12-19,2 10 17 20 34 47,9,false
powerball,2015-12-22,3 8 16 38 43,9,false
powerball-plus,2015-12-22,14 15 26 32 43,15,false
lotto,2015-12-23,1 10 15 30 32 39,42,false
lotto-plus-1,2015-12-23,2 6 31 43 45 47,34,false
lotto,2015-12-26,9 24 40 41 42 45,32,false
lotto-plus-1,2015-12-26,10 14 27 32 33 45,28,false
powerball,2015-12-29,5 7 14 25 30,3,false
powerball-plus,2015-12-29,4 10 20 31 35,14,false
lotto,2015-12-30,2 3 23 29 45 48,9,false
lotto-plus-1,2015-12-30,4 6 15 21 35 44,43,false
powerball,2016-01-01,13 17 24 34 40,18,false
powerball-plus,2016-01-01,3 9 26 29 41,16,false
lotto,2016-01-02,3 5 8 36 39 45,44,false
lotto-plus-1,2016-01-02,14 22 24 28 31 33,29,false
powerball,2016-01-05,24 29 38 39 45,18,false
powerball-plus,2016-01-05,5 7 23 26 35,3,false
lotto,2016-01-06,9 14 19 28 43 44,49,false
lotto-plus-1,2016-01-06,11 33 36 39 40 46,19,false
powerball,2016-01-08,15 17 38 39 43,11,false
powerball-plus,2016-01-08,8 11 41 42 43,19,false
lotto,2016-01-09,2 31 38 42 46 47,27,false
lotto-plus-1,2016-01-09,6 7 22 24 28 42,30,false
powerball,2016-01-12,10 16 27 29 36,13,false
powerball-plus,2016-01-12,3 5 9 38 39,7,false
lotto,2016-01-13,3 8 9 24 44 47,37,false
lotto-plus-1,2016-01-13,1 6 14 22 27 48,23,false
powerball,2016-01-15,4 9 19 31 32,1,false
powerball-plus,2016-01-15,3 12 16 29 43,18,false
lotto,2016-01-16,6 8 18 25 37 47,20,false
lotto-plus-1,2016-01-16,3 7 18 19 39 48,44,false
powerball,2016-01-19,1 4 9 35 39,5,false
powerball-plus,2016-01-19,6 10 31 38 44,4,false
lotto,2016-01-20,1 2 3 11 37 43,6,false
lotto-plus-1,2016-01-20,20 29 42 43 44 46,4,false
powerball,2016-01-22,1 5 15 23 43,11,false
powerball-plus,2016-01-22,21 23 29 34 42,20,false
lotto,2016-01-23,6 10 16 23 30 44,12,false
lotto-plus-1,2016-01-23,4 8 11 14 40 47,24,false
powerball,2016-01-26,3 12 16 27 37,12,false
powerball-plus,2016-01-26,3 5 19 29 32,19,false
lotto,2016-01-27,8 13 20 26 37 43,32,false
lotto-plus-1,2016-01-27,13 14 15 19 22 35,10,false
powerball,2016-01-29,5 14 20 24 28,5,false
powerball-plus,2016-01-29,7 17 20 26 43,17,false
lotto,2016-01-30,5 9 16 23 27 35,15,false
lotto-plus-1,2016-01-30,6 15 18 19 33 37,1,false
powerball,2016-02-02,7 8 32 35 44,9,false
powerball-plus,2016-02-02,25 26 35 42 44,4,false
lotto,2016-02-03,6 9 18 20 32 49,26,false
lotto-plus-1,2016-02-03,1 7 9 16 30 47,34,false
powerball,2016-02-05,6 15 16 31 40,9,false
powerball-plus,2016-02-05,2 7 29 37 45,3,false
lotto,2016-02-06,1 17 31 37 41 47,18,false
lotto-plus-1,2016-02-06,5 8 16 24 36 44,47,false
powerball,2016-02-09,14 21 41 42 43,4,false
powerball-plus,2016-02-09,12 15 42 44 45,11,false
lotto,2016-02-10,1 25 33 40 46 49,43,false
lotto-plus-1,2016-02-10,10 16 20 23 27 28,21,false
powerball,2016-02-12,9 32 40 42 44,19,false
powerball-plus,2016-02-12,13 23 24 42 44,7,false
lotto,2016-02-13,4 17 21 30 31 37,39,false
lotto-plus-1,2016-02-13,6 13 27 38 39 43,40,false
powerball,2016-02-16,5 9 11 14 42,7,false
powerball-plus,2016-02-16,6 11 23 33 34,11,false
lotto,2016-02-17,6 14 16 19 25 40,22,false
lotto-plus-1,2016-02-17,2 8 19 21 28 33,7,false
powerball,2016-02-19,12 14 15 23 41,18,false
powerball-plus,2016-02-19,6 22 28 31 41,19,false
lotto,2016-02-20,7 20 24 35 37 48,43,false
lotto-plus-1,2016-02-20,6 9 19 28 36 41,38,false
powerball,2016-02-23,3 15 16 23 24,3,false
powerball-plus,2016-02-23,1 3 7 27 41,2,false
lotto,2016-02-24,4 5 11 15 26 41,49,false
lotto-plus-1,2016-02-24,14 17 29 33 35 38,12,false
powerball,2016-02-26,5 12 35 36 38,17,false
powerball-plus,2016-02-26,2 8 28 39 41,3,false
lotto,2016-02-27,2 14 35 43 44 47,6,false
lotto-plus-1,2016-02-27,11 17 35 37 39 41,16,false
powerball,2016-03-01,4 8 15 17 27,1,false
powerball-plus,2016-03-01,7 17 24 40 41,9,false
lotto,2016-03-02,18 23 27 30 36 37,14,false
lotto-plus-1,2016-03-02,7 10 16 27 29 37,23,false
powerball,2016-03-04,1 6 30 40 43,6,false
powerball-plus,2016-03-04,15 18 24 30 39,16,false
lotto,2016-03-05,3 15 21 35 38 48,43,false
lotto-plus-1,2016-03-05,2 6 24 27 32 41,21,false
powerball,2016-03-08,2 6 15 26 39,12,false
powerball-plus,2016-03-08,14 25 32 37 41,19,false
lotto,2016-03-09,9 29 35 41 45 48,25,false
lotto-plus-1,2016-03-09,3 9 22 23 32 35,33,false
powerball,2016-03-11,1 2 3 13 34,11,false
powerball-plus,2016-03-11,10 16 19 25 40,10,false
lotto,2016-03-12,4 15 22 26 30 39,6,false
lotto-plus-1,2016-03-12,7 15 17 40 45 48,29,false
powerball,2016-03-15,4 7 32 41 44,11,false
powerball-plus,2016-03-15,20 34 38 39 43,17,false
lotto,2016-03-16,15 30 32 37 46 47,40,false
lotto-plus-1,2016-03-16,3 9 13 24 31 44,4,false
powerball,2016-03-18,14 17 26 32 33,14,false
powerball-plus,2016-03-18,1 17 30 34 37,20,false
lotto,2016-03-19,5 9 31 40 42 48,17,false
lotto-plus-1,2016-03-19,10 19 24 40 46 47,14,false
powerball,2016-03-22,11 13 23 42 43,4,false
powerball-plus,2016-03-22,6 19 28 34 42,9,false
lotto,2016-03-23,10 17 20 24 46 48,9,false
lotto-plus-1,2016-03-23,10 11 14 25 28 31,21,false
powerball,2016-03-25,1 7 12 21 33,2,false
powerball-plus,2016-03-25,1 6 11 30 42,11,false
lotto,2016-03-26,1 17 23 27 31 41,9,false
lotto-plus-1,2016-03-26,9 10 17 30 43 46,14,false
powerball,2016-03-29,4 28 37 40 45,14,false
powerball-plus,2016-03-29,6 8 23 29 45,2,false
lotto,2016-03-30,5 10 22 34 38 39,32,false
lotto-plus-1,2016-03-30,1 22 24 27 39 43,19,false
powerball,2016-04-01,11 15 31 37 43,11,false
powerball-plus,2016-04-01,6 27 33 41 45,6,false
lotto,2016-04-02,1 6 16 28 39 42,43,false
lotto-plus-1,2016-04-02,7 13 19 34 39 40,23,false
powerball,2016-04-05,4 24 27 36 40,8,false
powerball-plus,2016-04-05,2 4 17 26 45,16,false
lotto,2016-04-06,11 12 16 20 21 47,6,false
lotto-plus-1,2016-04-06,8 12 37 40 42 45,9,false
powerball,2016-04-08,24 28 34 35 43,13,false
powerball-plus,2016-04-08,13 21 31 34 39,6,false
lotto,2016-04-09,13 17 25 27 30 31,4,false
lotto-plus-1,2016-04-09,2 4 6 27 31 34,14,false
powerball,2016-04-12,2 16 18 20 24,16,false
lotto,2016-04-13,2 7 11 18 20 38,40,false
lotto-plus-1,2016-04-13,2 14 25 35 38 47,7,false
powerball,2016-04-15,20 29 33 37 38,6,false
powerball-plus,2016-04-15,5 23 34 38 45,10,false
lotto,2016-04-16,7 17 18 23 31 34,44,false
lotto-plus-1,2016-04-16,6 10 27 30 41 42,37,false
powerball,2016-04-19,10 11 12 32 33,17,false
powerball-plus,2016-04-19,12 17 28 30 37,5,false
lotto,2016-04-20,2 4 6 13 17 23,38,false
lotto-plus-1,2016-04-20,9 11 15 30 40 48,25,false
powerball,2016-04-22,1 4 12 18 29,16,false
powerball-plus,2016-04-22,1 11 25 26 37,20,false
lotto,2016-04-23,1 8 18 26 31 33,32,false
lotto-plus-1,2016-04-23,1 4 10 15 24 37,7,false
powerball,2016-04-26,1 3 16 19 31,13,false
powerball-plus,2016-04-26,10 20 26 30 32,6,false
lotto,2016-04-27,1 3 8 14 26 39,16,false
lotto-plus-1,2016-04-27,16 28 30 35 36 42,12,false
powerball,2016-04-29,3 11 22 35 41,9,false
powerball-plus,2016-04-29,1 6 8 42 45,8,false
lotto,2016-04-30,12 19 28 40 41 45,14,false
lotto-plus-1,2016-04-30,2 5 20 27 29 45,8,false
powerball,2016-05-03,1 15 23 32 41,11,false
powerball-plus,2016-05-03,3 25 31 36 45,20,false
lotto,2016-05-04,18 21 23 24 32 35,41,false
lotto-plus-1,2016-05-04,5 11 16 21 22 27,12,false
powerball,2016-05-06,3 13 24 41 44,5,false
powerball-plus,2016-05-06,5 12 16 17 23,1,false
lotto,2016-05-07,2 3 19 30 36 45,12,false
lotto-plus-1,2016-05-07,1 11 12 26 28 34,36,false
powerball,2016-05-10,5 20 26 27 33,18,false
powerball-plus,2016-05-10,7 11 13 34 42,16,false
lotto,2016-05-11,8 10 14 40 41 44,47,false
lotto-plus-1,2016-05-11,1 11 12 13 27 38,6,false
powerball,2016-05-13,3 5 23 29 37,20,false
powerball-plus,2016-05-13,4 24 37 39 43,18,false
lotto,2016-05-14,6 13 34 38 44 48,31,false
lotto-plus-1,2016-05-14,18 22 27 32 36 39,38,false
powerball,2016-05-17,8 15 17 24 30,18,false
powerball-plus,2016-05-17,18 22 28 29 31,4,false
lotto,2016-05-18,4 13 32 33 38 49,43,false
lotto-plus-1,2016-05-18,10 19 26 35 39 49,41,false
powerball,2016-05-20,21 29 32 36 43,3,false
powerball-plus,2016-05-20,4 15 29 38 45,7,false
lotto,2016-05-21,1 10 14 30 41 44,46,false
lotto-plus-1,2016-05-21,13 18 24 33 35 46,23,false
powerball,2016-05-24,8 12 23 24 31,15,false
powerball-plus,2016-05-24,2 10 25 26 45,18,false
lotto,2016-05-25,4 12 13 20 44 48,43,false
lotto-plus-1,2016-05-25,2 30 33 36 38 40,44,false
powerball,2016-05-27,7 15 24 28 29,2,false
powerball-plus,2016-05-27,7 24 26 38 41,8,false
lotto,2016-05-28,1 5 20 23 47 49,41,false
lotto-plus-1,2016-05-28,4 7 21 22 24 31,27,false
powerball,2016-05-31,3 28 38 39 42,16,false
powerball-plus,2016-05-31,3 11 21 22 27,17,false
lotto,2016-06-01,14 24 31 40 42 47,15,false
lotto-plus-1,2016-06-01,6 11 13 23 25 26,30,false
powerball,2016-06-03,7 14 20 37 43,12,false
powerball-plus,2016-06-03,9 10 16 20 44,13,false
lotto,2016-06-04,1 11 17 26 27 42,16,false
lotto-plus-1,2016-06-04,12 23 27 29 32 39,41,false
powerball,2016-06-07,3 4 11 23 37,17,false
powerball-plus,2016-06-07,1 2 14 20 29,13,false
lotto,2016-06-08,1 4 25 27 45 48,19,false
lotto-plus-1,2016-06-08,5 8 19 26 39 47,22,false
powerball,2016-06-10,3 6 17 21 27,10,false
powerball-plus,2016-06-10,10 23 39 43 45,18,false
lotto,2016-06-11,6 7 8 12 27 30,39,false
lotto-plus-1,2016-06-11,6 11 21 37 39 45,12,false
powerball,2016-06-14,20 24 40 44 45,17,false
powerball-plus,2016-06-14,4 7 17 40 43,1,false
lotto,2016-06-15,6 23 26 29 32 47,19,false
lotto-plus-1,2016-06-15,25 27 30 33 48 49,6,false
powerball,2016-06-17,7 9 23 39 45,10,false
powerball-plus,2016-06-17,2 6 22 27 28,13,false
lotto,2016-06-18,3 6 15 28 35 49,12,false
lotto-plus-1,2016-06-18,5 6 8 17 30 45,49,false
powerball,2016-06-21,3 13 22 26 43,18,false
powerball-plus,2016-06-21,3 18 21 32 43,9,false
lotto,2016-06-22,7 17 19 35 36 42,32,false
lotto-plus-1,2016-06-22,13 17 32 42 43 46,3,false
powerball,2016-06-24,1 7 9 21 43,9,false
powerball-plus,2016-06-24,16 20 33 34 41,2,false
lotto,2016-06-25,4 15 20 28 44 46,26,false
lotto-plus-1,2016-06-25,2 13 22 28 43 46,25,false
powerball,2016-06-28,4 5 7 10 34,16,false
powerball-plus,2016-06-28,26 30 34 41 44,11,false
lotto,2016-06-29,9 13 25 36 46 47,42,false
lotto-plus-1,2016-06-29,1 22 23 27 37 44,45,false
powerball,2016-07-01,17 20 22 27 41,18,false
powerball-plus,2016-07-01,23 25 35 37 41,11,false
lotto,2016-07-02,3 4 23 24 33 40,37,false
lotto-plus-1,2016-07-02,7 8 15 19 33 43,24,false
powerball,2016-07-05,9 17 19 29 42,15,false
powerball-plus,2016-07-05,17 25 29 40 45,6,false
lotto,2016-07-06,3 11 14 16 21 22,5,false
lotto-plus-1,2016-07-06,2 9 19 29 32 40,7,false
powerball,2016-07-08,1 12 26 36 37,3,false
powerball-plus,2016-07-08,1 12 13 21 42,16,false
lotto,2016-07-09,12 15 16 21 34 40,23,false
lotto-plus-1,2016-07-09,3 5 8 26 29 47,13,false
powerball,2016-07-12,4 12 23 31 41,5,false
powerball-plus,2016-07-12,1 12 18 19 42,17,false
lotto,2016-07-13,4 11 32 39 45 47,25,false
lotto-plus-1,2016-07-13,14 27 34 39 43 44,22,false
powerball,2016-07-15,2 14 31 34 37,12,false
powerball-plus,2016-07-15,5 21 31 33 41,10,false
lotto,2016-07-16,4 7 31 34 37 48,22,false
lotto-plus-1,2016-07-16,2 7 18 26 29 41,6,false
powerball,2016-07-19,2 31 34 38 39,5,false
powerball-plus,2016-07-19,5 6 16 30 40,5,false
lotto,2016-07-20,13 24 27 36 48 49,17,false
lotto-plus-1,2016-07-20,6 8 25 32 33 45,49,false
powerball,2016-07-22,1 7 16 28 35,3,false
powerball-plus,2016-07-22,3 26 28 40 44,7,false
lotto,2016-07-23,5 16 24 36 38 41,4,false
lotto-plus-1,2016-07-23,14 17 25 29 33 34,2,false
powerball,2016-07-26,1 6 16 22 25,13,false
powerball-plus,2016-07-26,6 10 29 35 42,10,false
lotto,2016-07-27,2 19 22 28 40 45,1,false
lotto-plus-1,2016-07-27,11 17 19 35 42 49,34,false
powerball,2016-07-29,4 12 31 41 42,19,false
powerball-plus,2016-07-29,1 9 21 30 35,8,false
lotto,2016-07-30,28 29 30 34 43 49,40,false
lotto-plus-1,2016-07-30,8 25 27 35 39 43,26,false
powerball,2016-08-02,8 11 14 30 42,8,false
powerball-plus,2016-08-02,10 14 27 28 45,2,false
lotto,2016-08-03,7 8 11 20 43 44,28,false
lotto-plus-1,2016-08-03,7 18 32 35 38 47,10,false
powerball,2016-08-05,3 21 34 37 40,20,false
powerball-plus,2016-08-05,3 12 20 26 39,1,false
lotto,2016-08-06,1 8 11 14 40 48,16,false
lotto-plus-1,2016-08-06,8 11 13 19 48 49,46,false
powerball,2016-08-09,5 13 17 24 36,18,false
powerball-plus,2016-08-09,24 27 28 37 41,17,false
lotto,2016-08-10,3 30 35 37 41 45,24,false
lotto-plus-1,2016-08-10,5 33 38 39 43 48,32,false
powerball,2016-08-12,10 15 35 38 39,13,false
powerball-plus,2016-08-12,4 5 16 38 41,17,false
lotto,2016-08-13,4 9 14 17 20 24,12,false
lotto-plus-1,2016-08-13,12 15 16 21 25 48,18,false
powerball,2016-08-16,7 8 16 30 44,14,false
powerball-plus,2016-08-16,7 13 16 38 40,19,false
lotto,2016-08-17,5 16 22 23 29 43,10,false
lotto-plus-1,2016-08-17,1 8 9 25 26 38,11,false
powerball,2016-08-19,6 18 32 33 36,4,false
powerball-plus,2016-08-19,8 12 26 33 37,11,false
lotto,2016-08-20,15 24 34 43 46 48,39,false
lotto-plus-1,2016-08-20,7 10 21 25 27 34,46,false
powerball,2016-08-23,9 13 19 26 43,8,false
powerball-plus,2016-08-23,2 3 23 28 33,18,false
lotto,2016-08-24,2 7 9 13 29 40,45,false
lotto-plus-1,2016-08-24,14 22 33 41 42 44,16,false
powerball,2016-08-26,2 12 14 32 42,8,false
powerball-plus,2016-08-26,5 9 16 32 37,11,false
lotto,2016-08-27,7 11 20 22 25 27,10,false
lotto-plus-1,2016-08-27,4 17 21 25 31 40,3,false
powerball,2016-08-30,4 9 14 18 34,10,false
powerball-plus,2016-08-30,1 5 10 38 42,20,false
lotto,2016-08-31,1 16 19 27 38 43,31,false
lotto-plus-1,2016-08-31,10 16 38 44 45 49,46,false
powerball,2016-09-02,20 23 30 38 41,10,false
powerball-plus,2016-09-02,9 17 19 29 35,19,false
lotto,2016-09-03,8 10 15 22 29 42,16,false
lotto-plus-1,2016-09-03,1 5 28 36 38 49,24,false
powerball,2016-09-06,4 18 39 43 44,12,false
powerball-plus,2016-09-06,3 15 26 33 40,5,false
lotto,2016-09-07,6 9 24 43 44 49,46,false
lotto-plus-1,2016-09-07,4 7 24 29 40 43,23,false
powerball,2016-09-09,2 18 35 37 41,15,false
powerball-plus,2016-09-09,7 8 22 34 36,13,false
lotto,2016-09-10,2 7 10 26 38 48,17,false
lotto-plus-1,2016-09-10,2 6 18 27 31 34,25,false
powerball,2016-09-13,1 5 16 21 40,2,false
powerball-plus,2016-09-13,21 22 24 38 39,2,false
lotto,2016-09-14,8 16 18 24 45 47,22,false
lotto-plus-1,2016-09-14,2 4 23 24 33 49,34,false
powerball,2016-09-16,1 12 33 34 37,16,false
powerball-plus,2016-09-16,4 9 19 27 34,12,false
lotto,2016-09-17,2 8 11 12 16 25,6,false
lotto-plus-1,2016-09-17,6 9 14 28 32 35,19,false
powerball,2016-09-20,2 18 29 32 44,20,false
powerball-plus,2016-09-20,5 10 18 19 43,7,false
lotto,2016-09-21,22 23 28 37 46 48,11,false
lotto-plus-1,2016-09-21,1 4 10 29 31 48,33,false
powerball,2016-09-23,3 11 30 32 37,3,false
powerball-plus,2016-09-23,3 7 21 37 41,9,false
lotto,2016-09-24,8 10 17 20 33 35,49,false
lotto-plus-1,2016-09-24,4 23 24 27 29 42,22,false
powerball,2016-09-27,3 11 34 37 45,15,false
powerball-plus,2016-09-27,1 3 5 31 34,12,false
lotto,2016-09-28,9 16 23 30 31 45,19,false
lotto-plus-1,2016-09-28,8 11 12 16 30 44,18,false
powerball,2016-09-30,5 15 16 25 36,16,false
powerball-plus,2016-09-30,1 11 32 37 40,4,false
lotto,2016-10-01,3 4 26 32 37 39,35,false
lotto-plus-1,2016-10-01,7 12 28 40 46 49,47,false
powerball,2016-10-04,4 16 18 25 30,6,false
powerball-plus,2016-10-04,18 21 30 34 39,6,false
lotto,2016-10-05,7 15 17 25 31 40,47,false
lotto-plus-1,2016-10-05,7 15 24 26 33 37,43,false
powerball,2016-10-07,2 14 24 34 45,7,false
powerball-plus,2016-10-07,7 34 37 42 45,3,false
lotto,2016-10-08,1 14 38 39 40 48,45,false
lotto-plus-1,2016-10-08,8 9 21 38 39 48,43,false
powerball,2016-10-11,15 23 24 26 36,19,false
powerball-plus,2016-10-11,4 21 27 30 43,19,false
lotto,2016-10-12,5 14 18 32 36 48,23,false
lotto-plus-1,2016-10-12,1 9 13 17 23 42,21,false
powerball,2016-10-14,4 12 31 38 40,3,false
powerball-plus,2016-10-14,6 12 30 35 45,1,false
lotto,2016-10-15,8 17 22 23 34 49,37,false
lotto-plus-1,2016-10-15,14 22 32 33 37 44,47,false
powerball,2016-10-18,7 19 35 41 44,16,false
powerball-plus,2016-10-18,25 32 33 36 40,11,false
lotto,2016-10-19,1 23 26 39 41 45,34,false
lotto-plus-1,2016-10-19,7 23 25 36 41 48,33,false
powerball,2016-10-21,8 15 20 22 29,19,false
powerball-plus,2016-10-21,6 9 24 28 43,14,false
lotto,2016-10-22,1 5 27 29 34 42,14,false
lotto-plus-1,2016-10-22,2 3 7 9 19 29,35,false
powerball,2016-10-25,8 24 27 30 43,14,false
powerball-plus,2016-10-25,9 17 20 22 23,4,false
lotto,2016-10-26,23 27 29 32 43 49,9,false
lotto-plus-1,2016-10-26,11 17 28 39 45 46,21,false
powerball,2016-10-28,9 10 18 25 36,3,false
powerball-plus,2016-10-28,5 8 17 37 42,15,false
lotto,2016-10-29,11 17 33 40 41 47,18,false
lotto-plus-1,2016-10-29,10 11 19 23 28 37,46,false
powerball,2016-11-01,24 25 26 37 44,12,false
powerball-plus,2016-11-01,4 30 35 38 45,18,false
lotto,2016-11-02,4 19 23 26 38 41,48,false
lotto-plus-1,2016-11-02,13 21 23 33 35 39,28,false
powerball,2016-11-04,5 14 23 31 36,19,false
powerball-plus,2016-11-04,12 17 19 38 42,12,false
lotto,2016-11-05,11 29 30 36 37 38,10,false
lotto-plus-1,2016-11-05,1 18 30 32 35 49,6,false
powerball,2016-11-08,5 30 40 43 44,2,false
powerball-plus,2016-11-08,4 11 13 31 43,3,false
lotto,2016-11-09,6 10 11 38 39 43,1,false
lotto-plus-1,2016-11-09,8 10 12 15 26 42,32,false
powerball,2016-11-11,1 3 20 35 36,12,false
powerball-plus,2016-11-11,5 14 27 39 40,19,false
lotto,2016-11-12,4 9 18 35 40 44,48,false
lotto-plus-1,2016-11-12,14 22 27 37 48 49,4,false
powerball,2016-11-15,11 17 23 42 45,13,false
powerball-plus,2016-11-15,10 14 22 24 31,12,false
lotto,2016-11-16,8 11 24 25 36 46,47,false
lotto-plus-1,2016-11-16,19 20 34 36 41 46,47,false
powerball,2016-11-18,2 7 12 18 21,10,false
powerball-plus,2016-11-18,8 12 14 30 36,19,false
lotto,2016-11-19,7 13 20 25 32 43,14,false
lotto-plus-1,2016-11-19,7 12 27 32 35 43,22,false
powerball,2016-11-22,17 18 19 25 36,13,false
powerball-plus,2016-11-22,7 13 29 32 34,14,false
lotto,2016-11-23,1 5 38 39 40 41,12,false
lotto-plus-1,2016-11-23,1 6 12 28 33 36,4,false
powerball,2016-11-25,5 21 22 28 33,18,false
powerball-plus,2016-11-25,6 7 17 27 43,6,false
lotto,2016-11-26,7 9 22 24 43 48,23,false
lotto-plus-1,2016-11-26,11 14 15 20 22 35,1,false
powerball,2016-11-29,4 9 22 31 41,12,false
powerball-plus,2016-11-29,10 16 29 33 36,17,false
lotto,2016-11-30,3 5 7 10 23 32,38,false
lotto-plus-1,2016-11-30,4 11 22 25 38 43,19,false
powerball,2016-12-02,1 11 24 28 42,9,false
powerball-plus,2016-12-02,3 9 12 20 37,7,false
lotto,2016-12-03,2 18 21 27 39 46,41,false
lotto-plus-1,2016-12-03,4 16 24 37 41 42,25,false
powerball,2016-12-06,1 24 29 33 38,20,false
powerball-plus,2016-12-06,5 24 25 28 45,19,false
lotto,2016-12-07,1 13 23 29 31 39,14,false
lotto-plus-1,2016-12-07,1 7 9 15 25 28,46,false
powerball,2016-12-09,1 2 8 10 14,9,false
powerball-plus,2016-12-09,2 4 5 8 23,12,false
lotto,2016-12-10,3 12 15 34 43 46,32,false
lotto-plus-1,2016-12-10,2 7 8 24 27 45,29,false
powerball,2016-12-13,7 8 23 26 33,16,false
powerball-plus,2016-12-13,7 17 20 24 43,3,false
lotto,2016-12-14,8 9 20 21 27 39,32,false
lotto-plus-1,2016-12-14,11 14 27 30 40 45,13,false
powerball,2016-12-16,8 15 26 28 35,10,false
powerball-plus,2016-12-16,1 3 23 24 27,1,false
lotto,2016-12-17,12 22 34 38 40 47,9,false
lotto-plus-1,2016-12-17,1 3 29 34 36 46,21,false
powerball,2016-12-20,1 9 17 20 23,12,false
powerball-plus,2016-12-20,18 23 26 34 43,9,false
lotto,2016-12-21,11 29 33 34 36 40,16,false
lotto-plus-1,2016-12-21,15 17 31 32 36 43,42,false
powerball,2016-12-23,1 4 6 11 16,2,false
powerball-plus,2016-12-23,3 22 37 38 42,19,false
lotto,2016-12-24,11 14 23 30 32 33,39,false
lotto-plus-1,2016-12-24,5 15 22 29 44 48,24,false
powerball,2016-12-27,8 16 20 21 36,4,false
powerball-plus,2016-12-27,10 13 16 29 45,16,false
lotto,2016-12-28,4 27 39 43 45 49,47,false
lotto-plus-1,2016-12-28,5 8 14 17 33 43,9,false
powerball,2016-12-30,14 31 33 42 44,15,false
powerball-plus,2016-12-30,9 18 20 32 38,4,false
lotto,2016-12-31,9 13 21 24 48 49,36,false
lotto-plus-1,2016-12-31,12 15 25 36 37 47,13,false
powerball,2017-01-03,6 16 26 29 31,8,false
powerball-plus,2017-01-03,1 9 24 30 34,15,false
lotto,2017-01-04,5 6 20 29 41 43,15,false
lotto-plus-1,2017-01-04,10 16 17 26 32 40,28,false
powerball,2017-01-06,11 14 30 40 42,9,false
powerball-plus,2017-01-06,1 4 13 36 44,5,false
lotto,2017-01-07,14 27 28 30 33 49,12,false
lotto-plus-1,2017-01-07,4 10 26 28 31 45,17,false
powerball,2017-01-10,6 20 25 28 31,10,false
powerball-plus,2017-01-10,9 11 13 20 31,20,false
lotto,2017-01-11,6 10 30 36 46 47,31,false
lotto-plus-1,2017-01-11,25 30 31 33 38 39,27,false
powerball,2017-01-13,14 20 21 26 38,18,false
powerball-plus,2017-01-13,9 11 20 33 43,5,false
lotto,2017-01-14,3 14 16 26 30 35,7,false
lotto-plus-1,2017-01-14,10 13 17 19 20 27,3,false
powerball,2017-01-17,12 29 35 36 41,10,false
powerball-plus,2017-01-17,4 17 25 34 43,6,false
lotto,2017-01-18,4 12 23 27 28 32,33,false
lotto-plus-1,2017-01-18,16 27 29 31 33 35,36,false
powerball,2017-01-20,5 7 17 23 41,6,false
powerball-plus,2017-01-20,2 7 8 17 23,11,false
lotto,2017-01-21,9 19 31 35 36 41,13,false
lotto-plus-1,2017-01-21,13 16 19 43 46 47,37,false
powerball,2017-01-24,7 19 33 35 39,5,false
powerball-plus,2017-01-24,17 19 27 31 45,13,false
lotto,2017-01-25,1 2 16 17 19 34,45,false
lotto-plus-1,2017-01-25,10 20 26 28 29 32,40,false
powerball,2017-01-27,4 5 16 28 30,10,false
powerball-plus,2017-01-27,9 27 28 31 34,9,false
lotto,2017-01-28,10 13 14 18 30 31,49,false
lotto-plus-1,2017-01-28,12 21 23 27 37 43,18,false
powerball,2017-01-31,2 9 31 40 45,3,false
powerball-plus,2017-01-31,1 6 20 35 39,19,false
lotto,2017-02-01,9 14 24 34 48 49,42,false
lotto-plus-1,2017-02-01,9 12 19 31 39 40,18,false
powerball,2017-02-03,20 22 37 39 43,17,false
powerball-plus,2017-02-03,25 26 28 30 38,19,false
lotto,2017-02-04,7 13 19 38 39 41,27,false
lotto-plus-1,2017-02-04,4 10 17 36 44 48,16,false
powerball,2017-02-07,7 16 18 30 39,2,false
powerball-plus,2017-02-07,5 27 30 33 41,20,false
lotto,2017-02-08,5 23 24 28 32 48,46,false
lotto-plus-1,2017-02-08,2 7 12 30 31 48,28,false
powerball,2017-02-10,1 12 21 24 42,5,false
powerball-plus,2017-02-10,12 15 16 33 41,16,false
lotto,2017-02-11,12 16 22 29 31 37,9,false
lotto-plus-1,2017-02-11,11 13 15 39 44 45,40,false
powerball,2017-02-14,5 12 14 39 42,17,false
powerball-plus,2017-02-14,10 13 17 39 43,20,false
lotto,2017-02-15,2 5 15 19 47 48,30,false
lotto-plus-1,2017-02-15,9 28 32 37 38 42,43,false
powerball,2017-02-17,9 20 23 39 42,6,false
powerball-plus,2017-02-17,12 24 27 36 44,1,false
lotto,2017-02-18,8 14 19 31 34 36,6,false
lotto-plus-1,2017-02-18,15 23 32 34 38 41,9,false
powerball,2017-02-21,9 11 14 29 37,5,false
powerball-plus,2017-02-21,5 9 27 29 43,13,false
lotto,2017-02-22,7 12 16 39 46 48,14,false
lotto-plus-1,2017-02-22,5 27 31 35 42 49,17,false
powerball,2017-02-24,6 9 20 30 38,11,false
powerball-plus,2017-02-24,5 16 23 26 33,14,false
lotto,2017-02-25,7 23 27 34 40 45,26,false
lotto-plus-1,2017-02-25,5 17 18 29 44 46,7,false
powerball,2017-02-28,9 15 20 42 45,5,false
powerball-plus,2017-02-28,4 11 13 34 38,16,false
lotto,2017-03-01,4 34 40 41 43 44,6,false
lotto-plus-1,2017-03-01,3 5 14 17 24 47,23,false
powerball,2017-03-03,1 19 24 34 41,16,false
powerball-plus,2017-03-03,4 11 23 27 29,12,false
lotto,2017-03-04,7 9 12 31 38 41,25,false
lotto-plus-1,2017-03-04,3 8 21 24 27 42,6,false
powerball,2017-03-07,6 10 14 35 44,5,false
powerball-plus,2017-03-07,1 3 23 27 33,17,false
lotto,2017-03-08,11 17 19 20 38 44,35,false
lotto-plus-1,2017-03-08,3 8 18 34 37 43,13,false
powerball,2017-03-10,11 20 24 28 33,2,false
powerball-plus,2017-03-10,11 19 29 30 31,10,false
lotto,2017-03-11,9 18 24 27 34 46,1,false
lotto-plus-1,2017-03-11,1 2 10 14 25 26,3,false
powerball,2017-03-14,11 19 31 33 36,10,false
powerball-plus,2017-03-14,11 25 33 37 41,1,false
lotto,2017-03-15,1 13 14 25 31 36,37,false
lotto-plus-1,2017-03-15,1 4 12 15 34 35,21,false
powerball,2017-03-17,6 15 20 31 37,8,false
powerball-plus,2017-03-17,6 10 11 13 17,11,false
lotto,2017-03-18,2 5 7 13 20 49,21,false
lotto-plus-1,2017-03-18,1 9 22 28 46 47,39,false
powerball,2017-03-21,7 9 10 33 34,14,false
powerball-plus,2017-03-21,5 7 15 17 27,17,false
lotto,2017-03-22,5 7 17 22 25 35,49,false
lotto-plus-1,2017-03-22,9 17 23 31 34 48,30,false
powerball,2017-03-24,1 3 5 13 15,11,false
powerball-plus,2017-03-24,17 25 29 36 41,14,false
lotto,2017-03-25,1 5 9 19 24 25,17,false
lotto-plus-1,2017-03-25,9 19 22 30 38 42,2,false
powerball,2017-03-28,2 6 7 22 27,3,false
powerball-plus,2017-03-28,4 5 21 22 29,16,false
lotto,2017-03-29,11 13 18 28 29 31,40,false
lotto-plus-1,2017-03-29,15 18 27 32 36 42,21,false
powerball,2017-03-31,9 11 20 22 36,13,false
powerball-plus,2017-03-31,9 13 34 39 42,8,false
lotto,2017-04-01,3 23 24 31 35 47,2,false
lotto-plus-1,2017-04-01,2 12 16 31 34 39,48,false
powerball,2017-04-04,10 19 28 33 34,1,false
powerball-plus,2017-04-04,11 30 32 40 42,20,false
lotto,2017-04-05,6 8 11 26 35 43,27,false
lotto-plus-1,2017-04-05,1 6 24 26 34 43,30,false
powerball,2017-04-07,20 21 24 34 43,20,false
powerball-plus,2017-04-07,23 29 30 31 33,20,false
lotto,2017-04-08,8 9 22 27 34 44,1,false
lotto-plus-1,2017-04-08,1 13 24 36 41 46,19,false
powerball,2017-04-11,14 18 24 27 38,18,false
powerball-plus,2017-04-11,15 33 35 44 45,18,false
lotto,2017-04-12,6 15 18 20 26 43,37,false
lotto-plus-1,2017-04-12,4 8 14 21 37 45,26,false
powerball,2017-04-14,13 17 20 33 42,4,false
powerball-plus,2017-04-14,5 7 15 20 43,1,false
lotto,2017-04-15,14 23 27 35 38 49,21,false
lotto-plus-1,2017-04-15,6 15 18 28 35 47,41,false
powerball,2017-04-18,2 5 21 24 25,1,false
powerball-plus,2017-04-18,6 17 34 35 41,17,false
lotto,2017-04-19,13 20 26 35 39 48,22,false
lotto-plus-1,2017-04-19,7 8 12 27 35 47,24,false
powerball,2017-04-21,3 7 11 29 40,18,false
powerball-plus,2017-04-21,1 19 29 38 41,12,false
lotto,2017-04-22,3 18 23 26 38 47,22,false
lotto-plus-1,2017-04-22,6 22 36 44 48 49,45,false
powerball,2017-04-25,2 19 25 30 32,13,false
powerball-plus,2017-04-25,8 24 26 27 33,16,false
lotto,2017-04-26,2 9 13 35 47 48,31,false
lotto-plus-1,2017-04-26,1 5 6 33 36 40,28,false
powerball,2017-04-28,8 23 24 40 44,7,false
powerball-plus,2017-04-28,13 20 21 41 45,6,false
lotto,2017-04-29,1 7 22 29 43 47,45,false
lotto-plus-1,2017-04-29,7 8 28 33 34 43,40,false
powerball,2017-05-02,2 10 12 27 32,13,false
powerball-plus,2017-05-02,3 4 8 17 28,19,false
lotto,2017-05-03,9 11 16 24 30 37,49,false
lotto-plus-1,2017-05-03,2 13 31 35 43 46,5,false
powerball,2017-05-05,8 9 21 24 26,4,false
powerball-plus,2017-05-05,5 9 19 39 40,14,false
lotto,2017-05-06,2 4 9 30 32 48,35,false
lotto-plus-1,2017-05-06,1 20 28 34 37 46,8,false
powerball,2017-05-09,18 19 23 37 43,14,false
powerball-plus,2017-05-09,8 20 34 36 44,11,false
lotto,2017-05-10,5 19 26 41 43 44,33,false
lotto-plus-1,2017-05-10,12 29 33 34 38 46,22,false
powerball,2017-05-12,1 3 15 30 37,5,false
powerball-plus,2017-05-12,6 25 26 32 43,20,false
lotto,2017-05-13,8 9 10 22 26 32,17,false
lotto-plus-1,2017-05-13,3 30 32 41 44 46,40,false
powerball,2017-05-16,9 20 30 36 38,13,false
powerball-plus,2017-05-16,8 9 28 36 38,7,false
lotto,2017-05-17,12 25 27 28 32 41,36,false
lotto-plus-1,2017-05-17,9 11 12 25 37 38,1,false
powerball,2017-05-19,1 2 9 17 37,7,false
powerball-plus,2017-05-19,3 24 34 35 44,14,false
lotto,2017-05-20,1 2 12 23 30 41,34,false
lotto-plus-1,2017-05-20,1 10 18 20 31 38,11,false
powerball,2017-05-23,4 7 15 22 26,4,false
powerball-plus,2017-05-23,19 22 23 25 43,14,false
lotto,2017-05-24,1 9 14 16 30 40,39,false
lotto-plus-1,2017-05-24,16 26 28 31 44 48,43,false
powerball,2017-05-26,13 26 29 31 37,7,false
powerball-plus,2017-05-26,7 12 20 21 28,13,false
lotto,2017-05-27,6 10 11 21 39 47,17,false
lotto-plus-1,2017-05-27,1 23 33 34 36 40,22,false
powerball,2017-05-30,12 14 25 26 39,2,false
powerball-plus,2017-05-30,7 26 33 43 45,18,false
lotto,2017-05-31,14 30 34 39 44 48,35,false
lotto-plus-1,2017-05-31,2 4 18 28 33 39,23,false
powerball,2017-06-02,7 11 16 38 45,20,false
powerball-plus,2017-06-02,9 19 25 28 40,10,false
lotto,2017-06-03,6 23 26 33 46 47,22,false
lotto-plus-1,2017-06-03,4 9 18 32 43 46,24,false
powerball,2017-06-06,1 27 28 32 43,12,false
powerball-plus,2017-06-06,5 15 30 38 44,6,false
lotto,2017-06-07,1 3 13 28 32 45,10,false
lotto-plus-1,2017-06-07,3 9 11 15 21 27,39,false
powerball,2017-06-09,11 12 17 19 35,1,false
powerball-plus,2017-06-09,4 18 19 27 31,19,false
lotto,2017-06-10,4 11 12 27 42 47,28,false
lotto-plus-1,2017-06-10,1 13 28 37 41 45,12,false
powerball,2017-06-13,13 18 32 36 45,14,false
powerball-plus,2017-06-13,6 15 32 33 40,6,false
lotto,2017-06-14,11 12 14 19 33 42,27,false
lotto-plus-1,2017-06-14,2 4 28 32 43 46,13,false
powerball,2017-06-16,4 7 25 28 33,14,false
powerball-plus,2017-06-16,31 34 40 42 44,14,false
lotto,2017-06-17,7 15 22 31 34 36,38,false
lotto-plus-1,2017-06-17,2 17 19 32 42 47,46,false
powerball,2017-06-20,14 21 28 38 40,18,false
powerball-plus,2017-06-20,2 9 15 16 17,14,false
lotto,2017-06-21,5 8 9 18 24 44,30,false
lotto-plus-1,2017-06-21,21 32 36 37 40 41,31,false
powerball,2017-06-23,14 20 33 44 45,19,false
powerball-plus,2017-06-23,7 11 29 37 40,17,false
lotto,2017-06-24,15 18 26 31 37 42,49,false
lotto-plus-1,2017-06-24,6 8 10 12 27 41,43,false
powerball,2017-06-27,26 27 30 32 45,16,false
powerball-plus,2017-06-27,1 27 28 35 42,10,false
lotto,2017-06-28,15 20 25 29 30 47,38,false
lotto-plus-1,2017-06-28,8 11 13 18 27 48,9,false
powerball,2017-06-30,4 5 10 23 28,3,false
powerball-plus,2017-06-30,1 2 7 22 31,15,false
lotto,2017-07-01,6 12 16 19 25 26,48,false
lotto-plus-1,2017-07-01,6 8 13 26 34 43,37,false
powerball,2017-07-04,5 7 10 15 30,5,false
powerball-plus,2017-07-04,18 22 30 34 35,2,false
lotto,2017-07-05,16 29 30 32 37 44,10,false
lotto-plus-1,2017-07-05,3 11 21 26 27 42,31,false
powerball,2017-07-07,9 16 18 32 43,2,false
powerball-plus,2017-07-07,1 4 5 24 35,20,false
lotto,2017-07-08,5 33 36 38 40 45,27,false
lotto-plus-1,2017-07-08,1 12 23 29 34 39,13,false
powerball,2017-07-11,2 15 19 27 34,19,false
powerball-plus,2017-07-11,9 10 13 27 36,17,false
lotto,2017-07-12,1 24 31 33 35 40,4,false
lotto-plus-1,2017-07-12,5 9 10 19 42 45,40,false
powerball,2017-07-14,21 28 29 31 35,8,false
powerball-plus,2017-07-14,11 25 26 41 43,8,false
lotto,2017-07-15,13 17 26 30 46 48,34,false
lotto-plus-1,2017-07-15,7 11 35 42 45 49,23,false
powerball,2017-07-18,23 25 30 40 43,20,false
powerball-plus,2017-07-18,22 25 30 31 36,14,false
lotto,2017-07-19,2 5 8 9 16 38,26,false
lotto-plus-1,2017-07-19,4 14 19 20 35 43,36,false
powerball,2017-07-21,7 20 29 40 43,6,false
powerball-plus,2017-07-21,11 16 20 22 38,3,false
lotto,2017-07-22,11 13 27 30 31 45,46,false
lotto-plus-1,2017-07-22,3 8 13 21 40 42,45,false
powerball,2017-07-25,12 18 22 29 44,6,false
powerball-plus,2017-07-25,11 14 31 33 34,6,false
lotto,2017-07-26,9 10 23 24 38 49,5,false
lotto-plus-1,2017-07-26,1 11 23 30 35 37,49,false
powerball,2017-07-28,7 28 30 35 39,1,false
powerball-plus,2017-07-28,6 18 23 33 34,4,false
lotto,2017-07-29,16 19 25 26 35 49,48,false
lotto-plus-1,2017-07-29,6 22 25 28 29 48,11,false
powerball,2017-08-01,5 18 36 40 42,5,false
powerball-plus,2017-08-01,12 21 27 33 40,9,false
lotto,2017-08-02,8 12 29 31 39 49,17,false
lotto-plus-1,2017-08-02,16 20 25 36 38 52,3,false
powerball,2017-08-04,15 17 24 25 28,17,false
powerball-plus,2017-08-04,3 22 38 43 45,15,false
lotto,2017-08-05,6 7 31 33 39 45,14,false
lotto-plus-1,2017-08-05,15 29 35 37 42 51,13,false
powerball,2017-08-08,3 5 12 14 22,9,false
powerball-plus,2017-08-08,9 13 26 28 34,5,false
lotto,2017-08-09,1 10 20 27 32 46,8,false
lotto-plus-1,2017-08-09,7 24 41 42 48 49,16,false
powerball,2017-08-11,11 28 31 32 41,18,false
powerball-plus,2017-08-11,3 17 23 36 43,16,false
lotto,2017-08-12,24 34 38 40 41 46,9,false
lotto-plus-1,2017-08-12,2 8 25 32 47 48,30,false
powerball,2017-08-15,4 17 27 34 35,5,false
powerball-plus,2017-08-15,15 24 29 30 43,4,false
lotto,2017-08-16,22 28 31 39 49 50,21,false
lotto-plus-1,2017-08-16,20 27 28 30 33 50,41,false
powerball,2017-08-18,13 23 30 34 40,11,false
powerball-plus,2017-08-18,11 14 20 27 38,4,false
lotto,2017-08-19,13 23 33 42 47 51,52,false
lotto-plus-1,2017-08-19,11 14 18 29 30 36,26,false
powerball,2017-08-22,15 19 31 36 44,9,false
powerball-plus,2017-08-22,10 12 23 29 35,18,false
lotto,2017-08-23,1 6 7 26 27 40,10,false
lotto-plus-1,2017-08-23,15 23 26 35 36 49,48,false
powerball,2017-08-25,2 15 23 28 32,2,false
powerball-plus,2017-08-25,13 20 24 34 45,10,false
lotto,2017-08-26,1 25 28 34 36 49,14,false
lotto-plus-1,2017-08-26,7 11 28 34 37 38,51,false
powerball,2017-08-29,12 13 17 19 34,11,false
powerball-plus,2017-08-29,4 10 14 32 37,20,false
lotto,2017-08-30,10 32 33 35 39 42,31,false
lotto-plus-1,2017-08-30,13 21 26 30 33 39,14,false
powerball,2017-09-01,11 13 31 39 41,15,false
powerball-plus,2017-09-01,28 32 34 37 39,11,false
lotto,2017-09-02,1 3 4 21 25 30,41,false
lotto-plus-1,2017-09-02,12 19 24 29 38 44,14,false
powerball,2017-09-05,2 13 14 15 32,6,false
powerball-plus,2017-09-05,7 9 20 24 36,2,false
lotto,2017-09-06,1 7 24 29 44 51,23,false
lotto-plus-1,2017-09-06,2 34 36 47 48 50,28,false
powerball,2017-09-08,6 7 34 39 42,12,false
powerball-plus,2017-09-08,4 22 23 27 35,10,false
lotto,2017-09-09,9 16 27 35 37 51,40,false
lotto-plus-1,2017-09-09,3 26 29 35 40 42,19,false
powerball,2017-09-12,2 3 11 29 41,15,false
powerball-plus,2017-09-12,5 16 21 26 34,18,false
lotto,2017-09-13,4 10 19 21 31 49,35,false
lotto-plus-1,2017-09-13,5 16 27 39 41 42,38,false
powerball,2017-09-15,11 16 24 28 44,6,false
powerball-plus,2017-09-15,15 21 30 38 42,12,false
lotto,2017-09-16,2 7 10 33 37 44,11,false
lotto-plus-1,2017-09-16,7 11 14 29 45 47,44,false
powerball,2017-09-19,15 22 25 36 39,19,false
powerball-plus,2017-09-19,6 14 35 39 41,15,false
lotto,2017-09-20,3 7 22 24 34 37,44,false
lotto-plus-1,2017-09-20,10 12 15 20 26 45,25,false
powerball,2017-09-22,4 12 28 30 39,3,false
powerball-plus,2017-09-22,3 8 12 19 41,10,false
lotto,2017-09-23,2 19 31 33 43 52,22,false
lotto-plus-1,2017-09-23,4 5 10 14 35 38,11,false
powerball,2017-09-26,9 17 33 42 45,13,false
powerball-plus,2017-09-26,15 21 30 33 40,16,false
lotto,2017-09-27,8 10 11 16 35 44,52,false
lotto-plus-1,2017-09-27,9 11 21 32 41 51,24,false
powerball,2017-09-29,26 28 32 39 42,9,false
powerball-plus,2017-09-29,18 22 28 36 39,5,false
lotto,2017-09-30,7 11 19 24 25 51,26,false
lotto-plus-1,2017-09-30,7 14 21 41 47 52,32,false
powerball,2017-10-03,7 26 35 36 39,14,false
powerball-plus,2017-10-03,9 15 26 41 45,12,false
lotto,2017-10-04,1 25 27 33 35 38,12,false
lotto-plus-1,2017-10-04,7 22 31 44 47 52,43,false
powerball,2017-10-06,18 22 23 31 38,17,false
powerball-plus,2017-10-06,7 11 16 19 32,5,false
lotto,2017-10-07,18 22 29 32 43 50,25,false
lotto-plus-1,2017-10-07,8 22 33 36 42 50,52,false
powerball,2017-10-10,13 15 25 29 39,14,false
powerball-plus,2017-10-10,6 22 27 29 32,2,false
lotto,2017-10-11,5 15 24 28 42 49,41,false
lotto-plus-1,2017-10-11,11 19 23 33 37 44,9,false
powerball,2017-10-13,5 8 25 30 32,17,false
powerball-plus,2017-10-13,16 19 20 29 35,13,false
lotto,2017-10-14,1 5 21 22 33 44,16,false
lotto-plus-1,2017-10-14,8 17 27 35 36 49,1,false
powerball,2017-10-17,1 3 10 39 43,13,false
powerball-plus,2017-10-17,9 22 25 40 45,9,false
lotto,2017-10-18,9 23 25 38 43 45,18,false
lotto-plus-1,2017-10-18,7 8 11 38 42 51,29,false
powerball,2017-10-20,19 20 24 26 30,20,false
powerball-plus,2017-10-20,1 6 22 27 42,19,false
lotto,2017-10-21,20 23 27 36 37 44,24,false
lotto-plus-1,2017-10-21,3 17 28 29 31 43,23,false
powerball,2017-10-24,13 26 37 42 44,3,false
powerball-plus,2017-10-24,1 4 6 19 27,14,false
lotto,2017-10-25,5 14 18 32 39 52,17,false
lotto-plus-1,2017-10-25,11 12 15 20 32 36,44,false
powerball,2017-10-27,14 15 21 29 45,6,false
powerball-plus,2017-10-27,4 22 31 35 38,15,false
lotto,2017-10-28,1 6 19 38 45 46,50,false
lotto-plus-1,2017-10-28,24 27 35 37 40 47,7,false
powerball,2017-10-31,6 10 16 36 43,17,false
powerball-plus,2017-10-31,1 9 13 20 24,16,false
lotto,2017-11-01,3 12 28 42 43 47,23,false
lotto-plus-1,2017-11-01,10 28 30 36 38 46,18,false
powerball,2017-11-03,3 17 19 23 44,19,false
powerball-plus,2017-11-03,1 12 15 34 37,16,false
lotto,2017-11-04,5 11 25 32 38 49,41,false
lotto-plus-1,2017-11-04,2 7 8 18 19 51,21,false
powerball,2017-11-07,9 10 22 34 44,18,false
powerball-plus,2017-11-07,11 12 15 16 30,12,false
lotto,2017-11-08,1 24 38 39 47 51,31,false
lotto-plus-1,2017-11-08,2 8 10 22 29 34,17,false
powerball,2017-11-10,13 28 31 33 44,8,false
powerball-plus,2017-11-10,9 13 26 38 43,3,false
lotto,2017-11-11,3 21 28 30 46 51,42,false
lotto-plus-1,2017-11-11,5 12 27 33 44 48,11,false
powerball,2017-11-14,8 21 25 34 41,20,false
powerball-plus,2017-11-14,9 15 24 26 31,2,false
lotto,2017-11-15,2 22 36 37 42 49,16,false
lotto-plus-1,2017-11-15,3 6 25 28 37 52,32,false
powerball,2017-11-17,13 14 24 36 42,20,false
powerball-plus,2017-11-17,2 17 26 27 29,13,false
lotto,2017-11-18,3 36 38 39 43 52,47,false
lotto-plus-1,2017-11-18,9 17 25 29 35 36,12,false
powerball,2017-11-21,16 23 32 34 41,18,false
powerball-plus,2017-11-21,9 10 25 32 37,5,false
lotto,2017-11-22,3 16 25 26 29 48,45,false
lotto-plus-1,2017-11-22,9 23 33 40 45 49,26,false
powerball,2017-11-24,4 14 29 37 43,18,false
powerball-plus,2017-11-24,25 30 33 36 45,17,false
lotto,2017-11-25,2 7 25 35 44 51,29,false
lotto-plus-1,2017-11-25,5 15 16 21 24 36,32,false
powerball,2017-11-28,7 11 28 38 39,14,false
powerball-plus,2017-11-28,19 24 25 32 44,19,false
lotto,2017-11-29,20 26 32 34 39 41,10,false
lotto-plus-1,2017-11-29,3 25 32 37 39 49,41,false
powerball,2017-12-01,8 11 22 28 29,1,false
powerball-plus,2017-12-01,20 23 37 39 43,9,false
lotto,2017-12-02,13 24 25 43 50 51,28,false
lotto-plus-1,2017-12-02,23 29 39 45 46 52,3,false
powerball,2017-12-05,4 8 19 32 40,18,false
powerball-plus,2017-12-05,9 10 18 23 27,2,false
lotto,2017-12-06,5 7 17 18 24 49,39,false
lotto-plus-1,2017-12-06,1 12 17 21 38 39,3,false
powerball,2017-12-08,3 8 17 22 27,13,false
powerball-plus,2017-12-08,10 12 17 20 41,17,false
lotto,2017-12-09,18 23 26 34 38 41,7,false
lotto-plus-1,2017-12-09,21 30 35 38 39 52,19,false
powerball,2017-12-12,7 10 15 24 39,19,false
powerball-plus,2017-12-12,12 22 31 33 40,1,false
lotto,2017-12-13,8 12 25 32 35 47,52,false
lotto-plus-1,2017-12-13,12 24 26 32 42 46,34,false
powerball,2017-12-15,2 9 10 17 44,18,false
powerball-plus,2017-12-15,15 23 27 34 39,13,false
lotto,2017-12-16,2 11 17 18 22 42,23,false
lotto-plus-1,2017-12-16,1 2 9 19 28 40,4,false
powerball,2017-12-19,3 7 11 43 44,4,false
powerball-plus,2017-12-19,13 15 25 31 35,8,false
lotto,2017-12-20,10 14 16 27 29 52,4,false
lotto-plus-1,2017-12-20,5 29 34 38 39 48,26,false
powerball,2017-12-22,5 9 16 19 31,3,false
powerball-plus,2017-12-22,5 11 13 25 34,14,false
lotto,2017-12-23,6 8 19 24 39 41,12,false
lotto-plus-1,2017-12-23,6 17 19 33 34 51,11,false
powerball,2017-12-26,13 14 29 42 44,4,false
powerball-plus,2017-12-26,4 6 18 24 29,18,false
lotto,2017-12-27,3 10 20 42 48 49,31,false
lotto-plus-1,2017-12-27,21 22 25 26 41 45,9,false
powerball,2017-12-29,3 7 21 41 42,18,false
powerball-plus,2017-12-29,1 2 12 36 45,4,false
lotto,2017-12-30,2 23 28 33 34 46,3,false
lotto-plus-1,2017-12-30,3 11 15 37 38 48,47,false
powerball,2018-01-02,21 29 30 34 37,20,false
powerball-plus,2018-01-02,6 9 26 27 42,8,false
lotto,2018-01-03,3 24 31 35 37 43,39,false
lotto-plus-1,2018-01-03,1 4 19 28 33 36,23,false
powerball,2018-01-05,8 31 34 35 44,4,false
powerball-plus,2018-01-05,13 19 22 30 43,7,false
lotto,2018-01-06,31 33 34 39 43 44,38,false
lotto-plus-1,2018-01-06,6 14 17 18 38 40,32,false
powerball,2018-01-09,4 11 18 19 40,19,false
powerball-plus,2018-01-09,19 23 24 32 35,13,false
lotto,2018-01-10,23 31 41 45 47 49,19,false
lotto-plus-1,2018-01-10,9 19 20 38 42 48,49,false
powerball,2018-01-12,15 17 20 25 42,19,false
powerball-plus,2018-01-12,4 14 33 37 39,14,false
lotto,2018-01-13,10 27 29 46 48 50,32,false
lotto-plus-1,2018-01-13,7 10 25 33 44 50,22,false
powerball,2018-01-16,12 27 29 35 36,15,false
powerball-plus,2018-01-16,7 12 13 28 42,3,false
lotto,2018-01-17,12 18 24 28 30 41,47,false
lotto-plus-1,2018-01-17,3 7 21 29 46 48,17,false
powerball,2018-01-19,1 3 13 24 27,12,false
powerball-plus,2018-01-19,2 6 20 25 44,11,false
lotto,2018-01-20,5 27 28 35 50 52,39,false
lotto-plus-1,2018-01-20,6 9 23 27 31 43,48,false
powerball,2018-01-23,3 28 40 41 42,8,false
powerball-plus,2018-01-23,9 10 16 35 44,13,false
lotto,2018-01-24,3 18 19 24 32 40,25,false
lotto-plus-1,2018-01-24,10 11 25 26 31 35,50,false
powerball,2018-01-26,6 8 14 22 25,3,false
powerball-plus,2018-01-26,3 13 27 34 35,17,false
lotto,2018-01-27,6 7 15 21 24 48,16,false
lotto-plus-1,2018-01-27,6 10 11 21 32 52,4,false
powerball,2018-01-30,8 20 41 42 43,4,false
powerball-plus,2018-01-30,2 16 23 31 35,10,false
lotto,2018-01-31,18 19 26 34 40 42,1,false
lotto-plus-1,2018-01-31,4 13 23 40 41 49,9,false
powerball,2018-02-02,10 13 30 36 45,19,false
powerball-plus,2018-02-02,10 14 30 43 45,8,false
lotto,2018-02-03,6 7 16 21 44 50,28,false
lotto-plus-1,2018-02-03,3 13 16 19 40 41,35,false
powerball,2018-02-06,6 7 21 27 40,15,false
powerball-plus,2018-02-06,7 13 21 26 37,12,false
lotto,2018-02-07,6 19 47 49 50 52,16,false
lotto-plus-1,2018-02-07,10 14 15 21 38 50,16,false
powerball,2018-02-09,1 8 10 26 39,17,false
powerball-plus,2018-02-09,9 20 21 22 30,17,false
lotto,2018-02-10,1 16 17 18 41 52,38,false
lotto-plus-1,2018-02-10,7 12 20 36 43 47,34,false
powerball,2018-02-13,5 10 12 29 42,8,false
powerball-plus,2018-02-13,20 23 27 37 44,16,false
lotto,2018-02-14,2 18 28 40 45 46,22,false
lotto-plus-1,2018-02-14,11 14 23 24 26 40,42,false
powerball,2018-02-16,2 8 26 28 30,2,false
powerball-plus,2018-02-16,8 11 12 19 33,13,false
lotto,2018-02-17,9 21 27 32 33 38,11,false
lotto-plus-1,2018-02-17,1 5 8 21 29 38,42,false
powerball,2018-02-20,8 27 30 33 42,3,false
powerball-plus,2018-02-20,8 15 27 28 43,15,false
lotto,2018-02-21,1 14 17 26 36 49,32,false
lotto-plus-1,2018-02-21,6 15 21 25 42 46,35,false
powerball,2018-02-23,15 20 31 36 45,17,false
powerball-plus,2018-02-23,4 23 25 29 35,4,false
lotto,2018-02-24,6 11 12 15 29 31,8,false
lotto-plus-1,2018-02-24,20 34 42 43 47 49,25,false
powerball,2018-02-27,6 16 18 33 34,13,false
powerball-plus,2018-02-27,7 15 30 31 36,2,false
lotto,2018-02-28,5 9 28 30 39 51,47,false
lotto-plus-1,2018-02-28,2 13 16 45 50 51,25,false
powerball,2018-03-02,1 14 27 33 40,12,false
powerball-plus,2018-03-02,1 7 29 34 41,20,false
lotto,2018-03-03,8 19 22 36 40 42,30,false
lotto-plus-1,2018-03-03,2 13 23 29 32 42,52,false
powerball,2018-03-06,12 24 29 35 36,1,false
powerball-plus,2018-03-06,6 11 12 19 32,20,false
lotto,2018-03-07,17 24 30 32 38 52,37,false
lotto-plus-1,2018-03-07,11 12 14 23 34 42,30,false
powerball,2018-03-09,9 11 20 26 34,10,false
powerball-plus,2018-03-09,8 18 19 22 26,5,false
lotto,2018-03-10,2 3 5 11 17 23,31,false
lotto-plus-1,2018-03-10,8 24 25 31 36 37,44,false
powerball,2018-03-13,13 26 31 37 43,15,false
powerball-plus,2018-03-13,17 22 23 25 45,17,false
lotto,2018-03-14,5 8 14 23 41 47,34,false
lotto-plus-1,2018-03-14,1 4 17 23 48 50,14,false
powerball,2018-03-16,8 17 29 31 38,5,false
powerball-plus,2018-03-16,9 14 16 26 29,15,false
lotto,2018-03-17,6 21 26 40 42 44,49,false
lotto-plus-1,2018-03-17,2 5 17 31 46 51,48,false
powerball,2018-03-20,5 21 35 37 40,9,false
powerball-plus,2018-03-20,12 19 22 40 45,8,false
lotto,2018-03-21,1 11 19 32 49 50,22,false
lotto-plus-1,2018-03-21,7 9 11 19 21 26,4,false
powerball,2018-03-23,3 23 24 35 37,9,false
powerball-plus,2018-03-23,14 22 31 37 44,4,false
lotto,2018-03-24,1 3 12 24 31 49,52,false
lotto-plus-1,2018-03-24,5 21 38 43 49 52,4,false
powerball,2018-03-27,4 9 12 18 31,6,false
powerball-plus,2018-03-27,8 26 30 42 44,9,false
lotto,2018-03-28,1 6 17 18 22 26,30,false
lotto-plus-1,2018-03-28,18 27 28 30 45 50,43,false
powerball,2018-03-30,8 19 34 37 41,11,false
powerball-plus,2018-03-30,16 21 26 28 35,12,false
lotto,2018-03-31,18 21 23 31 35 49,42,false
lotto-plus-1,2018-03-31,30 40 41 48 50 51,33,false
powerball,2018-04-03,4 13 16 33 40,2,false
powerball-plus,2018-04-03,21 22 32 40 44,6,false
lotto,2018-04-04,17 28 30 36 50 52,31,false
lotto-plus-1,2018-04-04,2 4 5 6 13 15,3,false
powerball,2018-04-06,3 11 26 35 43,3,false
powerball-plus,2018-04-06,7 12 33 41 43,8,false
lotto,2018-04-07,3 10 11 13 28 35,16,false
lotto-plus-1,2018-04-07,1 2 20 28 44 47,13,false
powerball,2018-04-10,2 14 17 31 34,19,false
powerball-plus,2018-04-10,12 22 26 42 43,10,false
lotto,2018-04-11,2 10 24 33 35 46,5,false
lotto-plus-1,2018-04-11,16 30 33 35 39 48,36,false
powerball,2018-04-13,6 9 21 23 30,14,false
powerball-plus,2018-04-13,5 16 19 34 36,8,false
lotto,2018-04-14,18 26 31 36 40 46,22,false
lotto-plus-1,2018-04-14,4 7 14 32 33 34,27,false
powerball,2018-04-17,3 6 7 16 33,17,false
powerball-plus,2018-04-17,12 21 23 31 32,11,false
lotto,2018-04-18,10 12 13 32 39 50,42,false
lotto-plus-1,2018-04-18,3 10 11 15 28 46,26,false
powerball,2018-04-20,5 13 20 31 35,9,false
powerball-plus,2018-04-20,7 11 16 21 42,6,false
lotto,2018-04-21,13 15 21 26 35 49,23,false
lotto-plus-1,2018-04-21,16 19 21 37 39 41,9,false
powerball,2018-04-24,6 16 17 39 43,4,false
powerball-plus,2018-04-24,2 11 23 24 33,18,false
lotto,2018-04-25,7 13 37 43 44 51,10,false
lotto-plus-1,2018-04-25,1 18 21 29 34 42,31,false
powerball,2018-04-27,2 8 12 20 43,6,false
powerball-plus,2018-04-27,4 6 13 27 44,4,false
lotto,2018-04-28,5 12 13 14 25 28,4,false
lotto-plus-1,2018-04-28,7 20 23 36 41 52,50,false
powerball,2018-05-01,8 17 29 40 42,11,false
powerball-plus,2018-05-01,2 6 14 29 30,5,false
lotto,2018-05-02,5 15 22 36 47 49,52,false
lotto-plus-1,2018-05-02,22 25 36 42 43 51,33,false
powerball,2018-05-04,4 9 11 12 25,6,false
powerball-plus,2018-05-04,4 31 32 36 44,15,false
lotto,2018-05-05,11 19 35 45 49 50,6,false
lotto-plus-1,2018-05-05,1 14 17 30 33 40,15,false
powerball,2018-05-08,3 4 6 26 44,5,false
powerball-plus,2018-05-08,4 13 24 38 39,11,false
lotto,2018-05-09,5 10 11 12 36 48,14,false
lotto-plus-1,2018-05-09,7 23 29 30 31 35,4,false
powerball,2018-05-11,8 22 33 40 43,3,false
powerball-plus,2018-05-11,20 23 30 31 43,17,false
lotto,2018-05-12,6 19 26 28 38 39,17,false
lotto-plus-1,2018-05-12,12 26 35 37 44 47,33,false
powerball,2018-05-15,5 10 20 27 40,10,false
powerball-plus,2018-05-15,28 32 33 37 45,11,false
lotto,2018-05-16,1 2 22 31 36 48,45,false
lotto-plus-1,2018-05-16,1 4 13 23 27 41,11,false
powerball,2018-05-18,6 10 11 28 40,7,false
powerball-plus,2018-05-18,7 8 18 29 44,5,false
lotto,2018-05-19,9 35 38 40 46 48,30,false
lotto-plus-1,2018-05-19,7 12 14 25 47 48,3,false
powerball,2018-05-22,3 10 15 19 44,14,false
powerball-plus,2018-05-22,2 18 35 40 41,12,false
lotto,2018-05-23,5 11 23 24 31 49,25,false
lotto-plus-1,2018-05-23,2 17 33 36 40 45,11,false
powerball,2018-05-25,6 11 23 36 37,13,false
powerball-plus,2018-05-25,2 12 25 29 37,19,false
lotto,2018-05-26,8 13 14 16 28 45,36,false
lotto-plus-1,2018-05-26,6 8 12 23 27 44,32,false
powerball,2018-05-29,12 21 31 37 41,13,false
powerball-plus,2018-05-29,8 17 23 28 41,9,false
lotto,2018-05-30,3 6 7 14 30 46,5,false
lotto-plus-1,2018-05-30,9 10 12 18 27 33,3,false
powerball,2018-06-01,1 37 40 41 43,4,false
powerball-plus,2018-06-01,4 16 21 29 30,11,false
lotto,2018-06-02,8 12 14 16 29 47,19,false
lotto-plus-1,2018-06-02,10 11 19 33 37 49,12,false
powerball,2018-06-05,10 13 28 33 45,14,false
powerball-plus,2018-06-05,5 7 13 19 44,16,false
lotto,2018-06-06,2 6 10 15 27 48,43,false
lotto-plus-1,2018-06-06,3 12 21 31 34 35,30,false
powerball,2018-06-08,3 13 25 26 34,13,false
powerball-plus,2018-06-08,9 11 12 13 37,4,false
lotto,2018-06-09,25 27 30 48 50 52,6,false
lotto-plus-1,2018-06-09,5 7 14 21 26 37,23,false
powerball,2018-06-12,3 5 31 35 37,13,false
powerball-plus,2018-06-12,2 5 23 30 33,11,false
lotto,2018-06-13,19 35 36 42 45 47,2,false
lotto-plus-1,2018-06-13,12 16 33 35 39 40,18,false
powerball,2018-06-15,8 9 14 28 41,9,false
powerball-plus,2018-06-15,3 18 22 29 41,17,false
lotto,2018-06-16,17 22 44 45 46 48,31,false
lotto-plus-1,2018-06-16,2 6 11 22 25 31,33,false
powerball,2018-06-19,12 20 23 24 37,4,false
powerball-plus,2018-06-19,17 23 39 43 50,19,false
lotto,2018-06-20,4 14 22 27 30 46,7,false
lotto-plus-1,2018-06-20,33 37 40 41 44 52,7,false
powerball,2018-06-22,2 6 13 14 19,17,false
powerball-plus,2018-06-22,9 33 38 42 44,12,false
lotto,2018-06-23,1 10 13 35 41 42,15,false
lotto-plus-1,2018-06-23,4 8 12 16 31 34,21,false
powerball,2018-06-26,15 25 39 43 50,14,false
powerball-plus,2018-06-26,11 23 25 43 49,12,false
lotto,2018-06-27,2 4 6 37 39 40,52,false
lotto-plus-1,2018-06-27,7 27 30 40 45 49,17,false
powerball,2018-06-29,15 22 25 31 37,16,false
powerball-plus,2018-06-29,11 14 29 32 36,18,false
lotto,2018-06-30,12 17 29 42 43 44,16,false
lotto-plus-1,2018-06-30,15 22 24 39 43 52,34,false
powerball,2018-07-03,3 38 48 49 50,18,false
powerball-plus,2018-07-03,20 28 29 30 39,9,false
lotto,2018-07-04,1 6 7 17 31 36,50,false
lotto-plus-1,2018-07-04,9 14 20 21 30 49,44,false
powerball,2018-07-06,8 16 19 35 39,11,false
powerball-plus,2018-07-06,18 21 22 38 48,8,false
lotto,2018-07-07,6 16 27 28 34 42,43,false
lotto-plus-1,2018-07-07,5 12 17 24 41 46,4,false
powerball,2018-07-10,1 31 34 38 46,12,false
powerball-plus,2018-07-10,10 14 18 33 40,12,false
lotto,2018-07-11,5 6 17 30 37 40,39,false
lotto-plus-1,2018-07-11,7 14 16 33 48 52,22,false
powerball,2018-07-13,13 14 34 38 45,11,false
powerball-plus,2018-07-13,14 23 38 41 47,3,false
lotto,2018-07-14,4 8 13 18 30 42,5,false
lotto-plus-1,2018-07-14,7 28 29 33 47 51,30,false
powerball,2018-07-17,12 26 34 35 44,4,false
powerball-plus,2018-07-17,12 28 31 35 41,1,false
lotto,2018-07-18,8 12 17 21 26 46,11,false
lotto-plus-1,2018-07-18,27 28 40 44 45 50,30,false
powerball,2018-07-20,9 21 22 33 39,5,false
powerball-plus,2018-07-20,1 19 21 25 32,4,false
lotto,2018-07-21,5 13 14 16 17 19,3,false
lotto-plus-1,2018-07-21,1 9 23 48 50 52,24,false
powerball,2018-07-24,9 15 18 24 29,19,false
powerball-plus,2018-07-24,6 17 26 41 50,16,false
lotto,2018-07-25,2 6 18 23 27 48,43,false
lotto-plus-1,2018-07-25,15 27 32 36 39 42,17,false
powerball,2018-07-27,4 15 19 33 36,2,false
powerball-plus,2018-07-27,2 11 13 15 39,2,false
lotto,2018-07-28,23 27 29 33 45 46,4,false
lotto-plus-1,2018-07-28,12 15 16 25 26 41,45,false
powerball,2018-07-31,3 6 14 34 36,12,false
powerball-plus,2018-07-31,12 40 42 44 45,14,false
lotto,2018-08-01,2 8 18 24 27 49,10,false
lotto-plus-1,2018-08-01,4 13 15 25 34 39,30,false
powerball,2018-08-03,1 15 23 24 35,4,false
powerball-plus,2018-08-03,1 18 24 40 48,19,false
lotto,2018-08-04,2 14 21 28 36 42,47,false
lotto-plus-1,2018-08-04,7 11 33 36 38 46,29,false
powerball,2018-08-07,2 3 19 24 30,3,false
powerball-plus,2018-08-07,8 14 27 35 40,2,false
lotto,2018-08-08,11 13 14 20 41 48,34,false
lotto-plus-1,2018-08-08,6 13 19 31 36 46,25,false
powerball,2018-08-10,3 10 14 43 50,14,false
powerball-plus,2018-08-10,10 14 28 30 39,6,false
lotto,2018-08-11,17 24 25 36 37 51,29,false
lotto-plus-1,2018-08-11,21 23 26 27 28 34,40,false
powerball,2018-08-14,13 29 32 38 45,5,false
powerball-plus,2018-08-14,6 23 38 43 47,17,false
lotto,2018-08-15,5 13 16 25 36 50,33,false
lotto-plus-1,2018-08-15,4 27 39 41 49 51,17,false
powerball,2018-08-17,9 19 24 35 42,10,false
powerball-plus,2018-08-17,6 8 22 35 42,19,false
lotto,2018-08-18,1 18 29 31 35 36,46,false
lotto-plus-1,2018-08-18,1 3 7 40 42 47,36,false
powerball,2018-08-21,19 21 23 34 45,9,false
powerball-plus,2018-08-21,10 20 31 32 36,17,false
lotto,2018-08-22,2 3 21 23 41 46,9,false
lotto-plus-1,2018-08-22,3 10 11 17 37 43,13,false
powerball,2018-08-24,3 6 25 27 40,4,false
powerball-plus,2018-08-24,10 16 31 32 33,18,false
lotto,2018-08-25,9 10 14 18 20 23,11,false
lotto-plus-1,2018-08-25,1 26 27 39 41 49,44,false
powerball,2018-08-28,4 13 21 41 44,15,false
powerball-plus,2018-08-28,14 17 19 35 46,2,false
lotto,2018-08-29,2 10 14 28 29 46,41,false
lotto-plus-1,2018-08-29,6 13 29 30 46 51,10,false
powerball,2018-08-31,7 38 42 43 47,3,false
powerball-plus,2018-08-31,4 5 7 35 50,6,false
lotto,2018-09-01,1 11 14 25 26 29,20,false
lotto-plus-1,2018-09-01,3 5 23 27 34 37,35,false
powerball,2018-09-04,3 13 24 25 41,8,false
powerball-plus,2018-09-04,6 22 23 44 48,11,false
lotto,2018-09-05,1 7 15 22 29 31,6,false
lotto-plus-1,2018-09-05,11 14 18 30 31 41,35,false
powerball,2018-09-07,9 11 20 28 44,6,false
powerball-plus,2018-09-07,4 9 24 27 34,17,false
lotto,2018-09-08,6 14 25 40 43 52,16,false
lotto-plus-1,2018-09-08,20 26 32 36 44 52,49,false
powerball,2018-09-11,3 26 34 40 50,12,false
powerball-plus,2018-09-11,2 10 36 48 50,11,false
lotto,2018-09-12,4 9 13 18 33 39,29,false
lotto-plus-1,2018-09-12,2 18 29 43 49 50,19,false
powerball,2018-09-14,10 17 29 31 40,9,false
powerball-plus,2018-09-14,5 40 45 49 50,17,false
lotto,2018-09-15,4 9 16 26 41 43,14,false
lotto-plus-1,2018-09-15,12 23 40 41 44 52,47,false
powerball,2018-09-18,15 22 23 31 38,1,false
powerball-plus,2018-09-18,3 12 26 33 37,16,false
lotto,2018-09-19,7 14 19 21 29 39,26,false
lotto-plus-1,2018-09-19,4 13 14 31 32 44,11,false
powerball,2018-09-21,28 32 39 43 46,8,false
powerball-plus,2018-09-21,33 36 40 44 50,19,false
lotto,2018-09-22,4 30 36 43 44 52,38,false
lotto-plus-1,2018-09-22,17 24 40 43 48 52,14,false
powerball,2018-09-25,7 15 17 30 40,11,false
powerball-plus,2018-09-25,15 16 20 41 43,12,false
lotto,2018-09-26,1 3 29 37 40 41,25,false
lotto-plus-1,2018-09-26,3 8 12 28 47 52,18,false
powerball,2018-09-28,7 24 31 36 50,2,false
powerball-plus,2018-09-28,2 24 31 45 46,10,false
lotto,2018-09-29,20 23 26 41 42 51,16,false
lotto-plus-1,2018-09-29,8 18 34 36 40 50,29,false
powerball,2018-10-02,3 7 15 24 35,18,false
powerball-plus,2018-10-02,20 22 26 32 41,15,false
lotto,2018-10-03,3 35 37 43 44 49,1,false
lotto-plus-1,2018-10-03,19 23 27 33 35 47,5,false
powerball,2018-10-05,32 36 42 46 49,11,false
powerball-plus,2018-10-05,11 24 29 45 49,11,false
lotto,2018-10-06,3 19 27 40 41 44,31,false
lotto-plus-1,2018-10-06,12 19 31 45 48 51,11,false
powerball,2018-10-09,5 13 22 24 40,5,false
powerball-plus,2018-10-09,1 23 37 44 48,18,false
lotto,2018-10-10,14 22 32 47 49 51,46,false
lotto-plus-1,2018-10-10,5 8 17 34 49 52,16,false
powerball,2018-10-12,1 2 11 19 44,8,false
powerball-plus,2018-10-12,12 13 15 21 22,3,false
lotto,2018-10-13,15 22 23 29 47 49,37,false
lotto-plus-1,2018-10-13,30 31 42 44 47 50,2,false
powerball,2018-10-16,2 8 27 35 41,8,false
powerball-plus,2018-10-16,5 9 19 36 43,14,false
lotto,2018-10-17,11 17 38 40 44 48,29,false
lotto-plus-1,2018-10-17,2 20 23 24 33 50,44,false
powerball,2018-10-19,1 32 39 41 43,6,false
powerball-plus,2018-10-19,8 17 22 43 48,4,false
lotto,2018-10-20,8 9 18 39 45 47,36,false
lotto-plus-1,2018-10-20,11 27 33 37 46 48,13,false
powerball,2018-10-23,4 17 21 28 48,20,false
powerball-plus,2018-10-23,13 14 28 47 48,5,false
lotto,2018-10-24,2 18 20 22 32 34,46,false
lotto-plus-1,2018-10-24,9 11 18 20 34 44,3,false
powerball,2018-10-26,2 15 19 24 38,20,false
powerball-plus,2018-10-26,18 29 36 41 45,1,false
lotto,2018-10-27,9 13 16 33 41 44,11,false
lotto-plus-1,2018-10-27,15 17 21 42 51 52,34,false
powerball,2018-10-30,19 20 24 27 29,19,false
powerball-plus,2018-10-30,22 28 31 36 40,14,false
lotto,2018-10-31,6 17 18 23 33 47,16,false
lotto-plus-1,2018-10-31,17 24 26 27 35 38,48,false
powerball,2018-11-02,2 30 36 42 47,13,false
powerball-plus,2018-11-02,11 28 39 40 45,16,false
lotto,2018-11-03,11 33 37 41 45 49,26,false
lotto-plus-1,2018-11-03,2 24 26 32 47 49,25,false
powerball,2018-11-06,10 20 48 49 50,12,false
powerball-plus,2018-11-06,1 5 19 25 46,7,false
lotto,2018-11-07,2 8 29 35 42 47,18,false
lotto-plus-1,2018-11-07,12 16 20 21 26 28,49,false
powerball,2018-11-09,6 7 10 19 43,20,false
powerball-plus,2018-11-09,15 19 22 41 43,11,false
lotto,2018-11-10,5 8 9 33 41 42,20,false
lotto-plus-1,2018-11-10,6 11 17 21 49 51,34,false
powerball,2018-11-13,4 6 19 24 41,8,false
powerball-plus,2018-11-13,9 16 20 26 41,15,false
lotto,2018-11-14,12 18 26 27 32 36,33,false
lotto-plus-1,2018-11-14,6 9 19 39 46 47,15,false
powerball,2018-11-16,20 24 32 33 35,18,false
powerball-plus,2018-11-16,1 23 37 43 46,11,false
lotto,2018-11-17,6 14 18 28 33 44,32,false
lotto-plus-1,2018-11-17,3 5 23 44 48 49,9,false
powerball,2018-11-20,14 32 33 37 47,15,false
powerball-plus,2018-11-20,23 35 39 40 44,8,false
lotto,2018-11-21,10 22 27 36 46 52,39,false
lotto-plus-1,2018-11-21,9 19 28 30 31 32,13,false
powerball,2018-11-23,3 6 8 23 30,8,false
powerball-plus,2018-11-23,4 9 35 43 45,5,false
lotto,2018-11-24,6 11 22 27 34 51,19,false
lotto-plus-1,2018-11-24,22 27 34 45 48 50,43,false
powerball,2018-11-27,12 27 39 41 46,10,false
powerball-plus,2018-11-27,4 12 22 41 46,5,false
lotto,2018-11-28,2 4 20 38 40 45,24,false
lotto-plus-1,2018-11-28,7 19 27 28 37 50,48,false
powerball,2018-11-30,12 15 25 29 49,7,false
powerball-plus,2018-11-30,4 13 14 26 35,3,false
lotto,2018-12-01,1 16 19 29 45 49,10,false
lotto-plus-1,2018-12-01,2 18 19 27 47 52,40,false
powerball,2018-12-04,5 13 20 33 34,6,false
powerball-plus,2018-12-04,7 10 13 39 45,5,false
lotto,2018-12-05,2 8 11 25 26 28,44,false
lotto-plus-1,2018-12-05,9 25 35 43 44 47,32,false
powerball,2018-12-07,3 6 22 33 47,15,false
powerball-plus,2018-12-07,3 16 26 33 43,6,false
lotto,2018-12-08,3 7 12 21 27 29,39,false
lotto-plus-1,2018-12-08,5 19 31 35 42 46,1,false
powerball,2018-12-11,7 29 39 42 48,7,false
powerball-plus,2018-12-11,3 8 12 24 28,10,false
lotto,2018-12-12,6 24 34 37 38 50,40,false
lotto-plus-1,2018-12-12,7 8 11 18 20 28,30,false
powerball,2018-12-14,4 5 9 16 20,3,false
powerball-plus,2018-12-14,7 30 33 42 49,19,false
lotto,2018-12-15,16 17 32 43 50 51,23,false
lotto-plus-1,2018-12-15,1 8 25 40 46 49,52,false
powerball,2018-12-18,3 5 14 20 32,16,false
powerball-plus,2018-12-18,1 11 16 22 48,13,false
lotto,2018-12-19,14 19 33 38 45 52,51,false
lotto-plus-1,2018-12-19,12 30 32 37 50 52,22,false
powerball,2018-12-21,22 34 40 44 48,2,false
powerball-plus,2018-12-21,21 36 37 39 44,13,false
lotto,2018-12-22,2 19 24 39 45 51,40,false
lotto-plus-1,2018-12-22,1 14 18 26 38 47,33,false
powerball,2018-12-25,13 16 28 29 30,7,false
powerball-plus,2018-12-25,27 36 37 43 45,12,false
lotto,2018-12-26,1 6 12 15 20 29,26,false
lotto-plus-1,2018-12-26,6 9 12 31 36 43,46,false
powerball,2018-12-28,18 21 30 32 50,8,false
powerball-plus,2018-12-28,10 24 30 45 48,16,false
lotto,2018-12-29,7 9 15 50 51 52,33,false
lotto-plus-1,2018-12-29,5 8 30 38 51 52,2,false
powerball,2019-01-01,42 44 46 47 48,11,false
powerball-plus,2019-01-01,6 25 29 32 48,18,false
lotto,2019-01-02,4 8 12 14 27 40,24,false
lotto-plus-1,2019-01-02,1 8 9 16 25 35,44,false
powerball,2019-01-04,7 9 24 26 29,1,false
powerball-plus,2019-01-04,24 27 34 44 45,18,false
lotto,2019-01-05,5 14 25 27 35 39,1,false
lotto-plus-1,2019-01-05,3 9 10 17 21 36,25,false
powerball,2019-01-08,2 15 35 44 46,13,false
powerball-plus,2019-01-08,17 25 31 38 39,7,false
lotto,2019-01-09,3 8 15 26 32 43,46,false
lotto-plus-1,2019-01-09,6 26 38 41 43 50,13,false
powerball,2019-01-11,8 21 25 29 42,15,false
powerball-plus,2019-01-11,2 3 12 14 20,1,false
lotto,2019-01-12,4 11 16 18 21 46,12,false
lotto-plus-1,2019-01-12,6 20 29 38 39 44,19,false
powerball,2019-01-15,9 13 24 27 29,20,false
powerball-plus,2019-01-15,2 3 15 20 49,20,false
lotto,2019-01-16,19 33 44 48 49 52,9,false
lotto-plus-1,2019-01-16,8 11 12 47 50 52,42,false
powerball,2019-01-18,8 23 26 38 40,9,false
powerball-plus,2019-01-18,12 14 26 28 45,3,false
lotto,2019-01-19,2 7 17 24 39 46,27,false
lotto-plus-1,2019-01-19,14 19 31 33 35 38,1,false
powerball,2019-01-22,6 15 24 41 47,3,false
powerball-plus,2019-01-22,17 28 40 42 45,16,false
lotto,2019-01-23,3 5 24 28 32 38,40,false
lotto-plus-1,2019-01-23,3 11 16 21 42 46,51,false
powerball,2019-01-25,20 27 31 40 41,9,false
powerball-plus,2019-01-25,10 20 23 26 45,3,false
lotto,2019-01-26,7 11 23 29 40 45,14,false
lotto-plus-1,2019-01-26,11 18 29 37 46 48,3,false
powerball,2019-01-29,6 7 23 25 29,5,false
powerball-plus,2019-01-29,13 24 28 35 37,9,false
lotto,2019-01-30,21 23 26 38 44 48,36,false
lotto-plus-1,2019-01-30,10 13 20 25 36 49,42,false
powerball,2019-02-01,5 13 19 39 41,3,false
powerball-plus,2019-02-01,7 30 34 41 45,7,false
lotto,2019-02-02,1 6 19 28 32 48,40,false
lotto-plus-1,2019-02-02,11 30 40 42 44 48,21,false
powerball,2019-02-05,5 28 31 35 50,9,false
powerball-plus,2019-02-05,4 7 13 33 35,19,false
lotto,2019-02-06,7 13 29 32 36 45,27,false
lotto-plus-1,2019-02-06,2 23 33 38 49 51,39,false
powerball,2019-02-08,22 30 39 41 42,11,false
powerball-plus,2019-02-08,4 6 21 24 47,8,false
lotto,2019-02-09,6 10 17 31 40 49,24,false
lotto-plus-1,2019-02-09,6 12 23 40 42 52,8,false
powerball,2019-02-12,15 16 24 38 47,13,false
powerball-plus,2019-02-12,14 16 19 31 34,7,false
lotto,2019-02-13,14 26 28 29 32 46,51,false
lotto-plus-1,2019-02-13,2 15 25 44 47 49,5,false
powerball,2019-02-15,19 20 37 42 43,17,false
powerball-plus,2019-02-15,7 13 19 27 36,13,false
lotto,2019-02-16,10 17 25 29 39 47,27,false
lotto-plus-1,2019-02-16,8 14 15 24 31 47,50,false
powerball,2019-02-19,14 18 21 26 35,5,false
powerball-plus,2019-02-19,14 16 32 38 50,19,false
lotto,2019-02-20,6 16 21 27 30 52,35,false
lotto-plus-1,2019-02-20,4 25 30 31 43 44,2,false
powerball,2019-02-22,7 9 10 11 40,2,false
powerball-plus,2019-02-22,1 20 24 34 46,17,false
lotto,2019-02-23,2 3 13 25 40 52,38,false
lotto-plus-1,2019-02-23,6 9 31 34 46 50,23,false
powerball,2019-02-26,10 20 28 31 33,12,false
powerball-plus,2019-02-26,5 15 26 44 47,12,false
lotto,2019-02-27,15 17 18 33 36 38,20,false
lotto-plus-1,2019-02-27,5 7 15 19 20 45,41,false
powerball,2019-03-01,24 29 34 46 49,15,false
powerball-plus,2019-03-01,5 24 30 33 34,6,false
lotto,2019-03-02,16 17 20 29 34 35,6,false
lotto-plus-1,2019-03-02,9 15 18 24 31 34,46,false
powerball,2019-03-05,1 18 24 48 49,20,false
powerball-plus,2019-03-05,5 8 20 30 41,2,false
lotto,2019-03-06,6 16 23 24 30 46,43,false
lotto-plus-1,2019-03-06,9 16 19 21 29 30,33,false
powerball,2019-03-08,4 5 7 11 22,3,false
powerball-plus,2019-03-08,16 29 34 38 47,10,false
lotto,2019-03-09,20 24 32 36 48 49,22,false
lotto-plus-1,2019-03-09,2 8 14 23 35 39,46,false
daily-lotto,2019-03-10,1 7 11 18 34,,false
daily-lotto,2019-03-11,7 10 19 24 32,,false
daily-lotto,2019-03-12,11 16 17 29 32,,false
powerball,2019-03-12,8 27 40 46 48,18,false
powerball-plus,2019-03-12,18 21 24 26 36,14,false
daily-lotto,2019-03-13,4 10 16 21 35,,false
lotto,2019-03-13,12 16 43 45 46 48,33,false
lotto-plus-1,2019-03-13,4 23 34 39 40 48,32,false
daily-lotto,2019-03-14,1 5 9 26 32,,false
daily-lotto,2019-03-15,9 10 12 25 27,,false
powerball,2019-03-15,19 36 40 45 49,5,false
powerball-plus,2019-03-15,17 22 42 46 50,1,false
daily-lotto,2019-03-16,2 5 16 18 19,,false
lotto,2019-03-16,2 12 31 34 47 51,6,false
lotto-plus-1,2019-03-16,10 23 27 31 41 52,3,false
daily-lotto,2019-03-17,5 9 15 21 36,,false
daily-lotto,2019-03-18,1 18 29 33 36,,false
daily-lotto,2019-03-19,7 9 11 19 26,,false
powerball,2019-03-19,3 16 32 33 36,7,false
powerball-plus,2019-03-19,8 15 21 22 35,5,false
daily-lotto,2019-03-20,2 16 19 29 33,,false
lotto,2019-03-20,12 35 37 42 47 50,29,false
lotto-plus-1,2019-03-20,5 19 20 21 34 43,27,false
daily-lotto,2019-03-21,2 7 10 14 23,,false
daily-lotto,2019-03-22,9 12 17 33 35,,false
powerball,2019-03-22,8 10 15 34 35,16,false
powerball-plus,2019-03-22,5 8 25 31 36,4,false
daily-lotto,2019-03-23,3 7 10 13 17,,false
lotto,2019-03-23,2 33 34 38 40 46,21,false
lotto-plus-1,2019-03-23,16 24 38 40 50 52,28,false
daily-lotto,2019-03-24,1 21 24 28 29,,false
daily-lotto,2019-03-25,10 11 12 19 23,,false
daily-lotto,2019-03-26,2 9 13 30 32,,false
powerball,2019-03-26,1 8 24 26 30,2,false
powerball-plus,2019-03-26,16 19 38 40 50,5,false
daily-lotto,2019-03-27,4 5 10 12 25,,false
lotto,2019-03-27,5 11 17 24 46 52,38,false
lotto-plus-1,2019-03-27,2 14 20 29 42 46,3,false
daily-lotto,2019-03-28,7 20 30 31 34,,false
daily-lotto,2019-03-29,1 5 6 27 31,,false
powerball,2019-03-29,3 6 11 13 31,13,false
powerball-plus,2019-03-29,3 13 14 30 45,2,false
daily-lotto,2019-03-30,16 17 24 25 30,,false
lotto,2019-03-30,10 16 22 28 36 37,42,false
lotto-plus-1,2019-03-30,11 23 33 38 40 51,30,false
daily-lotto,2019-03-31,1 15 23 32 34,,false
daily-lotto,2019-04-01,3 10 23 25 36,,false
daily-lotto,2019-04-02,5 21 22 26 32,,false
powerball,2019-04-02,11 29 35 38 41,18,false
powerball-plus,2019-04-02,5 11 21 24 45,1,false
daily-lotto,2019-04-03,8 14 16 33 34,,false
lotto,2019-04-03,26 29 32 45 49 51,22,false
lotto-plus-1,2019-04-03,12 18 19 25 28 35,17,false
daily-lotto,2019-04-04,1 3 10 16 36,,false
daily-lotto,2019-04-05,13 15 27 35 36,,false
powerball,2019-04-05,15 22 29 31 48,3,false
powerball-plus,2019-04-05,2 11 17 19 40,11,false
daily-lotto,2019-04-06,4 17 24 25 36,,false
lotto,2019-04-06,13 14 23 25 29 43,39,false
lotto-plus-1,2019-04-06,7 11 12 22 27 36,21,false
daily-lotto,2019-04-07,6 20 23 34 35,,false
daily-lotto,2019-04-08,11 13 15 19 31,,false
daily-lotto,2019-04-09,6 16 24 30 31,,false
powerball,2019-04-09,5 11 13 28 38,14,false
powerball-plus,2019-04-09,10 28 34 37 48,8,false
daily-lotto,2019-04-10,5 10 15 24 29,,false
lotto,2019-04-10,1 6 13 18 36 47,34,false
lotto-plus-1,2019-04-10,4 11 20 28 35 43,32,false
daily-lotto,2019-04-11,1 7 14 19 29,,false
daily-lotto,2019-04-12,4 8 19 34 36,,false
powerball,2019-04-12,28 35 41 43 50,12,false
powerball-plus,2019-04-12,1 31 35 44 49,2,false
daily-lotto,2019-04-13,5 18 30 33 34,,false
lotto,2019-04-13,13 16 22 34 39 46,37,false
lotto-plus-1,2019-04-13,19 22 24 43 49 52,1,false
daily-lotto,2019-04-14,3 17 23 24 26,,false
daily-lotto,2019-04-15,4 5 19 28 33,,false
daily-lotto,2019-04-16,2 7 17 24 27,,false
powerball,2019-04-16,5 6 32 44 48,5,false
powerball-plus,2019-04-16,1 18 33 46 48,6,false
daily-lotto,2019-04-17,8 23 27 32 34,,false
lotto,2019-04-17,1 19 38 42 50 51,21,false
lotto-plus-1,2019-04-17,11 19 21 23 25 27,7,false
daily-lotto,2019-04-18,10 12 14 20 22,,false
daily-lotto,2019-04-19,3 5 15 19 24,,false
powerball,2019-04-19,17 19 25 43 47,4,false
powerball-plus,2019-04-19,1 8 35 38 40,7,false
daily-lotto,2019-04-20,3 6 24 30 36,,false
lotto,2019-04-20,5 10 16 30 33 39,13,false
lotto-plus-1,2019-04-20,3 13 18 20 34 39,15,false
daily-lotto,2019-04-21,1 2 7 9 29,,false
daily-lotto,2019-04-22,9 16 20 21 30,,false
daily-lotto,2019-04-23,2 8 11 35 36,,false
powerball,2019-04-23,10 35 37 46 48,9,false
powerball-plus,2019-04-23,3 23 25 38 44,9,false
daily-lotto,2019-04-24,8 12 18 19 24,,false
lotto,2019-04-24,1 4 8 28 50 52,45,false
lotto-plus-1,2019-04-24,19 20 23 24 27 44,36,false
daily-lotto,2019-04-25,4 14 19 28 33,,false
daily-lotto,2019-04-26,1 23 28 33 34,,false
powerball,2019-04-26,13 16 19 43 49,13,false
powerball-plus,2019-04-26,6 19 45 47 50,1,false
daily-lotto,2019-04-27,13 18 21 28 29,,false
lotto,2019-04-27,4 19 21 43 44 51,13,false
lotto-plus-1,2019-04-27,8 27 34 35 37 47,28,false
daily-lotto,2019-04-28,18 26 30 32 34,,false
daily-lotto,2019-04-29,5 15 16 25 36,,false
daily-lotto,2019-04-30,3 5 20 25 28,,false
powerball,2019-04-30,1 3 20 46 48,5,false
powerball-plus,2019-04-30,15 19 21 36 49,6,false
daily-lotto,2019-05-01,2 4 6 29 33,,false
lotto,2019-05-01,2 6 10 30 42 45,35,false
lotto-plus-1,2019-05-01,15 19 26 27 39 40,52,false
daily-lotto,2019-05-02,5 8 14 16 24,,false
daily-lotto,2019-05-03,5 8 24 27 35,,false
powerball,2019-05-03,13 18 20 35 36,11,false
powerball-plus,2019-05-03,13 25 27 33 37,16,false
daily-lotto,2019-05-04,11 15 17 25 26,,false
lotto,2019-05-04,3 27 32 34 41 50,16,false
lotto-plus-1,2019-05-04,7 8 20 27 37 44,9,false
daily-lotto,2019-05-05,5 26 29 32 34,,false
daily-lotto,2019-05-06,14 16 25 29 32,,false
daily-lotto,2019-05-07,3 11 12 22 25,,false
powerball,2019-05-07,15 22 30 45 48,13,false
powerball-plus,2019-05-07,6 15 20 21 35,6,false
daily-lotto,2019-05-08,6 7 15 21 22,,false
lotto,2019-05-08,1 27 28 31 37 50,14,false
lotto-plus-1,2019-05-08,4 15 20 22 37 45,17,false
daily-lotto,2019-05-09,8 13 18 19 34,,false
daily-lotto,2019-05-10,5 9 19 26 31,,false
powerball,2019-05-10,14 22 23 39 43,15,false
powerball-plus,2019-05-10,1 7 15 19 47,10,false
daily-lotto,2019-05-11,6 7 11 28 36,,false
lotto,2019-05-11,25 28 35 36 41 45,48,false
lotto-plus-1,2019-05-11,18 20 23 26 41 50,21,false
daily-lotto,2019-05-12,1 6 17 33 36,,false
daily-lotto,2019-05-13,8 16 24 28 32,,false
daily-lotto,2019-05-14,4 6 20 22 25,,false
powerball,2019-05-14,15 18 34 44 46,16,false
powerball-plus,2019-05-14,8 12 16 24 50,8,false
daily-lotto,2019-05-15,6 7 13 17 32,,false
lotto,2019-05-15,20 23 29 31 32 52,42,false
lotto-plus-1,2019-05-15,8 16 19 40 46 51,28,false
daily-lotto,2019-05-16,5 14 18 33 34,,false
daily-lotto,2019-05-17,10 15 20 26 29,,false
powerball,2019-05-17,9 19 29 31 46,17,false
powerball-plus,2019-05-17,2 3 7 10 29,10,false
daily-lotto,2019-05-18,7 15 21 31 33,,false
lotto,2019-05-18,1 5 13 20 36 52,16,false
lotto-plus-1,2019-05-18,24 28 32 35 37 52,4,false
daily-lotto,2019-05-19,1 12 21 33 34,,false
daily-lotto,2019-05-20,11 22 25 28 31,,false
daily-lotto,2019-05-21,2 12 26 28 34,,false
powerball,2019-05-21,3 11 15 33 43,13,false
powerball-plus,2019-05-21,7 21 33 38 41,19,false
daily-lotto,2019-05-22,6 11 14 15 25,,false
lotto,2019-05-22,2 3 23 24 50 52,19,false
lotto-plus-1,2019-05-22,2 9 17 22 37 40,23,false
daily-lotto,2019-05-23,1 16 17 29 36,,false
daily-lotto,2019-05-24,2 9 11 20 31,,false
powerball,2019-05-24,3 25 29 38 39,7,false
powerball-plus,2019-05-24,5 9 24 29 39,19,false
daily-lotto,2019-05-25,6 10 21 31 34,,false
lotto,2019-05-25,4 6 12 17 32 34,8,false
lotto-plus-1,2019-05-25,2 20 21 23 32 52,41,false
daily-lotto,2019-05-26,9 15 16 27 30,,false
daily-lotto,2019-05-27,2 5 17 19 21,,false
daily-lotto,2019-05-28,9 13 14 15 25,,false
powerball,2019-05-28,15 21 25 33 43,17,false
powerball-plus,2019-05-28,15 18 31 32 45,18,false
daily-lotto,2019-05-29,19 20 28 32 33,,false
lotto,2019-05-29,11 19 28 34 46 52,32,false
lotto-plus-1,2019-05-29,7 22 29 33 35 37,11,false
daily-lotto,2019-05-30,5 6 11 23 30,,false
daily-lotto,2019-05-31,2 4 25 35 36,,false
powerball,2019-05-31,5 21 25 27 47,12,false
powerball-plus,2019-05-31,4 18 25 28 47,11,false
daily-lotto,2019-06-01,12 14 19 26 34,,false
lotto,2019-06-01,4 12 27 30 46 50,23,false
lotto-plus-1,2019-06-01,6 7 12 13 15 38,14,false
daily-lotto,2019-06-02,3 16 18 24 25,,false
daily-lotto,2019-06-03,3 6 10 22 23,,false
daily-lotto,2019-06-04,16 22 29 33 35,,false
powerball,2019-06-04,10 16 22 46 50,19,false
powerball-plus,2019-06-04,21 28 33 36 39,4,false
daily-lotto,2019-06-05,6 9 20 28 36,,false
lotto,2019-06-05,9 15 26 39 46 50,20,false
lotto-plus-1,2019-06-05,4 6 17 29 35 50,22,false
daily-lotto,2019-06-06,15 17 30 35 36,,false
daily-lotto,2019-06-07,6 15 23 24 28,,false
powerball,2019-06-07,4 11 21 22 45,14,false
powerball-plus,2019-06-07,19 21 23 36 50,6,false
daily-lotto,2019-06-08,5 18 28 31 36,,false
lotto,2019-06-08,11 14 16 44 49 52,45,false
lotto-plus-1,2019-06-08,9 10 15 17 33 52,11,false
daily-lotto,2019-06-09,13 22 32 34 35,,false
daily-lotto,2019-06-10,7 22 25 28 35,,false
daily-lotto,2019-06-11,4 13 14 18 30,,false
powerball,2019-06-11,11 14 15 38 47,13,false
powerball-plus,2019-06-11,7 8 29 47 48,14,false
daily-lotto,2019-06-12,6 17 20 33 34,,false
lotto,2019-06-12,1 2 31 34 43 50,13,false
lotto-plus-1,2019-06-12,11 16 26 35 39 43,47,false
daily-lotto,2019-06-13,3 18 19 27 34,,false
daily-lotto,2019-06-14,1 2 4 18 32,,false
powerball,2019-06-14,24 26 27 35 39,15,false
powerball-plus,2019-06-14,5 20 37 42 47,5,false
daily-lotto,2019-06-15,13 15 21 28 33,,false
lotto,2019-06-15,2 4 9 13 32 39,21,false
lotto-plus-1,2019-06-15,8 20 28 37 41 43,44,false
daily-lotto,2019-06-16,8 14 20 29 33,,false
daily-lotto,2019-06-17,8 9 17 20 28,,false
daily-lotto,2019-06-18,3 10 12 25 32,,false
powerball,2019-06-18,2 3 17 20 33,3,false
powerball-plus,2019-06-18,18 25 38 39 41,4,false
daily-lotto,2019-06-19,4 8 17 18 30,,false
lotto,2019-06-19,4 9 16 18 19 22,39,false
lotto-plus-1,2019-06-19,7 10 13 47 49 50,32,false
daily-lotto,2019-06-20,19 23 26 28 33,,false
daily-lotto,2019-06-21,7 14 26 27 35,,false
powerball,2019-06-21,8 15 28 46 49,8,false
powerball-plus,2019-06-21,19 24 30 34 46,15,false
daily-lotto,2019-06-22,2 11 25 33 35,,false
lotto,2019-06-22,3 9 10 33 48 52,19,false
lotto-plus-1,2019-06-22,7 9 12 13 29 39,14,false
daily-lotto,2019-06-23,7 14 15 23 24,,false
daily-lotto,2019-06-24,4 7 19 23 30,,false
daily-lotto,2019-06-25,1 3 4 16 18,,false
powerball,2019-06-25,3 32 33 38 40,11,false
powerball-plus,2019-06-25,9 11 27 42 46,13,false
daily-lotto,2019-06-26,15 26 32 33 36,,false
lotto,2019-06-26,10 14 26 37 42 44,19,false
lotto-plus-1,2019-06-26,2 5 9 29 33 34,46,false
daily-lotto,2019-06-27,4 6 25 31 36,,false
daily-lotto,2019-06-28,8 9 10 21 36,,false
powerball,2019-06-28,3 13 16 33 41,10,false
powerball-plus,2019-06-28,31 36 40 45 50,10,false
daily-lotto,2019-06-29,1 5 9 15 27,,false
lotto,2019-06-29,38 41 43 45 51 52,37,false
lotto-plus-1,2019-06-29,3 16 20 33 34 45,31,false
daily-lotto,2019-06-30,4 10 17 21 27,,false
daily-lotto,2019-07-01,2 10 13 26 33,,false
daily-lotto,2019-07-02,8 13 14 28 35,,false
powerball,2019-07-02,16 29 43 44 47,15,false
powerball-plus,2019-07-02,11 15 19 25 28,4,false
daily-lotto,2019-07-03,1 7 9 24 26,,false
lotto,2019-07-03,8 16 17 22 50 51,25,false
lotto-plus-1,2019-07-03,1 6 13 41 47 49,43,false
daily-lotto,2019-07-04,1 3 5 18 35,,false
daily-lotto,2019-07-05,2 20 24 27 33,,false
powerball,2019-07-05,28 37 39 46 47,12,false
powerball-plus,2019-07-05,7 11 13 18 37,17,false
daily-lotto,2019-07-06,2 11 12 16 24,,false
lotto,2019-07-06,1 21 26 29 38 41,23,false
lotto-plus-1,2019-07-06,18 20 29 33 34 43,28,false
daily-lotto,2019-07-07,2 6 9 13 25,,false
daily-lotto,2019-07-08,4 8 13 20 31,,false
daily-lotto,2019-07-09,15 22 24 27 31,,false
powerball,2019-07-09,9 12 28 44 49,13,false
powerball-plus,2019-07-09,2 10 22 36 38,19,false
daily-lotto,2019-07-10,7 9 23 26 27,,false
lotto,2019-07-10,4 6 20 28 46 49,3,false
lotto-plus-1,2019-07-10,14 17 20 26 28 39,49,false
daily-lotto,2019-07-11,3 10 25 35 36,,false
daily-lotto,2019-07-12,6 8 19 21 24,,false
powerball,2019-07-12,29 35 46 47 48,17,false
powerball-plus,2019-07-12,2 14 15 22 45,2,false
daily-lotto,2019-07-13,2 3 9 31 32,,false
lotto,2019-07-13,6 17 22 26 42 43,29,false
lotto-plus-1,2019-07-13,5 10 39 48 49 50,12,false
daily-lotto,2019-07-14,11 23 26 27 33,,false
daily-lotto,2019-07-15,8 16 20 22 30,,false
daily-lotto,2019-07-16,8 11 18 25 26,,false
powerball,2019-07-16,3 5 20 23 40,14,false
powerball-plus,2019-07-16,1 19 34 48 50,13,false
daily-lotto,2019-07-17,4 19 29 32 35,,false
lotto,2019-07-17,5 6 10 32 38 45,36,false
lotto-plus-1,2019-07-17,8 15 20 23 25 52,1,false
daily-lotto,2019-07-18,4 20 28 29 36,,false
daily-lotto,2019-07-19,6 10 11 28 31,,false
powerball,2019-07-19,3 12 13 20 41,16,false
powerball-plus,2019-07-19,7 22 34 44 49,12,false
daily-lotto,2019-07-20,9 13 22 31 35,,false
lotto,2019-07-20,8 24 28 29 32 51,45,false
lotto-plus-1,2019-07-20,17 24 29 37 47 51,25,false
daily-lotto,2019-07-21,9 14 20 29 35,,false
daily-lotto,2019-07-22,6 9 15 24 28,,false
daily-lotto,2019-07-23,2 6 17 26 34,,false
powerball,2019-07-23,4 6 35 45 48,20,false
powerball-plus,2019-07-23,2 20 23 25 46,8,false
daily-lotto,2019-07-24,5 14 18 28 29,,false
lotto,2019-07-24,1 11 29 36 43 46,40,false
lotto-plus-1,2019-07-24,5 18 30 32 44 46,45,false
daily-lotto,2019-07-25,2 5 13 16 21,,false
daily-lotto,2019-07-26,13 19 27 35 36,,false
powerball,2019-07-26,4 17 19 43 48,7,false
powerball-plus,2019-07-26,8 38 40 48 49,8,false
daily-lotto,2019-07-27,3 18 19 31 35,,false
lotto,2019-07-27,8 33 40 44 48 52,21,false
lotto-plus-1,2019-07-27,15 19 28 29 33 48,51,false
daily-lotto,2019-07-28,2 3 10 12 35,,false
daily-lotto,2019-07-29,6 14 15 17 33,,false
daily-lotto,2019-07-30,1 7 12 13 25,,false
powerball,2019-07-30,1 14 29 32 38,18,false
powerball-plus,2019-07-30,6 10 16 40 45,13,false
daily-lotto,2019-07-31,5 11 13 19 35,,false
lotto,2019-07-31,2 3 10 18 45 48,36,false
lotto-plus-1,2019-07-31,1 7 12 18 21 47,38,false
daily-lotto,2019-08-01,12 21 25 33 36,,false
daily-lotto,2019-08-02,3 15 21 29 32,,false
powerball,2019-08-02,5 31 45 46 47,5,false
powerball-plus,2019-08-02,8 15 17 28 40,12,false
daily-lotto,2019-08-03,13 14 27 29 34,,false
lotto,2019-08-03,12 22 26 33 47 49,9,false
lotto-plus-1,2019-08-03,5 28 41 44 45 47,13,false
daily-lotto,2019-08-04,3 8 21 30 35,,false
daily-lotto,2019-08-05,10 15 20 23 36,,false
daily-lotto,2019-08-06,10 13 15 24 28,,false
powerball,2019-08-06,6 8 15 30 37,20,false
powerball-plus,2019-08-06,5 14 28 29 40,18,false
daily-lotto,2019-08-07,7 9 15 16 26,,false
lotto,2019-08-07,15 19 24 27 44 52,22,false
lotto-plus-1,2019-08-07,8 12 22 30 36 47,44,false
daily-lotto,2019-08-08,3 6 7 21 29,,false
daily-lotto,2019-08-09,14 15 16 17 27,,false
powerball,2019-08-09,2 18 34 37 48,3,false
powerball-plus,2019-08-09,1 16 18 28 37,11,false
daily-lotto,2019-08-10,3 13 22 28 32,,false
lotto,2019-08-10,6 20 21 26 45 48,44,false
lotto-plus-1,2019-08-10,3 13 23 28 39 41,22,false
daily-lotto,2019-08-11,5 14 20 26 34,,false
daily-lotto,2019-08-12,6 15 17 23 30,,false
daily-lotto,2019-08-13,2 12 26 28 33,,false
powerball,2019-08-13,5 16 17 25 38,2,false
powerball-plus,2019-08-13,6 9 11 35 45,11,false
daily-lotto,2019-08-14,7 18 21 28 31,,false
lotto,2019-08-14,10 23 28 30 33 41,35,false
lotto-plus-1,2019-08-14,8 14 16 20 21 33,35,false
daily-lotto,2019-08-15,2 9 23 32 36,,false
daily-lotto,2019-08-16,4 19 21 24 34,,false
powerball,2019-08-16,3 10 14 31 41,9,false
powerball-plus,2019-08-16,18 25 29 41 44,2,false
daily-lotto,2019-08-17,2 5 8 16 26,,false
lotto,2019-08-17,5 14 40 49 51 52,2,false
lotto-plus-1,2019-08-17,1 16 27 45 46 47,29,false
daily-lotto,2019-08-18,2 6 15 16 29,,false
daily-lotto,2019-08-19,2 9 11 18 20,,false
daily-lotto,2019-08-20,1 2 22 31 35,,false
powerball,2019-08-20,11 19 20 39 41,9,false
powerball-plus,2019-08-20,3 19 23 28 41,15,false
daily-lotto,2019-08-21,6 13 21 26 32,,false
lotto,2019-08-21,14 19 22 29 35 36,51,false
lotto-plus-1,2019-08-21,5 11 14 18 21 32,47,false
daily-lotto,2019-08-22,7 18 23 29 32,,false
daily-lotto,2019-08-23,7 20 23 29 35,,false
powerball,2019-08-23,8 9 15 20 24,14,false
powerball-plus,2019-08-23,19 20 21 37 42,5,false
daily-lotto,2019-08-24,16 23 26 27 33,,false
lotto,2019-08-24,3 13 18 26 33 47,1,false
lotto-plus-1,2019-08-24,9 11 15 25 30 42,32,false
daily-lotto,2019-08-25,12 15 16 17 18,,false
daily-lotto,2019-08-26,17 27 28 29 36,,false
daily-lotto,2019-08-27,2 5 12 27 29,,false
powerball,2019-08-27,4 5 9 10 11,13,false
powerball-plus,2019-08-27,3 8 10 26 42,17,false
daily-lotto,2019-08-28,14 20 22 26 31,,false
lotto,2019-08-28,6 13 14 42 43 51,20,false
lotto-plus-1,2019-08-28,5 10 23 30 37 41,32,false
daily-lotto,2019-08-29,2 5 9 13 34,,false
daily-lotto,2019-08-30,17 24 26 33 36,,false
powerball,2019-08-30,8 14 36 40 47,2,false
powerball-plus,2019-08-30,9 10 14 19 28,2,false
daily-lotto,2019-08-31,6 8 13 22 29,,false
lotto,2019-08-31,15 22 25 27 39 41,19,false
lotto-plus-1,2019-08-31,6 25 30 45 49 50,9,false
daily-lotto,2019-09-01,2 3 16 29 36,,false
daily-lotto,2019-09-02,14 17 24 26 33,,false
daily-lotto,2019-09-03,1 4 10 18 30,,false
powerball,2019-09-03,6 11 16 31 34,19,false
powerball-plus,2019-09-03,2 9 14 29 30,8,false
daily-lotto,2019-09-04,5 20 23 24 36,,false
lotto,2019-09-04,1 14 21 40 42 44,22,false
lotto-plus-1,2019-09-04,20 25 27 35 46 52,29,false
daily-lotto,2019-09-05,1 9 12 22 29,,false
daily-lotto,2019-09-06,6 10 25 26 27,,false
powerball,2019-09-06,2 20 25 40 49,20,false
powerball-plus,2019-09-06,2 4 14 35 43,14,false
daily-lotto,2019-09-07,2 4 14 25 29,,false
lotto,2019-09-07,9 13 14 20 23 33,46,false
lotto-plus-1,2019-09-07,4 7 13 25 29 49,17,false
daily-lotto,2019-09-08,10 12 15 19 27,,false
daily-lotto,2019-09-09,3 10 12 19 23,,false
daily-lotto,2019-09-10,1 3 11 15 33,,false
powerball,2019-09-10,10 15 24 28 50,5,false
powerball-plus,2019-09-10,2 14 20 31 38,2,false
daily-lotto,2019-09-11,1 16 21 26 32,,false
lotto,2019-09-11,5 10 32 35 36 49,26,false
lotto-plus-1,2019-09-11,2 8 24 35 45 50,26,false
daily-lotto,2019-09-12,4 6 20 24 29,,false
daily-lotto,2019-09-13,5 25 29 30 33,,false
powerball,2019-09-13,8 9 10 11 42,9,false
powerball-plus,2019-09-13,3 13 27 32 35,14,false
daily-lotto,2019-09-14,8 11 14 15 35,,false
lotto,2019-09-14,4 25 27 28 37 47,29,false
lotto-plus-1,2019-09-14,7 8 27 30 38 44,13,false
daily-lotto,2019-09-15,2 3 9 12 27,,false
daily-lotto,2019-09-16,11 12 21 23 27,,false
daily-lotto,2019-09-17,12 20 27 34 36,,false
powerball,2019-09-17,13 21 23 35 49,8,false
powerball-plus,2019-09-17,22 29 33 38 45,5,false
daily-lotto,2019-09-18,10 12 15 23 25,,false
lotto,2019-09-18,20 21 39 49 50 52,47,false
lotto-plus-1,2019-09-18,6 15 19 20 26 44,37,false
daily-lotto,2019-09-19,10 12 15 16 23,,false
daily-lotto,2019-09-20,7 23 26 31 34,,false
powerball,2019-09-20,9 16 22 29 35,6,false
powerball-plus,2019-09-20,11 23 24 25 44,13,false
daily-lotto,2019-09-21,14 17 23 28 29,,false
lotto,2019-09-21,10 22 23 29 31 41,20,false
lotto-plus-1,2019-09-21,6 8 12 30 44 48,2,false
daily-lotto,2019-09-22,2 10 14 25 27,,false
daily-lotto,2019-09-23,2 20 21 29 30,,false
daily-lotto,2019-09-24,10 27 31 34 35,,false
powerball,2019-09-24,6 34 35 36 46,12,false
powerball-plus,2019-09-24,9 15 20 28 37,20,false
daily-lotto,2019-09-25,4 12 13 23 28,,false
lotto,2019-09-25,1 2 5 6 10 49,20,false
lotto-plus-1,2019-09-25,15 16 27 33 42 47,38,false
daily-lotto,2019-09-26,3 11 14 24 27,,false
daily-lotto,2019-09-27,19 21 22 28 33,,false
powerball,2019-09-27,14 16 18 22 39,15,false
powerball-plus,2019-09-27,14 30 35 40 41,6,false
daily-lotto,2019-09-28,8 9 28 31 33,,false
lotto,2019-09-28,3 17 24 28 42 46,14,false
lotto-plus-1,2019-09-28,15 30 33 37 38 50,43,false
daily-lotto,2019-09-29,6 12 13 19 31,,false
daily-lotto,2019-09-30,3 4 8 18 25,,false
daily-lotto,2019-10-01,11 17 27 28 34,,false
powerball,2019-10-01,3 9 29 32 50,7,false
powerball-plus,2019-10-01,11 16 17 24 50,2,false
daily-lotto,2019-10-02,2 17 26 32 33,,false
lotto,2019-10-02,8 16 18 35 37 40,12,false
lotto-plus-1,2019-10-02,4 30 33 42 43 47,45,false
daily-lotto,2019-10-03,6 7 13 21 23,,false
daily-lotto,2019-10-04,1 3 9 26 32,,false
powerball,2019-10-04,4 5 23 29 31,17,false
powerball-plus,2019-10-04,18 37 38 46 48,1,false
daily-lotto,2019-10-05,3 6 9 24 33,,false
lotto,2019-10-05,2 12 23 24 25 43,17,false
lotto-plus-1,2019-10-05,13 14 17 27 33 46,32,false
daily-lotto,2019-10-06,2 8 10 12 27,,false
daily-lotto,2019-10-07,21 22 24 25 36,,false
daily-lotto,2019-10-08,13 15 24 27 31,,false
powerball,2019-10-08,4 15 36 37 50,17,false
powerball-plus,2019-10-08,19 28 33 42 46,4,false
daily-lotto,2019-10-09,13 20 29 32 35,,false
lotto,2019-10-09,3 8 27 44 49 50,7,false
lotto-plus-1,2019-10-09,2 20 26 37 39 50,51,false
daily-lotto,2019-10-10,5 6 22 28 36,,false
daily-lotto,2019-10-11,10 11 14 22 24,,false
powerball,2019-10-11,15 16 17 26 43,10,false
powerball-plus,2019-10-11,18 24 37 39 44,10,false
daily-lotto,2019-10-12,1 17 18 28 36,,false
lotto,2019-10-12,8 13 24 25 34 48,38,false
lotto-plus-1,2019-10-12,2 10 12 16 17 49,24,false
daily-lotto,2019-10-13,5 7 8 25 27,,false
daily-lotto,2019-10-14,6 11 19 22 31,,false
daily-lotto,2019-10-15,9 15 18 25 27,,false
powerball,2019-10-15,10 34 36 39 50,6,false
powerball-plus,2019-10-15,2 3 29 34 46,2,false
daily-lotto,2019-10-16,2 9 17 22 25,,false
lotto,2019-10-16,7 8 20 21 25 33,41,false
lotto-plus-1,2019-10-16,19 24 30 36 43 46,50,false
daily-lotto,2019-10-17,4 18 20 25 31,,false
daily-lotto,2019-10-18,2 13 15 18 36,,false
powerball,2019-10-18,15 21 31 34 44,2,false
powerball-plus,2019-10-18,7 9 11 23 28,4,false
daily-lotto,2019-10-19,8 11 16 26 30,,false
lotto,2019-10-19,8 17 27 38 48 52,30,false
lotto-plus-1,2019-10-19,3 9 24 39 48 51,12,false
daily-lotto,2019-10-20,6 16 17 19 34,,false
daily-lotto,2019-10-21,19 27 28 29 34,,false
daily-lotto,2019-10-22,2 8 18 23 32,,false
powerball,2019-10-22,3 22 31 35 48,16,false
powerball-plus,2019-10-22,29 31 33 37 46,15,false
daily-lotto,2019-10-23,4 17 21 29 30,,false
lotto,2019-10-23,9 11 15 16 20 46,40,false
lotto-plus-1,2019-10-23,29 30 31 36 45 46,48,false
daily-lotto,2019-10-24,1 3 10 32 35,,false
daily-lotto,2019-10-25,10 16 19 29 31,,false
powerball,2019-10-25,2 21 29 37 49,9,false
powerball-plus,2019-10-25,3 6 23 29 47,19,false
daily-lotto,2019-10-26,2 9 22 33 36,,false
lotto,2019-10-26,14 18 24 30 33 37,28,false
lotto-plus-1,2019-10-26,12 16 19 24 31 33,23,false
daily-lotto,2019-10-27,5 6 7 9 28,,false
daily-lotto,2019-10-28,18 23 28 34 36,,false
daily-lotto,2019-10-29,2 5 6 7 9,,false
powerball,2019-10-29,8 29 38 41 50,2,false
powerball-plus,2019-10-29,12 14 26 28 45,7,false
daily-lotto,2019-10-30,18 21 24 30 32,,false
lotto,2019-10-30,11 19 25 35 39 51,6,false
lotto-plus-1,2019-10-30,14 19 22 32 40 49,33,false
daily-lotto,2019-10-31,12 15 17 21 36,,false
daily-lotto,2019-11-01,6 9 15 22 30,,false
powerball,2019-11-01,13 25 29 43 47,12,false
powerball-plus,2019-11-01,4 26 30 32 36,7,false
daily-lotto,2019-11-02,2 12 20 24 31,,false
lotto,2019-11-02,2 4 13 20 33 46,27,false
lotto-plus-1,2019-11-02,4 8 15 19 28 44,3,false
daily-lotto,2019-11-03,6 21 24 28 36,,false
daily-lotto,2019-11-04,6 8 21 33 34,,false
daily-lotto,2019-11-05,5 9 13 25 35,,false
powerball,2019-11-05,4 7 18 27 37,8,false
powerball-plus,2019-11-05,16 21 31 36 39,7,false
daily-lotto,2019-11-06,2 16 20 22 28,,false
lotto,2019-11-06,15 16 19 29 47 50,21,false
lotto-plus-1,2019-11-06,21 26 39 41 45 51,28,false
daily-lotto,2019-11-07,3 5 19 30 32,,false
daily-lotto,2019-11-08,13 23 30 32 33,,false
powerball,2019-11-08,5 18 27 37 45,12,false
powerball-plus,2019-11-08,1 13 19 37 42,18,false
daily-lotto,2019-11-09,1 2 7 32 36,,false
lotto,2019-11-09,16 19 23 41 50 52,20,false
lotto-plus-1,2019-11-09,6 8 15 29 41 52,44,false
daily-lotto,2019-11-10,10 20 23 32 34,,false
daily-lotto,2019-11-11,9 13 26 31 34,,false
daily-lotto,2019-11-12,2 7 9 14 30,,false
powerball,2019-11-12,3 5 10 11 25,10,false
powerball-plus,2019-11-12,3 25 36 42 44,15,false
daily-lotto,2019-11-13,7 13 17 23 25,,false
lotto,2019-11-13,1 17 22 26 28 34,48,false
lotto-plus-1,2019-11-13,5 15 24 41 45 52,23,false
daily-lotto,2019-11-14,8 12 15 21 26,,false
daily-lotto,2019-11-15,5 7 16 26 31,,false
powerball,2019-11-15,13 15 31 37 49,13,false
powerball-plus,2019-11-15,18 21 25 29 34,3,false
daily-lotto,2019-11-16,1 2 9 19 31,,false
lotto,2019-11-16,11 19 22 35 44 47,26,false
lotto-plus-1,2019-11-16,10 12 24 32 36 39,41,false
daily-lotto,2019-11-17,6 16 18 23 33,,false
daily-lotto,2019-11-18,7 14 20 24 36,,false
daily-lotto,2019-11-19,21 23 25 27 34,,false
powerball,2019-11-19,3 4 16 43 44,10,false
powerball-plus,2019-11-19,31 32 39 45 47,16,false
daily-lotto,2019-11-20,4 8 19 24 30,,false
lotto,2019-11-20,1 10 22 32 40 49,8,false
lotto-plus-1,2019-11-20,1 9 19 20 32 35,14,false
daily-lotto,2019-11-21,4 11 12 21 23,,false
daily-lotto,2019-11-22,6 15 19 22 32,,false
powerball,2019-11-22,5 17 18 20 26,7,false
powerball-plus,2019-11-22,3 14 15 27 32,12,false
daily-lotto,2019-11-23,11 22 27 29 31,,false
lotto,2019-11-23,9 10 25 27 51 52,5,false
lotto-plus-1,2019-11-23,1 15 25 27 34 52,49,false
daily-lotto,2019-11-24,6 12 19 27 34,,false
daily-lotto,2019-11-25,4 8 18 19 34,,false
daily-lotto,2019-11-26,2 7 15 26 35,,false
powerball,2019-11-26,2 8 11 13 32,3,false
powerball-plus,2019-11-26,5 12 17 31 34,16,false
daily-lotto,2019-11-27,9 25 34 35 36,,false
lotto,2019-11-27,12 14 17 20 34 37,26,false
lotto-plus-1,2019-11-27,7 18 19 22 23 40,37,false
daily-lotto,2019-11-28,4 12 17 28 34,,false
daily-lotto,2019-11-29,22 23 28 33 36,,false
powerball,2019-11-29,6 11 21 25 49,12,false
powerball-plus,2019-11-29,17 27 30 34 37,20,false
daily-lotto,2019-11-30,16 22 26 29 34,,false
lotto,2019-11-30,4 8 17 18 34 43,48,false
lotto-plus-1,2019-11-30,15 28 35 37 38 44,39,false
daily-lotto,2019-12-01,3 4 14 26 30,,false
daily-lotto,2019-12-02,1 21 30 31 36,,false
daily-lotto,2019-12-03,4 8 22 25 33,,false
powerball,2019-12-03,5 6 15 23 45,6,false
powerball-plus,2019-12-03,12 24 43 46 49,12,false
daily-lotto,2019-12-04,3 6 9 10 11,,false
lotto,2019-12-04,3 14 25 39 48 51,28,false
lotto-plus-1,2019-12-04,3 4 10 32 39 46,36,false
daily-lotto,2019-12-05,1 16 21 33 36,,false
daily-lotto,2019-12-06,2 21 29 30 36,,false
powerball,2019-12-06,12 19 33 34 49,8,false
powerball-plus,2019-12-06,14 19 34 44 49,4,false
daily-lotto,2019-12-07,8 9 22 28 35,,false
lotto,2019-12-07,11 12 15 20 34 46,27,false
lotto-plus-1,2019-12-07,8 14 20 23 28 43,37,false
daily-lotto,2019-12-08,6 8 9 22 36,,false
daily-lotto,2019-12-09,4 14 22 25 27,,false
daily-lotto,2019-12-10,5 7 19 31 33,,false
powerball,2019-12-10,18 21 24 40 50,17,false
powerball-plus,2019-12-10,14 16 19 27 30,5,false
daily-lotto,2019-12-11,5 9 11 15 23,,false
lotto,2019-12-11,3 6 18 28 31 50,24,false
lotto-plus-1,2019-12-11,5 19 21 44 45 49,11,false
daily-lotto,2019-12-12,11 20 27 31 36,,false
daily-lotto,2019-12-13,6 9 21 24 36,,false
powerball,2019-12-13,1 9 13 25 34,10,false
powerball-plus,2019-12-13,4 10 13 21 27,19,false
daily-lotto,2019-12-14,5 6 7 22 34,,false
lotto,2019-12-14,2 3 6 23 34 49,20,false
lotto-plus-1,2019-12-14,5 10 12 36 43 44,49,false
daily-lotto,2019-12-15,4 19 20 30 35,,false
daily-lotto,2019-12-16,8 10 20 22 27,,false
daily-lotto,2019-12-17,5 12 16 20 25,,false
powerball,2019-12-17,15 27 33 38 48,1,false
powerball-plus,2019-12-17,13 18 21 35 36,16,false
daily-lotto,2019-12-18,5 11 21 32 35,,false
lotto,2019-12-18,10 17 24 32 40 44,5,false
lotto-plus-1,2019-12-18,1 2 13 26 41 51,31,false
daily-lotto,2019-12-19,1 5 9 15 23,,false
daily-lotto,2019-12-20,3 7 20 21 35,,false
powerball,2019-12-20,8 10 22 36 40,20,false
powerball-plus,2019-12-20,7 9 27 35 46,12,false
daily-lotto,2019-12-21,3 17 24 31 34,,false
lotto,2019-12-21,1 3 15 29 35 45,52,false
lotto-plus-1,2019-12-21,14 26 33 37 44 52,50,false
daily-lotto,2019-12-22,2 12 13 22 35,,false
daily-lotto,2019-12-23,5 11 19 21 36,,false
daily-lotto,2019-12-24,8 11 16 22 25,,false
powerball,2019-12-24,14 18 29 41 46,6,false
powerball-plus,2019-12-24,4 21 22 42 50,7,false
daily-lotto,2019-12-26,6 12 23 25 36,,false
daily-lotto,2019-12-27,4 13 16 27 35,,false
powerball,2019-12-27,4 13 34 36 38,4,false
powerball-plus,2019-12-27,22 27 33 43 46,18,false
daily-lotto,2019-12-28,23 29 30 31 32,,false
lotto,2019-12-28,4 8 11 16 29 42,28,false
lotto-plus-1,2019-12-28,11 14 20 21 30 35,29,false
daily-lotto,2019-12-29,4 12 16 34 36,,false
daily-lotto,2019-12-30,7 13 14 17 30,,false
daily-lotto,2019-12-31,2 4 5 26 29,,false
powerball,2019-12-31,22 31 44 49 50,8,false
powerball-plus,2019-12-31,1 9 17 26 35,3,false
daily-lotto,2020-01-01,14 17 21 22 29,,false
lotto,2020-01-01,4 5 24 40 42 47,17,false
lotto-plus-1,2020-01-01,4 11 13 27 30 34,8,false
daily-lotto,2020-01-02,1 6 16 24 34,,false
daily-lotto,2020-01-03,9 14 18 26 30,,false
powerball,2020-01-03,8 9 18 43 50,12,false
powerball-plus,2020-01-03,1 4 6 31 34,5,false
daily-lotto,2020-01-04,4 14 24 28 30,,false
lotto,2020-01-04,8 13 14 41 43 44,19,false
lotto-plus-1,2020-01-04,2 6 21 30 31 38,37,false
daily-lotto,2020-01-05,5 18 21 23 34,,false
daily-lotto,2020-01-06,8 14 25 26 28,,false
daily-lotto,2020-01-07,2 3 24 26 35,,false
powerball,2020-01-07,4 8 18 35 49,10,false
powerball-plus,2020-01-07,4 17 29 34 39,1,false
daily-lotto,2020-01-08,6 8 9 11 20,,false
lotto,2020-01-08,14 19 21 43 45 50,37,false
lotto-plus-1,2020-01-08,9 19 34 36 46 49,44,false
daily-lotto,2020-01-09,8 11 16 24 27,,false
daily-lotto,2020-01-10,1 11 12 27 35,,false
powerball,2020-01-10,23 25 28 30 40,13,false
powerball-plus,2020-01-10,7 8 9 27 44,1,false
daily-lotto,2020-01-11,6 7 21 25 36,,false
lotto,2020-01-11,6 16 18 33 47 51,29,false
lotto-plus-1,2020-01-11,4 7 21 30 36 44,34,false
daily-lotto,2020-01-12,22 26 29 33 35,,false
daily-lotto,2020-01-13,1 3 10 17 21,,false
daily-lotto,2020-01-14,7 11 19 28 32,,false
powerball,2020-01-14,9 10 11 32 43,15,false
powerball-plus,2020-01-14,5 6 12 15 17,17,false
daily-lotto,2020-01-15,6 8 11 12 22,,false
lotto,2020-01-15,6 25 31 36 41 42,50,false
lotto-plus-1,2020-01-15,8 12 26 34 45 52,1,false
daily-lotto,2020-01-16,12 17 31 35 36,,false
daily-lotto,2020-01-17,9 10 24 31 34,,false
powerball,2020-01-17,7 8 18 26 31,16,false
powerball-plus,2020-01-17,4 13 19 21 24,4,false
daily-lotto,2020-01-18,1 9 10 16 17,,false
lotto,2020-01-18,2 8 18 46 48 49,9,false
lotto-plus-1,2020-01-18,9 11 14 23 37 39,12,false
daily-lotto,2020-01-19,2 9 10 13 25,,false
daily-lotto,2020-01-20,5 8 16 33 34,,false
daily-lotto,2020-01-21,5 21 25 30 32,,false
powerball,2020-01-21,14 18 32 42 49,17,false
powerball-plus,2020-01-21,14 30 33 46 49,19,false
daily-lotto,2020-01-22,4 6 7 14 25,,false
lotto,2020-01-22,12 19 24 31 37 52,14,false
lotto-plus-1,2020-01-22,5 12 18 20 28 40,14,false
daily-lotto,2020-01-23,6 18 24 28 30,,false
daily-lotto,2020-01-24,1 11 16 24 31,,false
powerball,2020-01-24,5 11 26 48 49,12,false
powerball-plus,2020-01-24,7 21 33 37 48,14,false
daily-lotto,2020-01-25,3 5 7 10 15,,false
lotto,2020-01-25,15 17 22 29 35 49,25,false
lotto-plus-1,2020-01-25,3 7 21 31 38 48,23,false
daily-lotto,2020-01-26,3 6 12 17 29,,false
daily-lotto,2020-01-27,7 12 19 32 36,,false
daily-lotto,2020-01-28,6 12 22 30 34,,false
powerball,2020-01-28,14 18 31 36 49,9,false
powerball-plus,2020-01-28,1 4 19 29 33,20,false
daily-lotto,2020-01-29,3 5 21 32 35,,false
lotto,2020-01-29,13 15 28 34 37 50,2,false
lotto-plus-1,2020-01-29,2 16 30 36 46 52,38,false
daily-lotto,2020-01-30,2 6 29 32 35,,false
daily-lotto,2020-01-31,7 9 14 15 36,,false
powerball,2020-01-31,11 14 18 29 34,15,false
powerball-plus,2020-01-31,1 3 8 16 30,18,false
daily-lotto,2020-02-01,4 5 7 12 23,,false
lotto,2020-02-01,1 13 16 25 42 47,15,false
lotto-plus-1,2020-02-01,1 7 18 23 24 47,5,false
daily-lotto,2020-02-02,4 8 14 29 35,,false
daily-lotto,2020-02-03,5 6 12 28 36,,false
daily-lotto,2020-02-04,1 4 14 20 25,,false
powerball,2020-02-04,3 15 23 37 45,18,false
powerball-plus,2020-02-04,17 18 23 28 45,13,false
daily-lotto,2020-02-05,7 24 25 27 34,,false
lotto,2020-02-05,3 6 20 21 41 45,29,false
lotto-plus-1,2020-02-05,13 15 24 39 45 47,44,false
daily-lotto,2020-02-06,2 4 6 9 12,,false
daily-lotto,2020-02-07,6 13 27 34 36,,false
powerball,2020-02-07,2 4 29 38 47,1,false
powerball-plus,2020-02-07,13 20 40 41 45,17,false
daily-lotto,2020-02-08,1 5 15 35 36,,false
lotto,2020-02-08,3 28 37 41 42 51,14,false
lotto-plus-1,2020-02-08,20 26 35 43 44 46,34,false
daily-lotto,2020-02-09,9 11 18 24 29,,false
daily-lotto,2020-02-10,4 14 22 25 27,,false
daily-lotto,2020-02-11,12 13 15 26 28,,false
powerball,2020-02-11,9 22 40 43 46,1,false
powerball-plus,2020-02-11,7 12 15 18 45,17,false
daily-lotto,2020-02-12,3 8 12 23 30,,false
lotto,2020-02-12,16 18 32 38 39 44,31,false
lotto-plus-1,2020-02-12,1 5 24 29 34 44,4,false
daily-lotto,2020-02-13,5 6 10 16 22,,false
daily-lotto,2020-02-14,4 6 13 14 29,,false
powerball,2020-02-14,2 19 40 49 50,6,false
powerball-plus,2020-02-14,2 3 9 10 33,12,false
daily-lotto,2020-02-15,1 20 22 24 30,,false
lotto,2020-02-15,1 7 20 23 45 48,16,false
lotto-plus-1,2020-02-15,19 24 30 34 45 49,27,false
daily-lotto,2020-02-16,2 25 29 32 33,,false
daily-lotto,2020-02-17,5 19 21 22 32,,false
daily-lotto,2020-02-18,7 8 23 30 32,,false
powerball,2020-02-18,14 17 20 36 49,2,false
powerball-plus,2020-02-18,14 20 27 45 47,14,false
daily-lotto,2020-02-19,4 6 14 26 29,,false
lotto,2020-02-19,11 13 17 22 39 52,2,false
lotto-plus-1,2020-02-19,21 25 34 43 50 51,20,false
daily-lotto,2020-02-20,3 5 12 27 33,,false
daily-lotto,2020-02-21,10 12 15 25 29,,false
powerball,2020-02-21,4 18 30 34 36,20,false
powerball-plus,2020-02-21,1 8 13 25 43,6,false
daily-lotto,2020-02-22,5 18 20 27 34,,false
lotto,2020-02-22,7 31 32 34 46 48,41,false
lotto-plus-1,2020-02-22,3 4 5 8 15 25,40,false
daily-lotto,2020-02-23,4 5 11 12 27,,false
daily-lotto,2020-02-24,9 14 29 31 33,,false
daily-lotto,2020-02-25,5 8 10 13 19,,false
powerball,2020-02-25,4 10 17 26 31,11,false
powerball-plus,2020-02-25,1 16 38 47 48,4,false
daily-lotto,2020-02-26,11 21 29 32 33,,false
lotto,2020-02-26,23 25 34 44 48 51,41,false
lotto-plus-1,2020-02-26,6 17 19 30 39 48,7,false
daily-lotto,2020-02-27,3 5 19 25 26,,false
daily-lotto,2020-02-28,10 29 30 31 35,,false
powerball,2020-02-28,1 31 37 49 50,2,false
powerball-plus,2020-02-28,5 17 19 24 26,16,false
daily-lotto,2020-02-29,7 16 20 28 35,,false
lotto,2020-02-29,9 23 26 28 30 34,46,false
lotto-plus-1,2020-02-29,16 19 20 21 25 37,35,false
daily-lotto,2020-03-01,2 8 10 15 23,,false
daily-lotto,2020-03-02,4 13 14 20 34,,false
daily-lotto,2020-03-03,4 10 16 18 33,,false
powerball,2020-03-03,11 17 18 27 44,8,false
powerball-plus,2020-03-03,13 25 33 39 44,17,false
daily-lotto,2020-03-04,9 12 28 34 36,,false
lotto,2020-03-04,10 26 35 43 47 50,2,false
lotto-plus-1,2020-03-04,5 13 28 29 43 46,25,false
daily-lotto,2020-03-05,19 20 21 33 34,,false
daily-lotto,2020-03-06,4 5 10 22 29,,false
powerball,2020-03-06,6 23 26 28 47,6,false
powerball-plus,2020-03-06,2 16 19 36 50,15,false
daily-lotto,2020-03-07,3 15 16 21 30,,false
lotto,2020-03-07,1 9 12 14 30 48,46,false
lotto-plus-1,2020-03-07,3 10 24 26 28 51,49,false
daily-lotto,2020-03-08,9 15 28 32 34,,false
daily-lotto,2020-03-09,10 14 16 31 36,,false
daily-lotto,2020-03-10,2 11 13 17 20,,false
powerball,2020-03-10,6 8 24 25 50,10,false
powerball-plus,2020-03-10,2 3 15 32 36,5,false
daily-lotto,2020-03-11,2 8 10 24 34,,false
lotto,2020-03-11,4 17 22 34 38 46,6,false
lotto-plus-1,2020-03-11,7 15 30 34 43 49,44,false
daily-lotto,2020-03-12,2 12 18 32 36,,false
daily-lotto,2020-03-13,3 12 13 20 35,,false
powerball,2020-03-13,5 6 12 22 50,11,false
powerball-plus,2020-03-13,2 13 35 44 50,4,false
daily-lotto,2020-03-14,16 20 29 32 33,,false
lotto,2020-03-14,15 16 17 29 37 39,47,false
lotto-plus-1,2020-03-14,2 5 13 24 35 44,43,false
daily-lotto,2020-03-15,1 12 13 34 36,,false
daily-lotto,2020-03-16,1 3 5 14 22,,false
daily-lotto,2020-03-17,2 10 15 16 20,,false
powerball,2020-03-17,16 29 34 38 49,14,false
powerball-plus,2020-03-17,11 20 22 25 50,16,false
daily-lotto,2020-03-18,3 5 6 11 36,,false
lotto,2020-03-18,7 37 42 45 48 50,43,false
lotto-plus-1,2020-03-18,12 15 17 20 42 48,3,false
daily-lotto,2020-03-19,2 14 16 32 33,,false
daily-lotto,2020-03-20,3 9 18 19 22,,false
powerball,2020-03-20,4 9 16 21 36,14,false
powerball-plus,2020-03-20,1 18 27 36 37,5,false
daily-lotto,2020-03-21,5 11 15 31 36,,false
lotto,2020-03-21,3 13 36 45 47 50,46,false
lotto-plus-1,2020-03-21,1 12 15 27 46 48,33,false
daily-lotto,2020-03-22,2 5 20 23 30,,false
daily-lotto,2020-03-23,7 11 19 24 35,,false
daily-lotto,2020-03-24,9 13 22 31 34,,false
powerball,2020-03-24,4 12 41 45 46,5,false
powerball-plus,2020-03-24,6 12 24 34 45,12,false
daily-lotto,2020-03-25,2 7 10 15 22,,false
lotto,2020-03-25,10 13 19 25 42 47,35,false
lotto-plus-1,2020-03-25,3 12 16 20 21 36,33,false
daily-lotto,2020-03-26,22 24 31 32 36,,false
daily-lotto,2020-03-27,7 15 21 27 33,,false
powerball,2020-03-27,3 8 18 38 45,3,false
powerball-plus,2020-03-27,2 16 28 36 39,16,false
daily-lotto,2020-03-28,4 10 14 25 32,,false
lotto,2020-03-28,6 13 14 19 28 45,4,false
lotto-plus-1,2020-03-28,24 25 26 34 39 43,21,false
daily-lotto,2020-03-29,4 6 13 25 26,,false
daily-lotto,2020-03-30,6 14 16 27 30,,false
daily-lotto,2020-03-31,2 7 20 21 35,,false
powerball,2020-03-31,14 20 28 43 49,5,false
powerball-plus,2020-03-31,5 35 37 42 50,20,false
daily-lotto,2020-04-01,5 8 11 20 32,,false
lotto,2020-04-01,7 15 32 42 45 51,1,false
lotto-plus-1,2020-04-01,1 4 8 24 32 42,2,false
daily-lotto,2020-04-02,10 11 14 15 29,,false
daily-lotto,2020-04-03,2 12 24 25 31,,false
powerball,2020-04-03,9 10 29 32 45,9,false
powerball-plus,2020-04-03,8 19 21 29 50,13,false
daily-lotto,2020-04-04,1 2 19 26 33,,false
lotto,2020-04-04,3 4 10 21 24 43,22,false
lotto-plus-1,2020-04-04,3 13 14 22 45 46,43,false
daily-lotto,2020-04-05,6 11 20 29 36,,false
daily-lotto,2020-04-06,8 22 26 33 35,,false
daily-lotto,2020-04-07,7 11 12 23 24,,false
powerball,2020-04-07,4 13 32 34 42,9,false
powerball-plus,2020-04-07,11 12 21 41 45,19,false
daily-lotto,2020-04-08,2 9 17 20 32,,false
lotto,2020-04-08,2 8 18 29 42 43,34,false
lotto-plus-1,2020-04-08,6 26 28 31 38 47,10,false
daily-lotto,2020-04-09,10 21 32 34 36,,false
daily-lotto,2020-04-10,5 14 16 27 29,,false
powerball,2020-04-10,7 14 22 24 41,16,false
powerball-plus,2020-04-10,10 13 22 27 41,4,false
daily-lotto,2020-04-11,5 11 14 21 29,,false
lotto,2020-04-11,6 25 41 43 45 48,38,false
lotto-plus-1,2020-04-11,1 9 17 37 49 52,5,false
daily-lotto,2020-04-12,1 5 10 25 29,,false
daily-lotto,2020-04-13,23 24 27 31 33,,false
daily-lotto,2020-04-14,1 14 19 25 36,,false
powerball,2020-04-14,6 11 25 31 46,9,false
powerball-plus,2020-04-14,3 4 25 31 46,8,false
daily-lotto,2020-04-15,3 15 23 26 36,,false
lotto,2020-04-15,24 28 33 36 48 51,46,false
lotto-plus-1,2020-04-15,11 27 28 29 33 42,15,false
daily-lotto,2020-04-16,15 18 19 21 31,,false
daily-lotto,2020-04-17,1 6 29 30 31,,false
powerball,2020-04-17,16 19 20 23 25,10,false
powerball-plus,2020-04-17,8 9 16 45 49,18,false
daily-lotto,2020-04-18,2 4 8 15 22,,false
lotto,2020-04-18,8 14 24 31 38 47,21,false
lotto-plus-1,2020-04-18,9 18 19 21 26 29,33,false
daily-lotto,2020-04-19,7 10 14 17 30,,false
daily-lotto,2020-04-20,4 10 23 27 36,,false
daily-lotto,2020-04-21,5 7 19 22 25,,false
powerball,2020-04-21,8 13 21 46 50,13,false
powerball-plus,2020-04-21,13 19 36 37 43,9,false
daily-lotto,2020-04-22,3 8 22 23 28,,false
lotto,2020-04-22,1 2 14 20 33 38,9,false
lotto-plus-1,2020-04-22,4 10 14 28 34 43,23,false
daily-lotto,2020-04-23,1 7 14 17 22,,false
daily-lotto,2020-04-24,1 13 20 26 28,,false
powerball,2020-04-24,10 12 22 42 50,18,false
powerball-plus,2020-04-24,3 12 22 24 28,19,false
daily-lotto,2020-04-25,9 12 29 31 34,,false
lotto,2020-04-25,4 24 36 39 44 48,1,false
lotto-plus-1,2020-04-25,2 10 15 34 40 43,13,false
daily-lotto,2020-04-26,5 9 29 30 36,,false
daily-lotto,2020-04-27,9 11 13 14 19,,false
daily-lotto,2020-04-28,1 3 17 21 22,,false
powerball,2020-04-28,6 12 32 36 45,4,false
powerball-plus,2020-04-28,9 18 37 39 48,4,false
daily-lotto,2020-04-29,1 16 19 20 29,,false
lotto,2020-04-29,9 25 26 30 33 43,23,false
lotto-plus-1,2020-04-29,20 30 34 35 42 51,48,false
daily-lotto,2020-04-30,4 6 15 33 35,,false
daily-lotto,2020-05-01,1 12 18 19 24,,false
powerball,2020-05-01,12 20 43 48 49,6,false
powerball-plus,2020-05-01,8 17 18 34 44,9,false
daily-lotto,2020-05-02,4 17 21 26 31,,false
lotto,2020-05-02,1 11 14 19 31 43,7,false
lotto-plus-1,2020-05-02,15 24 27 34 45 51,17,false
daily-lotto,2020-05-03,12 18 22 24 26,,false
daily-lotto,2020-05-04,7 10 25 26 33,,false
daily-lotto,2020-05-05,3 6 21 26 29,,false
powerball,2020-05-05,6 22 41 46 49,3,false
powerball-plus,2020-05-05,2 12 18 32 33,2,false
daily-lotto,2020-05-06,12 28 34 35 36,,false
lotto,2020-05-06,1 16 28 29 32 49,47,false
lotto-plus-1,2020-05-06,6 7 14 30 40 50,31,false
daily-lotto,2020-05-07,9 12 24 25 34,,false
daily-lotto,2020-05-08,20 25 28 34 35,,false
powerball,2020-05-08,12 21 30 35 45,18,false
powerball-plus,2020-05-08,3 16 34 37 44,9,false
daily-lotto,2020-05-09,14 15 19 21 32,,false
lotto,2020-05-09,26 29 40 41 45 48,39,false
lotto-plus-1,2020-05-09,23 26 27 38 42 44,12,false
daily-lotto,2020-05-10,3 7 10 22 35,,false
daily-lotto,2020-05-11,12 13 28 30 31,,false
daily-lotto,2020-05-12,5 15 18 20 31,,false
powerball,2020-05-12,6 22 34 44 45,11,false
powerball-plus,2020-05-12,5 6 8 28 50,18,false
daily-lotto,2020-05-13,6 15 18 27 31,,false
lotto,2020-05-13,1 5 6 8 10 18,34,false
lotto-plus-1,2020-05-13,10 18 21 22 30 40,24,false
daily-lotto,2020-05-14,2 11 12 22 28,,false
daily-lotto,2020-05-15,3 12 14 16 29,,false
powerball,2020-05-15,5 7 13 19 47,4,false
powerball-plus,2020-05-15,2 12 43 44 45,13,false
daily-lotto,2020-05-16,7 14 16 22 32,,false
lotto,2020-05-16,8 10 15 27 30 49,6,false
lotto-plus-1,2020-05-16,3 6 17 21 30 35,50,false
daily-lotto,2020-05-17,3 13 14 17 24,,false
daily-lotto,2020-05-18,7 16 18 19 30,,false
daily-lotto,2020-05-19,19 24 25 27 31,,false
powerball,2020-05-19,9 15 19 36 44,10,false
powerball-plus,2020-05-19,8 17 25 29 31,1,false
daily-lotto,2020-05-20,16 24 26 28 33,,false
lotto,2020-05-20,6 13 25 27 30 36,32,false
lotto-plus-1,2020-05-20,21 26 30 35 43 45,17,false
daily-lotto,2020-05-21,8 13 15 21 25,,false
daily-lotto,2020-05-22,2 15 27 31 33,,false
powerball,2020-05-22,9 10 24 41 45,15,false
powerball-plus,2020-05-22,18 26 27 35 36,9,false
daily-lotto,2020-05-23,3 9 12 13 31,,false
lotto,2020-05-23,2 11 18 20 35 48,36,false
lotto-plus-1,2020-05-23,22 35 36 37 38 52,2,false
daily-lotto,2020-05-24,11 19 20 21 23,,false
daily-lotto,2020-05-25,15 25 27 34 36,,false
daily-lotto,2020-05-26,5 12 14 17 25,,false
powerball,2020-05-26,15 25 34 39 42,4,false
powerball-plus,2020-05-26,5 6 26 29 49,10,false
daily-lotto,2020-05-27,1 19 22 34 36,,false
lotto,2020-05-27,3 9 15 24 39 42,4,false
lotto-plus-1,2020-05-27,9 17 25 44 48 51,18,false
daily-lotto,2020-05-28,9 12 20 25 26,,false
daily-lotto,2020-05-29,9 13 15 20 34,,false
powerball,2020-05-29,4 27 30 34 45,20,false
powerball-plus,2020-05-29,4 9 24 32 34,5,false
daily-lotto,2020-05-30,5 12 14 20 23,,false
lotto,2020-05-30,4 13 20 23 31 46,28,false
lotto-plus-1,2020-05-30,8 11 20 22 45 52,15,false
daily-lotto,2020-05-31,12 23 25 27 34,,false
daily-lotto,2020-06-01,8 14 15 22 36,,false
daily-lotto,2020-06-02,7 8 23 34 36,,false
powerball,2020-06-02,5 15 29 41 46,14,false
powerball-plus,2020-06-02,2 3 5 11 42,2,false
daily-lotto,2020-06-03,13 21 24 25 26,,false
lotto,2020-06-03,7 16 23 26 31 43,34,false
lotto-plus-1,2020-06-03,9 23 33 36 43 52,38,false
daily-lotto,2020-06-04,4 13 22 25 33,,false
daily-lotto,2020-06-05,1 5 9 27 34,,false
powerball,2020-06-05,14 23 28 40 48,3,false
powerball-plus,2020-06-05,3 7 26 29 48,14,false
daily-lotto,2020-06-06,3 5 6 8 23,,false
lotto,2020-06-06,15 16 23 36 37 38,18,false
lotto-plus-1,2020-06-06,3 11 27 28 48 52,25,false
daily-lotto,2020-06-07,17 22 23 28 33,,false
daily-lotto,2020-06-08,2 15 28 31 32,,false
daily-lotto,2020-06-09,1 23 31 35 36,,false
powerball,2020-06-09,5 37 43 49 50,3,false
powerball-plus,2020-06-09,21 22 25 31 42,20,false
daily-lotto,2020-06-10,2 5 9 12 22,,false
lotto,2020-06-10,15 16 18 23 34 49,32,false
lotto-plus-1,2020-06-10,8 22 23 30 39 47,52,false
daily-lotto,2020-06-11,1 18 29 30 36,,false
daily-lotto,2020-06-12,3 5 25 26 35,,false
powerball,2020-06-12,9 27 38 43 48,15,false
powerball-plus,2020-06-12,3 20 22 41 45,1,false
daily-lotto,2020-06-13,3 8 19 22 26,,false
lotto,2020-06-13,2 3 12 13 32 47,41,false
lotto-plus-1,2020-06-13,9 11 36 37 43 50,49,false
daily-lotto,2020-06-14,2 7 12 30 33,,false
daily-lotto,2020-06-15,18 21 28 29 30,,false
daily-lotto,2020-06-16,4 9 18 22 32,,false
powerball,2020-06-16,4 26 27 29 41,15,false
powerball-plus,2020-06-16,4 11 18 22 46,10,false
daily-lotto,2020-06-17,14 15 18 25 30,,false
lotto,2020-06-17,1 32 35 36 40 52,51,false
lotto-plus-1,2020-06-17,3 5 11 18 20 24,45,false
daily-lotto,2020-06-18,12 14 19 22 30,,false
daily-lotto,2020-06-19,9 14 24 28 36,,false
powerball,2020-06-19,21 28 29 33 48,7,false
powerball-plus,2020-06-19,1 3 9 18 40,19,false
daily-lotto,2020-06-20,2 5 7 8 25,,false
lotto,2020-06-20,6 24 28 40 45 49,39,false
lotto-plus-1,2020-06-20,3 10 22 29 38 43,13,false
daily-lotto,2020-06-21,12 28 33 35 36,,false
daily-lotto,2020-06-22,6 12 20 33 34,,false
daily-lotto,2020-06-23,4 14 15 27 31,,false
powerball,2020-06-23,2 7 16 36 47,18,false
powerball-plus,2020-06-23,10 13 24 32 35,20,false
daily-lotto,2020-06-24,18 25 26 27 31,,false
lotto,2020-06-24,3 9 14 19 21 24,8,false
lotto-plus-1,2020-06-24,2 3 14 19 47 48,32,false
daily-lotto,2020-06-25,5 9 25 29 33,,false
daily-lotto,2020-06-26,1 9 13 15 23,,false
powerball,2020-06-26,11 20 21 34 50,7,false
powerball-plus,2020-06-26,7 15 20 22 39,8,false
daily-lotto,2020-06-27,13 24 29 34 35,,false
lotto,2020-06-27,8 9 35 39 45 48,41,false
lotto-plus-1,2020-06-27,16 27 28 34 35 37,26,false
daily-lotto,2020-06-28,1 13 22 23 27,,false
daily-lotto,2020-06-29,4 8 29 31 35,,false
daily-lotto,2020-06-30,10 21 22 28 30,,false
powerball,2020-06-30,2 11 27 36 39,3,false
powerball-plus,2020-06-30,6 27 28 38 45,3,false
daily-lotto,2020-07-01,5 24 33 35 36,,false
lotto,2020-07-01,5 13 21 30 32 41,40,false
lotto-plus-1,2020-07-01,16 24 42 46 47 50,20,false
daily-lotto,2020-07-02,10 17 25 27 29,,false
daily-lotto,2020-07-03,7 11 17 33 34,,false
powerball,2020-07-03,2 7 15 25 41,1,false
powerball-plus,2020-07-03,4 13 15 22 29,7,false
daily-lotto,2020-07-04,4 25 30 34 35,,false
lotto,2020-07-04,8 14 15 42 44 51,4,false
lotto-plus-1,2020-07-04,8 22 23 35 38 48,25,false
daily-lotto,2020-07-05,2 16 21 23 28,,false
daily-lotto,2020-07-06,1 8 9 12 26,,false
daily-lotto,2020-07-07,1 25 30 31 35,,false
powerball,2020-07-07,2 7 13 20 45,18,false
powerball-plus,2020-07-07,4 5 10 47 50,16,false
daily-lotto,2020-07-08,2 10 17 33 35,,false
lotto,2020-07-08,3 8 10 16 17 43,52,false
lotto-plus-1,2020-07-08,19 21 33 40 42 45,9,false
daily-lotto,2020-07-09,1 5 10 25 33,,false
daily-lotto,2020-07-10,13 22 29 33 36,,false
powerball,2020-07-10,11 16 44 46 50,1,false
powerball-plus,2020-07-10,7 13 23 37 39,7,false
daily-lotto,2020-07-11,14 15 20 24 32,,false
lotto,2020-07-11,7 20 24 36 43 52,11,false
lotto-plus-1,2020-07-11,1 21 25 29 33 46,23,false
daily-lotto,2020-07-12,4 12 14 18 29,,false
daily-lotto,2020-07-13,1 21 23 27 32,,false
daily-lotto,2020-07-14,7 9 10 28 32,,false
powerball,2020-07-14,20 21 28 48 49,3,false
powerball-plus,2020-07-14,6 11 25 39 48,3,false
daily-lotto,2020-07-15,3 10 18 20 28,,false
lotto,2020-07-15,4 11 15 19 27 38,48,false
lotto-plus-1,2020-07-15,13 17 24 28 31 52,50,false
daily-lotto,2020-07-16,1 13 14 35 36,,false
daily-lotto,2020-07-17,10 12 25 31 32,,false
powerball,2020-07-17,12 15 24 30 38,6,false
powerball-plus,2020-07-17,1 20 28 29 35,6,false
daily-lotto,2020-07-18,1 2 9 26 35,,false
lotto,2020-07-18,3 17 30 32 36 42,2,false
lotto-plus-1,2020-07-18,5 18 28 37 45 49,25,false
daily-lotto,2020-07-19,11 12 18 27 29,,false
daily-lotto,2020-07-20,1 11 14 20 23,,false
daily-lotto,2020-07-21,1 7 24 29 34,,false
powerball,2020-07-21,17 20 22 32 41,3,false
powerball-plus,2020-07-21,4 5 30 32 48,1,false
daily-lotto,2020-07-22,1 5 16 22 26,,false
lotto,2020-07-22,4 7 12 13 19 52,46,false
lotto-plus-1,2020-07-22,6 29 33 35 47 52,26,false
daily-lotto,2020-07-23,16 25 27 29 30,,false
daily-lotto,2020-07-24,3 11 20 22 34,,false
powerball,2020-07-24,4 6 11 27 34,10,false
powerball-plus,2020-07-24,7 10 18 23 45,13,false
daily-lotto,2020-07-25,1 6 7 15 31,,false
lotto,2020-07-25,5 9 20 24 27 48,8,false
lotto-plus-1,2020-07-25,20 27 33 36 46 50,51,false
daily-lotto,2020-07-26,9 25 32 35 36,,false
daily-lotto,2020-07-27,14 19 23 26 35,,false
daily-lotto,2020-07-28,10 24 29 31 36,,false
powerball,2020-07-28,3 28 30 38 40,8,false
powerball-plus,2020-07-28,9 12 13 45 48,2,false
daily-lotto,2020-07-29,6 8 10 30 33,,false
lotto,2020-07-29,6 16 23 26 33 48,7,false
lotto-plus-1,2020-07-29,8 12 25 26 27 43,30,false
daily-lotto,2020-07-30,1 5 12 14 34,,false
daily-lotto,2020-07-31,2 8 11 17 18,,false
powerball,2020-07-31,6 18 30 46 48,11,false
powerball-plus,2020-07-31,5 8 9 24 29,12,false
daily-lotto,2020-08-01,4 6 18 21 33,,false
lotto,2020-08-01,5 9 23 38 41 46,14,false
lotto-plus-1,2020-08-01,10 20 22 23 37 43,35,false
daily-lotto,2020-08-02,4 5 11 13 27,,false
daily-lotto,2020-08-03,8 14 15 16 33,,false
daily-lotto,2020-08-04,6 9 11 26 35,,false
powerball,2020-08-04,4 28 34 38 47,16,false
powerball-plus,2020-08-04,5 13 21 31 33,14,false
daily-lotto,2020-08-05,3 8 11 12 26,,false
lotto,2020-08-05,7 23 31 33 39 51,30,false
lotto-plus-1,2020-08-05,1 23 35 36 39 44,16,false
daily-lotto,2020-08-06,6 17 25 30 31,,false
daily-lotto,2020-08-07,12 13 22 31 34,,false
powerball,2020-08-07,11 30 42 45 48,12,false
powerball-plus,2020-08-07,14 15 22 23 29,11,false
daily-lotto,2020-08-08,30 31 32 34 36,,false
lotto,2020-08-08,13 23 25 30 47 51,38,false
lotto-plus-1,2020-08-08,2 8 10 17 48 49,52,false
daily-lotto,2020-08-09,1 5 6 10 21,,false
daily-lotto,2020-08-10,4 20 29 32 33,,false
daily-lotto,2020-08-11,4 13 20 22 30,,false
powerball,2020-08-11,27 29 39 40 42,6,false
powerball-plus,2020-08-11,1 13 20 28 45,11,false
daily-lotto,2020-08-12,1 2 4 18 30,,false
lotto,2020-08-12,12 23 24 30 44 49,36,false
lotto-plus-1,2020-08-12,15 19 20 22 35 36,12,false
daily-lotto,2020-08-13,1 6 13 29 31,,false
daily-lotto,2020-08-14,1 10 12 19 29,,false
powerball,2020-08-14,10 11 16 25 30,1,false
powerball-plus,2020-08-14,3 7 15 23 33,17,false
daily-lotto,2020-08-15,10 16 21 24 34,,false
lotto,2020-08-15,1 13 15 19 26 32,38,false
lotto-plus-1,2020-08-15,11 12 15 25 39 41,50,false
daily-lotto,2020-08-16,9 25 27 28 34,,false
daily-lotto,2020-08-17,13 14 15 24 31,,false
daily-lotto,2020-08-18,11 17 19 20 30,,false
powerball,2020-08-18,6 22 30 39 49,2,false
powerball-plus,2020-08-18,1 15 25 35 49,7,false
daily-lotto,2020-08-19,1 8 9 19 36,,false
lotto,2020-08-19,1 7 26 27 42 49,18,false
lotto-plus-1,2020-08-19,5 15 16 28 31 36,9,false
daily-lotto,2020-08-20,24 26 30 31 32,,false
daily-lotto,2020-08-21,3 6 12 32 36,,false
powerball,2020-08-21,13 32 33 40 41,1,false
powerball-plus,2020-08-21,2 9 18 25 43,2,false
daily-lotto,2020-08-22,3 13 16 22 27,,false
lotto,2020-08-22,18 29 37 43 48 51,9,false
lotto-plus-1,2020-08-22,15 20 26 34 45 52,32,false
daily-lotto,2020-08-23,7 16 21 26 36,,false
daily-lotto,2020-08-24,3 13 18 19 28,,false
daily-lotto,2020-08-25,16 20 29 33 35,,false
powerball,2020-08-25,7 20 32 34 48,1,false
powerball-plus,2020-08-25,2 11 25 28 42,3,false
daily-lotto,2020-08-26,9 17 24 30 35,,false
lotto,2020-08-26,1 11 12 41 43 49,15,false
lotto-plus-1,2020-08-26,4 7 8 23 39 46,38,false
daily-lotto,2020-08-27,1 15 30 33 34,,false
daily-lotto,2020-08-28,5 8 12 17 30,,false
powerball,2020-08-28,8 10 17 44 45,12,false
powerball-plus,2020-08-28,9 11 14 22 27,4,false
daily-lotto,2020-08-29,15 18 23 24 36,,false
lotto,2020-08-29,9 16 21 27 33 45,17,false
lotto-plus-1,2020-08-29,1 11 14 35 44 49,40,false
daily-lotto,2020-08-30,3 5 13 15 25,,false
daily-lotto,2020-08-31,1 18 22 26 36,,false
daily-lotto,2020-09-01,14 17 23 31 32,,false
powerball,2020-09-01,16 21 22 36 39,5,false
powerball-plus,2020-09-01,1 14 31 33 45,11,false
daily-lotto,2020-09-02,5 14 20 22 25,,false
lotto,2020-09-02,9 16 21 28 37 48,49,false
lotto-plus-1,2020-09-02,11 12 31 40 43 49,16,false
daily-lotto,2020-09-03,8 14 16 22 27,,false
daily-lotto,2020-09-04,5 9 14 16 17,,false
powerball,2020-09-04,2 3 11 12 43,13,false
powerball-plus,2020-09-04,8 9 11 30 45,1,false
daily-lotto,2020-09-05,12 14 22 23 25,,false
lotto,2020-09-05,17 21 23 29 30 39,47,false
lotto-plus-1,2020-09-05,7 10 27 30 42 48,35,false
daily-lotto,2020-09-06,18 20 30 32 34,,false
daily-lotto,2020-09-07,1 3 16 30 34,,false
daily-lotto,2020-09-08,4 8 9 18 30,,false
powerball,2020-09-08,12 13 14 36 50,6,false
powerball-plus,2020-09-08,22 24 29 33 40,10,false
daily-lotto,2020-09-09,12 21 28 29 35,,false
lotto,2020-09-09,8 15 31 33 35 43,40,false
lotto-plus-1,2020-09-09,5 19 20 30 40 49,50,false
daily-lotto,2020-09-10,3 10 17 21 29,,false
daily-lotto,2020-09-11,2 16 25 26 32,,false
powerball,2020-09-11,1 4 10 12 49,18,false
powerball-plus,2020-09-11,7 12 24 25 34,9,false
daily-lotto,2020-09-12,1 11 16 18 35,,false
lotto,2020-09-12,13 20 30 34 40 50,28,false
lotto-plus-1,2020-09-12,1 7 8 25 34 52,13,false
daily-lotto,2020-09-13,14 16 18 23 29,,false
daily-lotto,2020-09-14,7 16 31 32 35,,false
daily-lotto,2020-09-15,18 28 29 32 34,,false
powerball,2020-09-15,3 18 32 40 46,7,false
powerball-plus,2020-09-15,1 12 19 27 28,1,false
daily-lotto,2020-09-16,3 4 8 23 34,,false
lotto,2020-09-16,28 32 44 49 51 52,15,false
lotto-plus-1,2020-09-16,18 24 25 33 39 49,20,false
daily-lotto,2020-09-17,15 18 19 25 30,,false
daily-lotto,2020-09-18,3 6 12 25 30,,false
powerball,2020-09-18,8 19 24 29 44,8,false
powerball-plus,2020-09-18,14 40 41 45 47,7,false
daily-lotto,2020-09-19,9 16 22 25 28,,false
lotto,2020-09-19,4 9 10 23 24 32,7,false
lotto-plus-1,2020-09-19,13 18 19 25 47 50,52,false
daily-lotto,2020-09-20,4 15 18 24 36,,false
daily-lotto,2020-09-21,2 3 9 28 35,,false
daily-lotto,2020-09-22,3 5 12 20 28,,false
powerball,2020-09-22,3 10 28 31 41,7,false
powerball-plus,2020-09-22,2 8 12 37 47,15,false
daily-lotto,2020-09-23,9 13 27 30 35,,false
lotto,2020-09-23,8 10 17 20 40 46,47,false
lotto-plus-1,2020-09-23,4 26 32 34 37 49,7,false
daily-lotto,2020-09-24,12 17 24 28 29,,false
daily-lotto,2020-09-25,2 7 20 24 25,,false
powerball,2020-09-25,2 17 18 27 37,4,false
powerball-plus,2020-09-25,12 22 26 46 49,4,false
daily-lotto,2020-09-26,8 10 16 30 34,,false
lotto,2020-09-26,3 7 18 21 27 42,50,false
lotto-plus-1,2020-09-26,2 5 7 9 21 29,33,false
daily-lotto,2020-09-27,4 12 19 21 29,,false
daily-lotto,2020-09-28,6 9 31 33 36,,false
daily-lotto,2020-09-29,2 8 9 20 32,,false
powerball,2020-09-29,7 12 16 28 38,13,false
powerball-plus,2020-09-29,1 5 16 17 37,5,false
daily-lotto,2020-09-30,4 8 13 25 32,,false
lotto,2020-09-30,9 18 25 26 28 33,11,false
lotto-plus-1,2020-09-30,11 18 22 36 42 48,1,false
daily-lotto,2020-10-01,1 6 13 20 21,,false
daily-lotto,2020-10-02,2 15 16 17 27,,false
powerball,2020-10-02,8 10 23 41 50,9,false
powerball-plus,2020-10-02,7 14 25 32 42,15,false
daily-lotto,2020-10-03,6 12 24 25 27,,false
lotto,2020-10-03,3 23 26 27 42 51,37,false
lotto-plus-1,2020-10-03,1 14 15 22 33 46,30,false
daily-lotto,2020-10-04,6 10 13 18 20,,false
daily-lotto,2020-10-05,8 9 18 24 26,,false
daily-lotto,2020-10-06,17 22 26 27 33,,false
powerball,2020-10-06,6 21 25 29 33,9,false
powerball-plus,2020-10-06,14 16 17 41 46,9,false
daily-lotto,2020-10-07,4 7 14 19 30,,false
lotto,2020-10-07,1 16 22 26 42 45,36,false
lotto-plus-1,2020-10-07,2 8 15 32 49 51,22,false
daily-lotto,2020-10-08,14 19 20 27 33,,false
daily-lotto,2020-10-09,7 25 26 31 32,,false
powerball,2020-10-09,8 21 38 41 50,4,false
powerball-plus,2020-10-09,9 11 32 36 46,18,false
daily-lotto,2020-10-10,10 13 16 33 35,,false
lotto,2020-10-10,2 22 33 41 42 48,5,false
lotto-plus-1,2020-10-10,1 10 18 27 34 45,37,false
daily-lotto,2020-10-11,8 10 15 28 30,,false
daily-lotto,2020-10-12,3 6 12 16 29,,false
daily-lotto,2020-10-13,5 7 23 29 34,,false
powerball,2020-10-13,13 15 20 27 28,7,false
powerball-plus,2020-10-13,13 17 22 33 41,5,false
daily-lotto,2020-10-14,17 22 29 30 32,,false
lotto,2020-10-14,1 35 45 49 51 52,16,false
lotto-plus-1,2020-10-14,2 6 7 41 47 49,46,false
daily-lotto,2020-10-15,2 10 13 21 29,,false
daily-lotto,2020-10-16,1 7 13 14 23,,false
powerball,2020-10-16,1 7 18 37 48,13,false
powerball-plus,2020-10-16,22 31 40 47 48,15,false
daily-lotto,2020-10-17,18 22 24 32 35,,false
lotto,2020-10-17,2 4 7 28 41 48,37,false
lotto-plus-1,2020-10-17,1 24 26 38 41 46,29,false
daily-lotto,2020-10-18,9 10 25 34 35,,false
daily-lotto,2020-10-19,4 12 19 20 36,,false
daily-lotto,2020-10-20,6 23 24 27 33,,false
powerball,2020-10-20,15 20 29 32 45,4,false
powerball-plus,2020-10-20,16 18 30 31 37,17,false
daily-lotto,2020-10-21,1 5 10 14 23,,false
lotto,2020-10-21,10 29 36 42 43 51,19,false
lotto-plus-1,2020-10-21,9 13 14 26 28 49,6,false
daily-lotto,2020-10-22,7 8 16 26 36,,false
daily-lotto,2020-10-23,8 10 21 22 28,,false
powerball,2020-10-23,3 6 36 41 43,17,false
powerball-plus,2020-10-23,1 13 24 27 38,1,false
daily-lotto,2020-10-24,11 15 24 28 30,,false
lotto,2020-10-24,1 24 30 32 39 49,23,false
lotto-plus-1,2020-10-24,6 10 12 23 28 48,29,false
daily-lotto,2020-10-25,1 8 14 31 33,,false
daily-lotto,2020-10-26,6 18 21 27 32,,false
daily-lotto,2020-10-27,8 18 23 25 27,,false
powerball,2020-10-27,19 25 41 45 46,12,false
powerball-plus,2020-10-27,6 12 17 31 43,12,false
daily-lotto,2020-10-28,5 10 11 22 34,,false
lotto,2020-10-28,6 16 20 30 44 51,28,false
lotto-plus-1,2020-10-28,9 17 23 36 48 51,7,false
daily-lotto,2020-10-29,4 13 17 26 27,,false
daily-lotto,2020-10-30,18 19 20 21 36,,false
powerball,2020-10-30,4 27 36 46 49,16,false
powerball-plus,2020-10-30,16 26 34 41 42,10,false
daily-lotto,2020-10-31,1 20 25 30 35,,false
lotto,2020-10-31,13 26 35 45 49 50,5,false
lotto-plus-1,2020-10-31,20 24 26 27 38 51,5,false
daily-lotto,2020-11-01,6 8 13 29 32,,false
daily-lotto,2020-11-02,1 7 9 14 22,,false
daily-lotto,2020-11-03,2 15 17 22 36,,false
powerball,2020-11-03,1 2 25 36 39,12,false
powerball-plus,2020-11-03,14 16 26 27 45,5,false
daily-lotto,2020-11-04,18 21 24 30 31,,false
lotto,2020-11-04,2 14 17 24 34 51,19,false
lotto-plus-1,2020-11-04,1 12 16 21 42 49,14,false
daily-lotto,2020-11-05,8 22 24 27 29,,false
daily-lotto,2020-11-06,1 10 28 31 32,,false
powerball,2020-11-06,6 9 33 40 44,11,false
powerball-plus,2020-11-06,4 15 16 40 46,9,false
daily-lotto,2020-11-07,7 23 24 32 34,,false
lotto,2020-11-07,2 4 14 15 28 46,5,false
lotto-plus-1,2020-11-07,3 15 20 23 34 48,2,false
daily-lotto,2020-11-08,10 18 19 25 29,,false
daily-lotto,2020-11-09,1 13 14 24 30,,false
daily-lotto,2020-11-10,26 27 32 33 35,,false
powerball,2020-11-10,6 23 30 35 36,14,false
powerball-plus,2020-11-10,17 20 28 41 49,11,false
daily-lotto,2020-11-11,2 10 19 21 28,,false
lotto,2020-11-11,16 19 23 36 45 46,6,false
lotto-plus-1,2020-11-11,12 17 22 24 43 44,15,false
daily-lotto,2020-11-12,3 12 18 32 33,,false
daily-lotto,2020-11-13,8 14 23 31 32,,false
powerball,2020-11-13,1 11 16 19 24,19,false
powerball-plus,2020-11-13,4 8 20 35 48,9,false
daily-lotto,2020-11-14,1 20 25 29 35,,false
lotto,2020-11-14,4 13 15 28 31 47,35,false
lotto-plus-1,2020-11-14,2 3 27 36 42 45,30,false
daily-lotto,2020-11-15,9 11 12 19 36,,false
daily-lotto,2020-11-16,3 6 25 27 33,,false
daily-lotto,2020-11-17,18 21 26 29 34,,false
powerball,2020-11-17,11 12 36 37 38,12,false
powerball-plus,2020-11-17,8 9 13 48 50,2,false
daily-lotto,2020-11-18,12 13 31 35 36,,false
lotto,2020-11-18,1 8 20 27 42 44,47,false
lotto-plus-1,2020-11-18,19 22 24 30 38 43,21,false
daily-lotto,2020-11-19,12 16 25 33 35,,false
daily-lotto,2020-11-20,4 5 16 32 34,,false
powerball,2020-11-20,7 10 13 22 50,12,false
powerball-plus,2020-11-20,17 27 32 46 49,12,false
daily-lotto,2020-11-21,11 15 19 30 35,,false
lotto,2020-11-21,3 9 12 14 22 52,47,false
lotto-plus-1,2020-11-21,13 40 44 46 48 51,25,false
daily-lotto,2020-11-22,11 20 25 26 36,,false
daily-lotto,2020-11-23,2 11 13 22 30,,false
daily-lotto,2020-11-24,4 5 12 13 35,,false
powerball,2020-11-24,13 15 30 43 47,18,false
powerball-plus,2020-11-24,6 8 18 37 42,20,false
daily-lotto,2020-11-25,1 4 15 22 32,,false
lotto,2020-11-25,5 10 11 14 20 33,15,false
lotto-plus-1,2020-11-25,12 16 19 35 38 39,6,false
daily-lotto,2020-11-26,5 12 16 17 29,,false
daily-lotto,2020-11-27,1 12 26 28 32,,false
powerball,2020-11-27,13 29 34 36 49,18,false
powerball-plus,2020-11-27,11 17 29 47 49,2,false
daily-lotto,2020-11-28,5 9 14 25 28,,false
lotto,2020-11-28,6 12 15 24 36 37,45,false
lotto-plus-1,2020-11-28,15 21 24 39 45 46,43,false
daily-lotto,2020-11-29,10 14 25 27 35,,false
daily-lotto,2020-11-30,1 3 6 31 35,,false
daily-lotto,2020-12-01,1 9 14 15 33,,false
powerball,2020-12-01,5 6 7 8 9,10,false
powerball-plus,2020-12-01,19 27 30 34 37,18,false
daily-lotto,2020-12-02,8 9 14 15 20,,false
lotto,2020-12-02,9 27 34 37 38 48,19,false
lotto-plus-1,2020-12-02,11 22 25 27 35 43,24,false
daily-lotto,2020-12-03,5 10 13 17 21,,false
daily-lotto,2020-12-04,5 12 20 24 27,,false
powerball,2020-12-04,13 15 24 30 50,9,false
powerball-plus,2020-12-04,21 22 28 43 48,12,false
daily-lotto,2020-12-05,4 17 18 26 32,,false
lotto,2020-12-05,7 17 27 38 45 46,26,false
lotto-plus-1,2020-12-05,12 13 15 31 33 48,34,false
daily-lotto,2020-12-06,8 16 17 20 22,,false
daily-lotto,2020-12-07,3 18 23 26 27,,false
daily-lotto,2020-12-08,2 6 17 25 30,,false
powerball,2020-12-08,6 16 35 37 40,2,false
powerball-plus,2020-12-08,5 14 21 30 36,8,false
daily-lotto,2020-12-09,11 19 23 24 35,,false
lotto,2020-12-09,21 30 32 42 44 48,1,false
lotto-plus-1,2020-12-09,2 8 33 34 37 47,25,false
daily-lotto,2020-12-10,1 2 3 11 14,,false
daily-lotto,2020-12-11,8 12 26 28 35,,false
powerball,2020-12-11,13 18 25 36 49,19,false
powerball-plus,2020-12-11,2 6 13 21 34,14,false
daily-lotto,2020-12-12,3 6 23 30 36,,false
lotto,2020-12-12,8 12 19 37 43 47,41,false
lotto-plus-1,2020-12-12,20 27 38 41 42 49,1,false
daily-lotto,2020-12-13,1 3 15 23 36,,false
daily-lotto,2020-12-14,14 19 25 27 33,,false
daily-lotto,2020-12-15,5 6 12 19 36,,false
powerball,2020-12-15,3 7 13 34 50,6,false
powerball-plus,2020-12-15,6 7 18 37 47,9,false
daily-lotto,2020-12-16,12 14 16 28 32,,false
lotto,2020-12-16,1 2 29 33 36 50,22,false
lotto-plus-1,2020-12-16,3 4 15 24 28 34,20,false
daily-lotto,2020-12-17,1 2 5 24 28,,false
daily-lotto,2020-12-18,6 17 21 26 27,,false
powerball,2020-12-18,20 22 24 28 47,14,false
powerball-plus,2020-12-18,1 8 21 24 32,6,false
daily-lotto,2020-12-19,19 24 27 28 29,,false
lotto,2020-12-19,11 30 33 35 46 49,24,false
lotto-plus-1,2020-12-19,3 19 33 35 49 50,5,false
daily-lotto,2020-12-20,1 3 8 18 36,,false
daily-lotto,2020-12-21,10 15 16 19 27,,false
daily-lotto,2020-12-22,4 6 11 12 26,,false
powerball,2020-12-22,9 12 15 27 42,14,false
powerball-plus,2020-12-22,1 16 27 30 43,16,false
daily-lotto,2020-12-23,10 15 23 25 34,,false
lotto,2020-12-23,5 7 15 22 23 44,37,false
lotto-plus-1,2020-12-23,11 26 28 31 44 47,34,false
daily-lotto,2020-12-24,10 15 26 28 33,,false
daily-lotto,2020-12-26,5 17 24 25 32,,false
lotto,2020-12-26,8 24 33 37 44 49,17,false
lotto-plus-1,2020-12-26,14 18 19 24 31 50,8,false
daily-lotto,2020-12-27,13 25 27 28 32,,false
daily-lotto,2020-12-28,5 6 14 20 35,,false
daily-lotto,2020-12-29,6 10 29 32 34,,false
powerball,2020-12-29,15 17 24 28 30,19,false
powerball-plus,2020-12-29,20 27 38 40 43,6,false
daily-lotto,2020-12-30,3 6 23 29 31,,false
lotto,2020-12-30,2 10 19 36 38 42,21,false
lotto-plus-1,2020-12-30,5 10 28 30 32 36,2,false
daily-lotto,2020-12-31,12 20 24 28 34,,false
daily-lotto,2021-01-01,13 17 19 21 25,,false
powerball,2021-01-01,1 7 24 30 44,1,false
powerball-plus,2021-01-01,1 21 33 36 45,11,false
daily-lotto,2021-01-02,14 23 24 26 29,,false
lotto,2021-01-02,9 11 21 28 35 46,31,false
lotto-plus-1,2021-01-02,10 11 22 31 36 45,13,false
daily-lotto,2021-01-03,12 20 23 27 31,,false
daily-lotto,2021-01-04,12 13 19 21 23,,false
daily-lotto,2021-01-05,6 8 10 25 35,,false
powerball,2021-01-05,4 17 42 46 48,14,false
powerball-plus,2021-01-05,2 10 19 35 45,5,false
daily-lotto,2021-01-06,2 10 15 16 34,,false
lotto,2021-01-06,4 10 20 41 50 52,48,false
lotto-plus-1,2021-01-06,6 8 11 27 41 45,51,false
daily-lotto,2021-01-07,1 7 21 22 30,,false
daily-lotto,2021-01-08,10 13 14 17 25,,false
powerball,2021-01-08,11 16 28 32 41,6,false
powerball-plus,2021-01-08,19 20 23 32 33,2,false
daily-lotto,2021-01-09,6 25 27 30 34,,false
lotto,2021-01-09,10 23 25 28 39 48,52,false
lotto-plus-1,2021-01-09,5 10 25 35 38 44,11,false
daily-lotto,2021-01-10,2 4 6 22 36,,false
daily-lotto,2021-01-11,2 18 19 28 36,,false
daily-lotto,2021-01-12,15 22 25 33 35,,false
powerball,2021-01-12,11 13 28 36 37,15,false
powerball-plus,2021-01-12,14 21 30 36 50,12,false
daily-lotto,2021-01-13,15 25 28 30 33,,false
lotto,2021-01-13,1 3 15 25 36 48,2,false
lotto-plus-1,2021-01-13,2 6 15 34 37 51,12,false
daily-lotto,2021-01-14,16 17 29 33 35,,false
daily-lotto,2021-01-15,6 14 15 27 29,,false
powerball,2021-01-15,24 31 40 45 48,20,false
powerball-plus,2021-01-15,6 9 18 19 29,10,false
daily-lotto,2021-01-16,2 10 12 23 24,,false
lotto,2021-01-16,21 25 40 42 44 49,22,false
lotto-plus-1,2021-01-16,7 20 21 31 39 52,51,false
daily-lotto,2021-01-17,12 22 26 28 34,,false
daily-lotto,2021-01-18,6 12 21 24 30,,false
daily-lotto,2021-01-19,9 18 20 21 29,,false
powerball,2021-01-19,13 16 28 42 45,11,false
powerball-plus,2021-01-19,6 32 35 43 45,15,false
daily-lotto,2021-01-20,4 22 30 32 35,,false
lotto,2021-01-20,19 20 24 32 46 48,38,false
lotto-plus-1,2021-01-20,7 15 16 27 39 45,24,false
daily-lotto,2021-01-21,1 12 18 21 24,,false
daily-lotto,2021-01-22,4 9 19 23 25,,false
powerball,2021-01-22,11 14 36 37 44,19,false
powerball-plus,2021-01-22,1 7 16 20 27,20,false
daily-lotto,2021-01-23,1 23 24 26 34,,false
lotto,2021-01-23,18 20 39 46 47 49,36,false
lotto-plus-1,2021-01-23,2 10 23 44 47 50,38,false
daily-lotto,2021-01-24,3 16 19 20 25,,false
daily-lotto,2021-01-25,4 10 14 26 31,,false
daily-lotto,2021-01-26,8 13 14 21 22,,false
powerball,2021-01-26,4 8 12 15 19,17,false
powerball-plus,2021-01-26,3 10 20 27 39,20,false
daily-lotto,2021-01-27,1 2 5 9 21,,false
lotto,2021-01-27,2 3 13 15 38 42,44,false
lotto-plus-1,2021-01-27,2 14 18 33 45 46,4,false
daily-lotto,2021-01-28,1 12 13 14 36,,false
daily-lotto,2021-01-29,2 9 12 16 33,,false
powerball,2021-01-29,2 11 16 22 47,19,false
powerball-plus,2021-01-29,11 12 14 46 50,3,false
daily-lotto,2021-01-30,1 4 20 21 34,,false
lotto,2021-01-30,6 21 27 32 34 35,45,false
lotto-plus-1,2021-01-30,6 12 15 23 27 30,24,false
daily-lotto,2021-01-31,2 18 26 30 31,,false
daily-lotto,2021-02-01,3 4 11 17 19,,false
daily-lotto,2021-02-02,1 9 22 32 34,,false
powerball,2021-02-02,6 13 22 34 49,10,false
powerball-plus,2021-02-02,1 8 10 33 40,5,false
daily-lotto,2021-02-03,5 10 31 33 34,,false
lotto,2021-02-03,7 10 18 22 36 51,29,false
lotto-plus-1,2021-02-03,14 20 22 32 38 44,27,false
daily-lotto,2021-02-04,7 8 23 27 34,,false
daily-lotto,2021-02-05,23 29 31 34 35,,false
powerball,2021-02-05,8 16 19 20 50,18,false
powerball-plus,2021-02-05,1 5 9 25 44,9,false
daily-lotto,2021-02-06,9 15 21 23 31,,false
lotto,2021-02-06,5 14 15 17 26 33,47,false
lotto-plus-1,2021-02-06,11 15 18 27 28 48,20,false
daily-lotto,2021-02-07,1 7 9 20 29,,false
daily-lotto,2021-02-08,1 2 9 11 30,,false
daily-lotto,2021-02-09,5 7 19 23 27,,false
powerball,2021-02-09,4 7 15 30 32,10,false
powerball-plus,2021-02-09,2 25 30 38 46,19,false
daily-lotto,2021-02-10,2 11 17 21 34,,false
lotto,2021-02-10,1 10 12 15 21 42,48,false
lotto-plus-1,2021-02-10,6 17 27 29 30 37,41,false
daily-lotto,2021-02-11,6 12 27 32 36,,false
daily-lotto,2021-02-12,7 9 16 24 27,,false
powerball,2021-02-12,3 15 35 39 41,5,false
powerball-plus,2021-02-12,2 31 39 43 49,3,false
daily-lotto,2021-02-13,1 12 20 25 35,,false
lotto,2021-02-13,5 18 25 26 29 42,17,false
lotto-plus-1,2021-02-13,2 7 12 22 37 51,14,false
daily-lotto,2021-02-14,12 14 18 25 27,,false
daily-lotto,2021-02-15,3 12 14 27 32,,false
daily-lotto,2021-02-16,2 15 20 23 24,,false
powerball,2021-02-16,5 18 31 36 45,8,false
powerball-plus,2021-02-16,13 16 31 41 50,10,false
daily-lotto,2021-02-17,2 12 15 18 20,,false
lotto,2021-02-17,1 3 6 25 35 43,11,false
lotto-plus-1,2021-02-17,2 23 39 47 49 51,34,false
daily-lotto,2021-02-18,14 19 22 29 33,,false
daily-lotto,2021-02-19,12 13 14 21 23,,false
powerball,2021-02-19,3 17 20 25 47,3,false
powerball-plus,2021-02-19,15 19 32 38 41,3,false
daily-lotto,2021-02-20,6 8 13 28 34,,false
lotto,2021-02-20,3 8 16 21 38 41,45,false
lotto-plus-1,2021-02-20,3 12 20 22 31 33,37,false
daily-lotto,2021-02-21,1 3 9 22 28,,false
daily-lotto,2021-02-22,2 11 21 22 34,,false
daily-lotto,2021-02-23,3 15 21 27 29,,false
powerball,2021-02-23,8 13 25 32 42,16,false
powerball-plus,2021-02-23,6 9 19 20 26,10,false
daily-lotto,2021-02-24,7 22 26 29 34,,false
lotto,2021-02-24,7 10 12 16 29 49,21,false
lotto-plus-1,2021-02-24,15 21 36 42 49 52,24,false
daily-lotto,2021-02-25,8 10 15 19 30,,false
daily-lotto,2021-02-26,3 12 16 25 35,,false
powerball,2021-02-26,1 3 7 41 44,11,false
powerball-plus,2021-02-26,13 16 29 32 49,13,false
daily-lotto,2021-02-27,11 12 17 27 28,,false
lotto,2021-02-27,11 13 14 21 22 32,5,false
lotto-plus-1,2021-02-27,15 18 21 27 39 51,26,false
daily-lotto,2021-02-28,2 7 18 22 24,,false
daily-lotto,2021-03-01,6 13 24 28 33,,false
daily-lotto,2021-03-02,21 22 30 34 36,,false
powerball,2021-03-02,1 11 21 32 42,11,false
powerball-plus,2021-03-02,5 6 25 42 49,5,false
daily-lotto,2021-03-03,5 8 22 27 34,,false
lotto,2021-03-03,8 11 26 34 49 50,13,false
lotto-plus-1,2021-03-03,5 9 13 28 30 39,14,false
daily-lotto,2021-03-04,1 9 11 13 19,,false
daily-lotto,2021-03-05,4 8 14 26 34,,false
powerball,2021-03-05,6 15 39 40 48,17,false
powerball-plus,2021-03-05,10 12 21 27 43,15,false
daily-lotto,2021-03-06,2 8 10 24 34,,false
lotto,2021-03-06,3 18 20 40 41 43,33,false
lotto-plus-1,2021-03-06,2 15 22 30 34 45,16,false
daily-lotto,2021-03-07,19 22 27 28 33,,false
daily-lotto,2021-03-08,1 15 18 30 35,,false
daily-lotto,2021-03-09,5 9 22 27 33,,false
powerball,2021-03-09,28 30 36 37 41,7,false
powerball-plus,2021-03-09,7 9 35 37 42,2,false
daily-lotto,2021-03-10,4 10 11 25 32,,false
lotto,2021-03-10,1 7 16 41 45 52,31,false
lotto-plus-1,2021-03-10,10 24 36 37 38 47,2,false
daily-lotto,2021-03-11,6 9 12 29 31,,false
daily-lotto,2021-03-12,1 19 23 28 30,,false
powerball,2021-03-12,7 15 29 34 39,2,false
powerball-plus,2021-03-12,6 15 27 29 47,16,false
daily-lotto,2021-03-13,5 18 26 33 36,,false
lotto,2021-03-13,11 13 21 26 34 50,17,false
lotto-plus-1,2021-03-13,10 19 29 41 46 52,36,false
daily-lotto,2021-03-14,6 13 25 31 35,,false
daily-lotto,2021-03-15,4 17 20 21 29,,false
daily-lotto,2021-03-16,1 3 8 17 23,,false
powerball,2021-03-16,11 20 21 32 36,18,false
powerball-plus,2021-03-16,14 35 38 45 46,5,false
daily-lotto,2021-03-17,5 9 17 32 36,,false
lotto,2021-03-17,4 11 25 31 37 47,20,false
lotto-plus-1,2021-03-17,10 13 19 32 38 51,47,false
daily-lotto,2021-03-18,11 23 24 27 29,,false
daily-lotto,2021-03-19,4 5 20 27 36,,false
powerball,2021-03-19,5 16 27 32 46,18,false
powerball-plus,2021-03-19,7 9 26 44 48,4,false
daily-lotto,2021-03-20,4 12 15 26 34,,false
lotto,2021-03-20,2 14 21 46 49 50,38,false
lotto-plus-1,2021-03-20,10 21 36 40 44 46,25,false
daily-lotto,2021-03-21,2 3 7 21 24,,false
daily-lotto,2021-03-22,6 8 11 32 33,,false
daily-lotto,2021-03-23,6 11 28 30 32,,false
powerball,2021-03-23,7 9 10 18 34,16,false
powerball-plus,2021-03-23,5 6 16 30 46,10,false
daily-lotto,2021-03-24,25 27 30 32 33,,false
lotto,2021-03-24,1 23 41 42 45 49,43,false
lotto-plus-1,2021-03-24,3 22 31 40 42 48,35,false
daily-lotto,2021-03-25,2 15 17 18 24,,false
daily-lotto,2021-03-26,7 13 15 33 35,,false
powerball,2021-03-26,5 25 27 42 47,15,false
powerball-plus,2021-03-26,6 24 27 28 31,17,false
daily-lotto,2021-03-27,10 11 14 22 27,,false
lotto,2021-03-27,11 13 25 27 45 51,52,false
lotto-plus-1,2021-03-27,3 10 30 34 40 42,29,false
daily-lotto,2021-03-28,12 16 21 24 31,,false
daily-lotto,2021-03-29,3 9 10 30 32,,false
daily-lotto,2021-03-30,16 24 25 27 33,,false
powerball,2021-03-30,7 16 24 25 38,9,false
powerball-plus,2021-03-30,1 4 13 30 50,14,false
daily-lotto,2021-03-31,14 17 25 26 31,,false
lotto,2021-03-31,1 16 39 47 49 52,23,false
lotto-plus-1,2021-03-31,4 14 18 21 22 50,29,false
daily-lotto,2021-04-01,7 10 12 30 36,,false
daily-lotto,2021-04-02,12 14 20 22 29,,false
powerball,2021-04-02,4 8 15 25 26,17,false
powerball-plus,2021-04-02,7 10 34 37 42,6,false
daily-lotto,2021-04-03,6 10 12 24 25,,false
lotto,2021-04-03,6 9 15 30 32 34,11,false
lotto-plus-1,2021-04-03,18 29 31 41 45 46,20,false
daily-lotto,2021-04-04,4 10 14 30 35,,false
daily-lotto,2021-04-05,1 9 12 15 19,,false
daily-lotto,2021-04-06,12 13 18 31 35,,false
powerball,2021-04-06,3 13 21 42 45,8,false
powerball-plus,2021-04-06,16 18 27 30 50,3,false
daily-lotto,2021-04-07,8 9 22 24 29,,false
lotto,2021-04-07,7 13 30 37 39 46,17,false
lotto-plus-1,2021-04-07,3 15 29 31 38 45,40,false
daily-lotto,2021-04-08,6 12 15 16 21,,false
daily-lotto,2021-04-09,2 9 13 34 35,,false
powerball,2021-04-09,18 31 39 45 46,17,false
powerball-plus,2021-04-09,2 7 10 23 39,3,false
daily-lotto,2021-04-10,5 20 29 30 34,,false
lotto,2021-04-10,1 13 24 25 43 46,16,false
lotto-plus-1,2021-04-10,7 18 27 31 45 51,37,false
daily-lotto,2021-04-11,5 6 7 27 33,,false
daily-lotto,2021-04-12,3 7 8 10 21,,false
daily-lotto,2021-04-13,1 2 11 19 31,,false
powerball,2021-04-13,6 8 22 31 42,15,false
powerball-plus,2021-04-13,14 27 30 38 48,16,false
daily-lotto,2021-04-14,2 9 10 23 35,,false
lotto,2021-04-14,1 5 8 19 26 48,30,false
lotto-plus-1,2021-04-14,3 7 13 21 34 49,50,false
daily-lotto,2021-04-15,3 6 17 23 26,,false
daily-lotto,2021-04-16,4 7 25 29 30,,false
powerball,2021-04-16,2 5 12 25 49,20,false
powerball-plus,2021-04-16,14 19 21 39 42,4,false
daily-lotto,2021-04-17,3 13 20 24 29,,false
lotto,2021-04-17,14 28 30 44 47 51,3,false
lotto-plus-1,2021-04-17,5 7 9 17 32 41,36,false
daily-lotto,2021-04-18,1 15 20 21 24,,false
daily-lotto,2021-04-19,13 21 28 31 36,,false
daily-lotto,2021-04-20,1 4 10 13 36,,false
powerball,2021-04-20,3 5 12 32 49,19,false
powerball-plus,2021-04-20,16 26 30 33 42,13,false
daily-lotto,2021-04-21,3 4 8 23 26,,false
lotto,2021-04-21,1 7 10 11 23 31,8,false
lotto-plus-1,2021-04-21,10 18 27 30 34 36,44,false
daily-lotto,2021-04-22,4 12 18 21 29,,false
daily-lotto,2021-04-23,8 13 23 24 27,,false
powerball,2021-04-23,5 14 19 30 35,12,false
powerball-plus,2021-04-23,4 15 48 49 50,9,false
daily-lotto,2021-04-24,6 13 24 32 36,,false
lotto,2021-04-24,22 26 31 40 42 43,19,false
lotto-plus-1,2021-04-24,5 7 31 35 36 44,12,false
daily-lotto,2021-04-25,6 11 17 25 26,,false
daily-lotto,2021-04-26,2 5 13 19 31,,false
daily-lotto,2021-04-27,5 14 16 18 23,,false
powerball,2021-04-27,1 8 22 29 49,18,false
powerball-plus,2021-04-27,1 15 24 30 42,17,false
daily-lotto,2021-04-28,2 14 23 29 35,,false
lotto,2021-04-28,7 18 20 22 31 48,29,false
lotto-plus-1,2021-04-28,30 34 36 37 39 42,2,false
daily-lotto,2021-04-29,4 9 16 26 36,,false
daily-lotto,2021-04-30,1 8 20 28 29,,false
powerball,2021-04-30,6 12 22 38 45,4,false
powerball-plus,2021-04-30,4 6 8 9 49,18,false
daily-lotto,2021-05-01,5 13 22 30 31,,false
lotto,2021-05-01,10 11 13 20 43 51,4,false
lotto-plus-1,2021-05-01,24 26 28 31 36 40,14,false
daily-lotto,2021-05-02,14 21 24 27 31,,false
daily-lotto,2021-05-03,11 18 23 28 34,,false
daily-lotto,2021-05-04,8 20 21 24 30,,false
powerball,2021-05-04,3 9 17 25 39,13,false
powerball-plus,2021-05-04,2 7 11 14 38,2,false
daily-lotto,2021-05-05,4 8 14 24 25,,false
lotto,2021-05-05,6 14 19 28 31 32,39,false
lotto-plus-1,2021-05-05,4 8 10 14 19 30,27,false
daily-lotto,2021-05-06,17 23 29 31 33,,false
daily-lotto,2021-05-07,3 10 14 15 19,,false
powerball,2021-05-07,4 7 19 20 49,19,false
powerball-plus,2021-05-07,1 8 13 39 44,5,false
daily-lotto,2021-05-08,2 5 13 31 34,,false
lotto,2021-05-08,2 12 15 24 26 43,6,false
lotto-plus-1,2021-05-08,5 8 19 32 35 37,34,false
daily-lotto,2021-05-09,3 6 14 18 20,,false
daily-lotto,2021-05-10,2 7 21 28 29,,false
daily-lotto,2021-05-11,18 22 28 32 36,,false
powerball,2021-05-11,4 10 17 29 38,20,false
powerball-plus,2021-05-11,5 8 22 26 44,3,false
daily-lotto,2021-05-12,1 2 11 30 35,,false
lotto,2021-05-12,2 11 13 20 31 42,16,false
lotto-plus-1,2021-05-12,4 18 25 30 32 37,33,false
daily-lotto,2021-05-13,7 10 12 24 27,,false
daily-lotto,2021-05-14,10 12 31 35 36,,false
powerball,2021-05-14,3 16 28 31 48,11,false
powerball-plus,2021-05-14,2 4 12 17 34,2,false
daily-lotto,2021-05-15,6 10 12 16 26,,false
lotto,2021-05-15,7 13 29 37 38 42,8,false
lotto-plus-1,2021-05-15,4 27 28 29 35 42,36,false
daily-lotto,2021-05-16,1 16 24 30 33,,false
daily-lotto,2021-05-17,4 6 9 23 35,,false
daily-lotto,2021-05-18,12 15 16 17 33,,false
powerball,2021-05-18,4 11 30 35 45,12,false
powerball-plus,2021-05-18,8 9 13 30 36,13,false
daily-lotto,2021-05-19,2 7 10 12 26,,false
lotto,2021-05-19,1 6 12 16 35 45,2,false
lotto-plus-1,2021-05-19,8 10 27 28 37 40,7,false
daily-lotto,2021-05-20,2 8 32 33 36,,false
daily-lotto,2021-05-21,14 25 26 27 32,,false
powerball,2021-05-21,19 21 24 45 50,5,false
powerball-plus,2021-05-21,6 11 15 39 49,8,false
daily-lotto,2021-05-22,2 5 10 26 30,,false
lotto,2021-05-22,1 10 26 35 46 50,14,false
lotto-plus-1,2021-05-22,4 22 30 33 42 50,27,false
daily-lotto,2021-05-23,10 16 21 23 31,,false
daily-lotto,2021-05-24,1 3 4 22 27,,false
daily-lotto,2021-05-25,14 19 20 22 24,,false
powerball,2021-05-25,3 4 8 25 44,15,false
powerball-plus,2021-05-25,5 10 17 23 47,3,false
daily-lotto,2021-05-26,2 10 21 22 35,,false
lotto,2021-05-26,6 22 29 45 50 52,32,false
lotto-plus-1,2021-05-26,2 18 28 38 46 50,4,false
daily-lotto,2021-05-27,4 8 10 18 35,,false
daily-lotto,2021-05-28,15 18 23 27 29,,false
powerball,2021-05-28,31 33 36 38 44,4,false
powerball-plus,2021-05-28,12 18 20 31 34,3,false
daily-lotto,2021-05-29,16 18 25 27 32,,false
lotto,2021-05-29,16 18 20 22 26 29,41,false
lotto-plus-1,2021-05-29,11 20 23 28 34 43,45,false
daily-lotto,2021-05-30,9 12 18 29 32,,false
daily-lotto,2021-05-31,1 2 21 30 31,,false
daily-lotto,2021-06-01,5 8 15 31 34,,false
powerball,2021-06-01,3 5 23 37 42,11,false
powerball-plus,2021-06-01,3 6 14 19 46,8,false
daily-lotto,2021-06-02,11 15 23 26 36,,false
lotto,2021-06-02,22 26 27 31 33 47,34,false
lotto-plus-1,2021-06-02,7 15 20 33 38 45,16,false
daily-lotto,2021-06-03,4 6 16 26 31,,false
daily-lotto,2021-06-04,9 22 25 27 29,,false
powerball,2021-06-04,17 34 37 39 44,10,false
powerball-plus,2021-06-04,3 7 25 26 48,14,false
daily-lotto,2021-06-05,5 9 10 19 22,,false
lotto,2021-06-05,9 26 35 36 40 46,14,false
lotto-plus-1,2021-06-05,1 8 28 30 32 35,25,false
daily-lotto,2021-06-06,11 19 20 22 31,,false
daily-lotto,2021-06-07,18 19 25 29 31,,false
daily-lotto,2021-06-08,7 11 24 30 34,,false
powerball,2021-06-08,1 3 17 28 50,7,false
powerball-plus,2021-06-08,14 26 38 47 49,8,false
daily-lotto,2021-06-09,4 15 16 35 36,,false
lotto,2021-06-09,11 15 34 36 48 50,43,false
lotto-plus-1,2021-06-09,12 13 19 21 44 52,30,false
daily-lotto,2021-06-10,9 13 15 21 24,,false
daily-lotto,2021-06-11,4 6 12 28 32,,false
powerball,2021-06-11,9 12 27 37 48,7,false
powerball-plus,2021-06-11,11 14 25 33 39,18,false
daily-lotto,2021-06-12,1 6 9 17 35,,false
lotto,2021-06-12,7 21 23 30 43 48,36,false
lotto-plus-1,2021-06-12,8 36 38 43 47 48,30,false
daily-lotto,2021-06-13,7 8 19 20 33,,false
daily-lotto,2021-06-14,7 14 18 24 30,,false
daily-lotto,2021-06-15,4 7 17 19 20,,false
powerball,2021-06-15,13 23 24 27 44,10,false
powerball-plus,2021-06-15,13 16 21 39 48,2,false
daily-lotto,2021-06-16,13 18 21 31 34,,false
lotto,2021-06-16,7 8 29 37 49 51,43,false
lotto-plus-1,2021-06-16,1 7 8 25 35 44,30,false
daily-lotto,2021-06-17,2 4 5 22 30,,false
daily-lotto,2021-06-18,1 5 13 28 33,,false
powerball,2021-06-18,3 8 19 28 49,11,false
powerball-plus,2021-06-18,20 21 25 31 48,2,false
daily-lotto,2021-06-19,4 17 27 30 32,,false
lotto,2021-06-19,3 10 13 14 38 51,47,false
lotto-plus-1,2021-06-19,1 10 13 31 33 47,49,false
daily-lotto,2021-06-20,3 7 10 24 31,,false
daily-lotto,2021-06-21,12 21 27 30 36,,false
daily-lotto,2021-06-22,7 8 25 27 28,,false
powerball,2021-06-22,3 11 24 33 41,16,false
powerball-plus,2021-06-22,7 22 29 39 49,4,false
daily-lotto,2021-06-23,2 12 21 27 32,,false
lotto,2021-06-23,12 30 35 38 43 52,34,false
lotto-plus-1,2021-06-23,8 18 28 30 37 51,6,false
daily-lotto,2021-06-24,11 19 22 24 28,,false
daily-lotto,2021-06-25,6 11 22 27 28,,false
powerball,2021-06-25,4 16 34 36 46,6,false
powerball-plus,2021-06-25,1 3 7 11 35,10,false
daily-lotto,2021-06-26,5 8 18 32 36,,false
lotto,2021-06-26,2 5 11 15 29 33,21,false
lotto-plus-1,2021-06-26,9 18 21 32 42 52,44,false
daily-lotto,2021-06-27,8 16 17 24 36,,false
daily-lotto,2021-06-28,7 17 22 30 31,,false
daily-lotto,2021-06-29,19 21 24 26 27,,false
powerball,2021-06-29,6 35 41 43 45,4,false
powerball-plus,2021-06-29,7 10 12 23 36,20,false
daily-lotto,2021-06-30,6 9 13 14 18,,false
lotto,2021-06-30,8 10 29 37 38 50,30,false
lotto-plus-1,2021-06-30,25 27 32 38 43 46,18,false
daily-lotto,2021-07-01,3 5 27 30 36,,false
daily-lotto,2021-07-02,8 10 19 24 29,,false
powerball,2021-07-02,20 30 34 38 43,7,false
powerball-plus,2021-07-02,3 6 8 20 48,2,false
daily-lotto,2021-07-03,3 22 27 33 35,,false
lotto,2021-07-03,4 12 20 34 46 49,31,false
lotto-plus-1,2021-07-03,7 12 16 23 36 40,50,false
daily-lotto,2021-07-04,9 16 25 26 30,,false
daily-lotto,2021-07-05,5 26 32 33 36,,false
daily-lotto,2021-07-06,1 13 16 22 36,,false
powerball,2021-07-06,1 16 18 26 39,8,false
powerball-plus,2021-07-06,8 9 11 39 45,10,false
daily-lotto,2021-07-07,7 9 10 11 20,,false
lotto,2021-07-07,23 26 29 32 34 39,10,false
lotto-plus-1,2021-07-07,6 17 21 24 37 40,41,false
daily-lotto,2021-07-08,7 9 19 21 32,,false
daily-lotto,2021-07-09,2 4 12 16 17,,false
powerball,2021-07-09,3 12 29 31 38,15,false
powerball-plus,2021-07-09,5 14 25 26 44,8,false
daily-lotto,2021-07-10,6 15 17 18 23,,false
lotto,2021-07-10,1 9 13 32 37 39,24,false
lotto-plus-1,2021-07-10,1 10 24 44 45 47,11,false
daily-lotto,2021-07-11,5 9 13 22 24,,false
daily-lotto,2021-07-12,4 10 18 20 31,,false
daily-lotto,2021-07-13,6 8 20 22 26,,false
powerball,2021-07-13,2 28 29 38 42,2,false
powerball-plus,2021-07-13,7 21 31 34 45,17,false
daily-lotto,2021-07-14,2 11 24 34 36,,false
lotto,2021-07-14,13 22 26 44 46 52,27,false
lotto-plus-1,2021-07-14,4 13 15 19 31 38,32,false
daily-lotto,2021-07-15,7 9 17 22 24,,false
daily-lotto,2021-07-16,3 6 22 23 29,,false
powerball,2021-07-16,20 22 25 41 45,5,false
powerball-plus,2021-07-16,18 23 29 41 42,13,false
daily-lotto,2021-07-17,4 15 24 31 35,,false
lotto,2021-07-17,4 11 18 20 35 41,45,false
lotto-plus-1,2021-07-17,17 23 27 33 35 52,19,false
daily-lotto,2021-07-18,6 7 18 29 33,,false
daily-lotto,2021-07-19,6 7 11 13 22,,false
daily-lotto,2021-07-20,7 13 23 34 35,,false
powerball,2021-07-20,7 32 33 40 42,6,false
powerball-plus,2021-07-20,6 11 13 16 49,14,false
daily-lotto,2021-07-21,3 16 21 27 35,,false
lotto,2021-07-21,3 6 13 23 28 31,21,false
lotto-plus-1,2021-07-21,17 29 49 50 51 52,15,false
daily-lotto,2021-07-22,6 10 17 25 33,,false
daily-lotto,2021-07-23,4 7 9 18 34,,false
powerball,2021-07-23,21 45 47 48 49,18,false
powerball-plus,2021-07-23,8 21 23 33 34,19,false
daily-lotto,2021-07-24,16 17 24 34 35,,false
lotto,2021-07-24,6 39 40 44 45 47,31,false
lotto-plus-1,2021-07-24,2 9 17 36 46 47,19,false
daily-lotto,2021-07-25,11 17 23 31 34,,false
daily-lotto,2021-07-26,8 24 30 31 34,,false
daily-lotto,2021-07-27,11 13 22 31 35,,false
powerball,2021-07-27,5 12 15 28 29,14,false
powerball-plus,2021-07-27,1 12 36 38 41,7,false
daily-lotto,2021-07-28,8 22 23 26 29,,false
lotto,2021-07-28,1 5 13 22 27 28,25,false
lotto-plus-1,2021-07-28,3 15 16 20 28 32,1,false
daily-lotto,2021-07-29,18 20 24 29 33,,false
daily-lotto,2021-07-30,2 26 29 34 35,,false
powerball,2021-07-30,4 12 27 35 50,1,false
powerball-plus,2021-07-30,17 24 40 44 50,7,false
daily-lotto,2021-07-31,10 13 26 30 34,,false
lotto,2021-07-31,24 29 36 37 39 45,50,false
lotto-plus-1,2021-07-31,10 16 27 28 45 47,33,false
daily-lotto,2021-08-01,2 5 17 26 36,,false
daily-lotto,2021-08-02,18 20 28 29 32,,false
daily-lotto,2021-08-03,2 11 18 31 32,,false
powerball,2021-08-03,8 16 18 30 34,4,false
powerball-plus,2021-08-03,7 14 20 34 44,11,false
daily-lotto,2021-08-04,5 6 7 27 30,,false
lotto,2021-08-04,21 26 27 30 37 51,29,false
lotto-plus-1,2021-08-04,6 12 15 19 39 48,25,false
daily-lotto,2021-08-05,4 5 10 21 36,,false
daily-lotto,2021-08-06,7 12 16 30 34,,false
powerball,2021-08-06,7 13 18 20 25,6,false
powerball-plus,2021-08-06,5 8 21 27 30,10,false
daily-lotto,2021-08-07,5 7 12 31 33,,false
lotto,2021-08-07,3 13 25 26 31 50,32,false
lotto-plus-1,2021-08-07,5 12 23 30 35 39,9,false
daily-lotto,2021-08-08,13 18 19 22 24,,false
daily-lotto,2021-08-09,13 20 30 32 36,,false
daily-lotto,2021-08-10,8 10 18 20 29,,false
powerball,2021-08-10,1 4 12 13 33,6,false
powerball-plus,2021-08-10,3 12 17 37 38,17,false
daily-lotto,2021-08-11,1 5 15 28 31,,false
lotto,2021-08-11,2 5 25 32 48 51,20,false
lotto-plus-1,2021-08-11,4 6 19 34 38 49,7,false
daily-lotto,2021-08-12,4 7 13 15 22,,false
daily-lotto,2021-08-13,15 18 22 33 36,,false
powerball,2021-08-13,5 23 41 42 50,2,false
powerball-plus,2021-08-13,27 29 36 37 50,12,false
daily-lotto,2021-08-14,15 29 33 35 36,,false
lotto,2021-08-14,5 14 19 34 44 49,8,false
lotto-plus-1,2021-08-14,10 14 19 34 36 44,9,false
daily-lotto,2021-08-15,6 14 23 31 34,,false
daily-lotto,2021-08-16,3 22 28 29 31,,false
daily-lotto,2021-08-17,7 23 24 25 29,,false
powerball,2021-08-17,10 18 23 30 48,1,false
powerball-plus,2021-08-17,3 9 29 44 48,20,false
daily-lotto,2021-08-18,8 10 11 14 17,,false
lotto,2021-08-18,3 14 29 30 33 35,4,false
lotto-plus-1,2021-08-18,11 19 38 39 40 51,15,false
daily-lotto,2021-08-19,1 12 17 20 25,,false
daily-lotto,2021-08-20,7 16 20 27 32,,false
powerball,2021-08-20,6 21 33 37 50,18,false
powerball-plus,2021-08-20,3 6 7 17 26,13,false
daily-lotto,2021-08-21,3 6 8 13 36,,false
lotto,2021-08-21,10 19 29 38 45 50,35,false
lotto-plus-1,2021-08-21,2 3 10 11 42 45,16,false
daily-lotto,2021-08-22,5 16 20 22 27,,false
daily-lotto,2021-08-23,7 9 25 31 33,,false
daily-lotto,2021-08-24,10 13 25 32 33,,false
powerball,2021-08-24,21 23 34 35 41,9,false
powerball-plus,2021-08-24,5 10 17 19 43,16,false
daily-lotto,2021-08-25,5 9 18 19 27,,false
lotto,2021-08-25,11 26 28 30 33 50,22,false
lotto-plus-1,2021-08-25,6 12 20 23 24 25,4,false
daily-lotto,2021-08-26,5 19 21 28 29,,false
daily-lotto,2021-08-27,10 11 16 20 35,,false
powerball,2021-08-27,6 10 11 45 47,13,false
powerball-plus,2021-08-27,20 30 31 41 49,11,false
daily-lotto,2021-08-28,6 8 16 22 30,,false
lotto,2021-08-28,8 14 16 21 42 47,30,false
lotto-plus-1,2021-08-28,2 8 13 19 28 40,22,false
daily-lotto,2021-08-29,6 24 28 29 35,,false
daily-lotto,2021-08-30,5 15 23 29 31,,false
daily-lotto,2021-08-31,7 15 16 18 20,,false
powerball,2021-08-31,9 10 35 42 48,20,false
powerball-plus,2021-08-31,9 16 19 29 46,18,false
daily-lotto,2021-09-01,6 13 22 30 36,,false
lotto,2021-09-01,2 14 23 33 36 42,45,false
lotto-plus-1,2021-09-01,3 4 8 10 11 41,16,false
daily-lotto,2021-09-02,1 2 6 12 14,,false
daily-lotto,2021-09-03,2 4 14 15 36,,false
powerball,2021-09-03,2 9 18 42 43,8,false
powerball-plus,2021-09-03,5 8 40 45 47,15,false
daily-lotto,2021-09-04,8 12 22 27 33,,false
lotto,2021-09-04,4 6 27 30 39 41,22,false
lotto-plus-1,2021-09-04,13 14 22 38 41 47,33,false
daily-lotto,2021-09-05,4 6 26 28 29,,false
daily-lotto,2021-09-06,1 4 10 11 20,,false
daily-lotto,2021-09-07,4 8 11 35 36,,false
powerball,2021-09-07,2 11 13 19 40,2,false
powerball-plus,2021-09-07,9 13 36 43 49,10,false
daily-lotto,2021-09-08,2 6 15 28 36,,false
lotto,2021-09-08,2 4 18 19 20 28,45,false
lotto-plus-1,2021-09-08,11 18 36 38 43 45,17,false
daily-lotto,2021-09-09,10 12 18 25 32,,false
daily-lotto,2021-09-10,5 18 29 31 34,,false
powerball,2021-09-10,8 12 17 28 43,13,false
powerball-plus,2021-09-10,12 19 21 28 43,5,false
daily-lotto,2021-09-11,2 18 20 22 34,,false
lotto,2021-09-11,7 22 36 38 48 50,37,false
lotto-plus-1,2021-09-11,5 10 11 14 18 36,30,false
daily-lotto,2021-09-12,10 18 25 32 35,,false
daily-lotto,2021-09-13,12 20 31 33 35,,false
daily-lotto,2021-09-14,12 13 20 21 31,,false
powerball,2021-09-14,16 18 23 31 35,10,false
powerball-plus,2021-09-14,8 13 26 36 43,5,false
daily-lotto,2021-09-15,1 23 24 32 33,,false
lotto,2021-09-15,8 9 19 45 47 52,24,false
lotto-plus-1,2021-09-15,7 9 13 32 33 52,31,false
daily-lotto,2021-09-16,2 5 21 23 35,,false
daily-lotto,2021-09-17,9 10 19 26 34,,false
powerball,2021-09-17,8 10 17 26 39,14,false
powerball-plus,2021-09-17,15 20 30 49 50,5,false
daily-lotto,2021-09-18,2 3 4 6 12,,false
lotto,2021-09-18,4 11 12 32 34 47,8,false
lotto-plus-1,2021-09-18,10 12 19 35 43 51,21,false
daily-lotto,2021-09-19,16 21 28 30 33,,false
daily-lotto,2021-09-20,4 11 12 16 33,,false
daily-lotto,2021-09-21,12 15 17 24 36,,false
powerball,2021-09-21,18 26 41 44 47,4,false
powerball-plus,2021-09-21,6 10 14 21 29,11,false
daily-lotto,2021-09-22,10 19 22 24 30,,false
lotto,2021-09-22,2 8 27 28 32 50,35,false
lotto-plus-1,2021-09-22,5 28 29 48 50 52,24,false
daily-lotto,2021-09-23,3 4 5 16 22,,false
daily-lotto,2021-09-24,1 13 18 26 27,,false
powerball,2021-09-24,14 17 24 31 43,15,false
powerball-plus,2021-09-24,5 6 17 18 21,6,false
daily-lotto,2021-09-25,6 8 14 28 29,,false
lotto,2021-09-25,2 7 10 38 47 48,30,false
lotto-plus-1,2021-09-25,3 11 16 37 48 49,4,false
daily-lotto,2021-09-26,9 11 22 31 32,,false
daily-lotto,2021-09-27,5 8 18 25 36,,false
daily-lotto,2021-09-28,6 21 22 23 31,,false
powerball,2021-09-28,13 15 20 28 29,15,false
powerball-plus,2021-09-28,17 18 28 35 48,10,false
daily-lotto,2021-09-29,15 20 23 32 33,,false
lotto,2021-09-29,14 15 24 33 35 51,26,false
lotto-plus-1,2021-09-29,3 7 10 33 42 47,20,false
daily-lotto,2021-09-30,18 19 21 33 35,,false
daily-lotto,2021-10-01,2 16 18 20 29,,false
powerball,2021-10-01,24 25 38 40 49,2,false
powerball-plus,2021-10-01,16 31 33 42 48,20,false
daily-lotto,2021-10-02,5 7 9 12 21,,false
lotto,2021-10-02,2 15 27 33 43 44,38,false
lotto-plus-1,2021-10-02,11 14 20 39 43 44,38,false
daily-lotto,2021-10-03,4 6 21 27 32,,false
daily-lotto,2021-10-04,6 14 18 27 30,,false
daily-lotto,2021-10-05,3 14 16 21 25,,false
powerball,2021-10-05,2 13 20 42 47,3,false
powerball-plus,2021-10-05,5 11 30 36 50,18,false
daily-lotto,2021-10-06,1 2 8 14 24,,false
lotto,2021-10-06,11 16 25 26 34 45,30,false
lotto-plus-1,2021-10-06,9 16 17 41 43 45,51,false
daily-lotto,2021-10-07,1 7 10 15 34,,false
daily-lotto,2021-10-08,3 12 16 25 36,,false
powerball,2021-10-08,4 14 18 24 38,9,false
powerball-plus,2021-10-08,7 17 20 25 29,16,false
daily-lotto,2021-10-09,18 20 25 26 32,,false
lotto,2021-10-09,3 5 10 32 37 40,12,false
lotto-plus-1,2021-10-09,3 7 30 40 41 42,39,false
daily-lotto,2021-10-10,7 12 13 15 23,,false
daily-lotto,2021-10-11,15 17 20 32 34,,false
daily-lotto,2021-10-12,21 22 24 30 34,,false
powerball,2021-10-12,23 30 32 36 39,12,false
powerball-plus,2021-10-12,4 10 14 29 48,10,false
daily-lotto,2021-10-13,11 14 17 25 27,,false
lotto,2021-10-13,1 10 26 35 38 49,27,false
lotto-plus-1,2021-10-13,6 22 23 27 32 40,28,false
daily-lotto,2021-10-14,8 16 19 23 35,,false
daily-lotto,2021-10-15,2 4 7 9 19,,false
powerball,2021-10-15,15 30 44 45 48,15,false
powerball-plus,2021-10-15,4 24 38 43 46,17,false
daily-lotto,2021-10-16,3 7 17 19 35,,false
lotto,2021-10-16,12 13 35 40 41 44,15,false
lotto-plus-1,2021-10-16,8 10 11 18 34 48,32,false
daily-lotto,2021-10-17,13 17 22 24 29,,false
daily-lotto,2021-10-18,14 19 32 34 35,,false
daily-lotto,2021-10-19,5 10 17 24 36,,false
powerball,2021-10-19,15 19 21 24 41,2,false
powerball-plus,2021-10-19,8 12 26 41 42,20,false
daily-lotto,2021-10-20,3 9 10 16 28,,false
lotto,2021-10-20,3 17 24 35 42 43,39,false
lotto-plus-1,2021-10-20,1 6 16 18 19 43,15,false
daily-lotto,2021-10-21,1 4 15 23 27,,false
daily-lotto,2021-10-22,4 9 15 16 25,,false
powerball,2021-10-22,3 8 17 40 47,13,false
powerball-plus,2021-10-22,1 8 11 27 29,3,false
daily-lotto,2021-10-23,10 25 26 30 32,,false
lotto,2021-10-23,5 11 12 31 43 49,17,false
lotto-plus-1,2021-10-23,18 21 23 31 47 52,45,false
daily-lotto,2021-10-24,2 4 17 27 30,,false
daily-lotto,2021-10-25,10 19 23 33 36,,false
daily-lotto,2021-10-26,8 9 21 23 32,,false
powerball,2021-10-26,8 15 19 27 49,4,false
powerball-plus,2021-10-26,5 12 19 21 31,3,false
daily-lotto,2021-10-27,1 8 9 29 33,,false
lotto,2021-10-27,1 26 31 38 44 48,22,false
lotto-plus-1,2021-10-27,12 31 38 40 44 51,24,false
daily-lotto,2021-10-28,5 23 27 32 36,,false
daily-lotto,2021-10-29,16 24 33 35 36,,false
powerball,2021-10-29,29 42 45 47 49,8,false
powerball-plus,2021-10-29,3 11 32 33 50,15,false
daily-lotto,2021-10-30,8 11 19 20 21,,false
lotto,2021-10-30,8 12 38 41 42 45,29,false
lotto-plus-1,2021-10-30,15 16 18 29 34 36,1,false
daily-lotto,2021-10-31,4 14 19 20 35,,false
daily-lotto,2021-11-01,5 9 11 25 33,,false
daily-lotto,2021-11-02,8 21 22 29 34,,false
powerball,2021-11-02,11 24 25 26 38,20,false
powerball-plus,2021-11-02,2 25 26 34 42,1,false
daily-lotto,2021-11-03,6 15 16 20 22,,false
lotto,2021-11-03,5 6 11 12 13 16,42,false
lotto-plus-1,2021-11-03,7 10 25 34 39 48,28,false
daily-lotto,2021-11-04,3 10 20 27 35,,false
daily-lotto,2021-11-05,1 10 21 26 29,,false
powerball,2021-11-05,9 15 38 40 42,2,false
powerball-plus,2021-11-05,2 5 14 23 42,11,false
daily-lotto,2021-11-06,3 6 15 23 30,,false
lotto,2021-11-06,3 22 25 30 38 45,50,false
lotto-plus-1,2021-11-06,5 17 23 25 34 37,2,false
daily-lotto,2021-11-07,4 26 27 28 33,,false
daily-lotto,2021-11-08,17 22 30 31 32,,false
daily-lotto,2021-11-09,1 7 9 19 20,,false
powerball,2021-11-09,13 15 32 43 44,3,false
powerball-plus,2021-11-09,7 25 33 35 39,5,false
daily-lotto,2021-11-10,1 6 22 27 34,,false
lotto,2021-11-10,8 12 15 19 34 49,31,false
lotto-plus-1,2021-11-10,11 12 13 23 49 51,5,false
daily-lotto,2021-11-11,1 10 12 19 21,,false
daily-lotto,2021-11-12,14 19 20 26 36,,false
powerball,2021-11-12,2 24 27 41 49,17,false
powerball-plus,2021-11-12,15 21 22 43 45,17,false
daily-lotto,2021-11-13,11 12 15 24 33,,false
lotto,2021-11-13,3 19 20 35 39 41,25,false
lotto-plus-1,2021-11-13,12 16 20 23 27 36,15,false
daily-lotto,2021-11-14,6 8 10 11 16,,false
daily-lotto,2021-11-15,13 15 20 24 27,,false
daily-lotto,2021-11-16,5 17 28 29 31,,false
powerball,2021-11-16,8 9 36 42 50,4,false
powerball-plus,2021-11-16,29 32 33 45 47,15,false
daily-lotto,2021-11-17,4 6 21 32 36,,false
lotto,2021-11-17,5 14 35 43 50 52,34,false
lotto-plus-1,2021-11-17,6 7 11 15 24 37,47,false
daily-lotto,2021-11-18,10 11 15 19 30,,false
daily-lotto,2021-11-19,6 17 22 26 32,,false
powerball,2021-11-19,4 16 39 40 50,9,false
powerball-plus,2021-11-19,4 16 21 40 45,3,false
daily-lotto,2021-11-20,4 6 11 32 35,,false
lotto,2021-11-20,2 21 23 26 32 42,47,false
lotto-plus-1,2021-11-20,5 9 15 20 28 33,18,false
daily-lotto,2021-11-21,3 6 7 15 33,,false
daily-lotto,2021-11-22,16 18 25 30 31,,false
daily-lotto,2021-11-23,5 6 7 10 32,,false
powerball,2021-11-23,3 18 21 24 28,1,false
powerball-plus,2021-11-23,15 16 21 22 25,3,false
daily-lotto,2021-11-24,1 8 18 26 34,,false
lotto,2021-11-24,6 18 24 39 43 48,40,false
lotto-plus-1,2021-11-24,14 18 20 32 39 49,28,false
daily-lotto,2021-11-25,3 7 20 21 25,,false
daily-lotto,2021-11-26,3 9 28 29 30,,false
powerball,2021-11-26,5 7 11 19 38,14,false
powerball-plus,2021-11-26,20 36 37 44 48,16,false
daily-lotto,2021-11-27,10 13 20 22 34,,false
lotto,2021-11-27,5 15 16 34 38 42,41,false
lotto-plus-1,2021-11-27,9 10 27 40 47 52,11,false
daily-lotto,2021-11-28,1 5 9 10 20,,false
daily-lotto,2021-11-29,3 5 13 28 33,,false
daily-lotto,2021-11-30,1 3 9 11 34,,false
powerball,2021-11-30,2 17 22 31 35,4,false
powerball-plus,2021-11-30,11 20 24 29 31,7,false
daily-lotto,2021-12-01,4 11 15 17 28,,false
lotto,2021-12-01,1 8 9 17 39 50,30,false
lotto-plus-1,2021-12-01,1 29 36 40 42 45,31,false
daily-lotto,2021-12-02,3 8 11 20 32,,false
daily-lotto,2021-12-03,6 13 14 25 35,,false
powerball,2021-12-03,9 19 20 30 31,10,false
powerball-plus,2021-12-03,5 18 26 35 39,2,false
daily-lotto,2021-12-04,1 12 24 29 36,,false
lotto,2021-12-04,17 26 28 30 42 46,14,false
lotto-plus-1,2021-12-04,9 20 22 31 35 46,49,false
daily-lotto,2021-12-05,4 6 19 33 36,,false
daily-lotto,2021-12-06,6 10 13 23 36,,false
daily-lotto,2021-12-07,2 8 12 20 27,,false
powerball,2021-12-07,4 7 17 19 23,14,false
powerball-plus,2021-12-07,7 13 44 46 49,2,false
daily-lotto,2021-12-08,5 9 11 20 25,,false
lotto,2021-12-08,13 30 36 41 44 46,35,false
lotto-plus-1,2021-12-08,15 19 27 40 43 49,39,false
daily-lotto,2021-12-09,2 3 5 14 19,,false
daily-lotto,2021-12-10,7 24 31 34 35,,false
powerball,2021-12-10,23 24 27 48 49,3,false
powerball-plus,2021-12-10,6 14 20 30 33,19,false
daily-lotto,2021-12-11,7 9 16 18 20,,false
lotto,2021-12-11,2 12 14 16 28 51,19,false
lotto-plus-1,2021-12-11,1 19 31 34 43 49,28,false
daily-lotto,2021-12-12,20 27 29 35 36,,false
daily-lotto,2021-12-13,6 22 23 25 30,,false
daily-lotto,2021-12-14,3 12 15 20 28,,false
powerball,2021-12-14,5 19 30 37 43,16,false
powerball-plus,2021-12-14,15 16 26 29 50,4,false
daily-lotto,2021-12-15,15 19 24 26 32,,false
lotto,2021-12-15,7 9 41 45 48 50,24,false
lotto-plus-1,2021-12-15,7 10 12 18 30 41,15,false
daily-lotto,2021-12-16,3 10 16 25 28,,false
daily-lotto,2021-12-17,1 8 17 24 28,,false
powerball,2021-12-17,19 28 34 38 48,4,false
powerball-plus,2021-12-17,4 5 37 40 49,2,false
daily-lotto,2021-12-18,6 13 17 20 30,,false
lotto,2021-12-18,4 12 17 22 23 26,1,false
lotto-plus-1,2021-12-18,3 7 8 36 49 51,9,false
daily-lotto,2021-12-19,1 2 18 20 31,,false
daily-lotto,2021-12-20,1 2 8 20 35,,false
daily-lotto,2021-12-21,8 17 20 30 36,,false
powerball,2021-12-21,13 35 46 47 50,5,false
powerball-plus,2021-12-21,7 8 19 44 50,11,false
daily-lotto,2021-12-22,5 6 8 30 32,,false
lotto,2021-12-22,15 23 32 34 37 45,21,false
lotto-plus-1,2021-12-22,2 5 8 40 46 47,50,false
daily-lotto,2021-12-23,6 9 14 17 36,,false
daily-lotto,2021-12-24,8 22 23 24 29,,false
powerball,2021-12-24,6 10 11 29 41,16,false
powerball-plus,2021-12-24,16 20 25 39 49,6,false
daily-lotto,2021-12-26,3 11 17 25 26,,false
daily-lotto,2021-12-27,17 19 21 29 31,,false
daily-lotto,2021-12-28,3 11 25 31 35,,false
powerball,2021-12-28,2 13 16 49 50,18,false
powerball-plus,2021-12-28,10 11 20 38 45,9,false
daily-lotto,2021-12-29,10 14 16 17 19,,false
lotto,2021-12-29,2 4 17 39 43 46,51,false
lotto-plus-1,2021-12-29,6 9 12 30 38 42,48,false
daily-lotto,2021-12-30,2 6 21 23 28,,false
daily-lotto,2021-12-31,3 4 18 19 24,,false
powerball,2021-12-31,27 30 33 38 49,5,false
powerball-plus,2021-12-31,11 19 24 31 47,11,false
daily-lotto,2022-01-01,17 23 31 32 36,,false
lotto,2022-01-01,5 10 16 43 44 49,23,false
lotto-plus-1,2022-01-01,5 31 35 41 42 43,9,false
daily-lotto,2022-01-02,12 21 23 25 31,,false
daily-lotto,2022-01-03,6 14 16 22 25,,false
daily-lotto,2022-01-04,4 16 22 29 32,,false
powerball,2022-01-04,3 19 38 45 46,19,false
powerball-plus,2022-01-04,10 27 33 35 47,6,false
daily-lotto,2022-01-05,11 14 21 27 35,,false
lotto,2022-01-05,8 14 15 25 30 31,17,false
lotto-plus-1,2022-01-05,11 13 14 24 42 46,47,false
daily-lotto,2022-01-06,5 9 20 26 36,,false
daily-lotto,2022-01-07,4 6 10 15 30,,false
powerball,2022-01-07,10 12 37 42 43,2,false
powerball-plus,2022-01-07,3 7 13 20 48,20,false
daily-lotto,2022-01-08,13 14 30 33 36,,false
lotto,2022-01-08,6 12 15 17 22 33,46,false
lotto-plus-1,2022-01-08,5 12 20 27 30 47,3,false
daily-lotto,2022-01-09,5 23 30 32 33,,false
daily-lotto,2022-01-10,1 3 11 23 34,,false
daily-lotto,2022-01-11,1 8 9 18 20,,false
powerball,2022-01-11,20 23 27 38 45,17,false
powerball-plus,2022-01-11,2 4 9 18 28,1,false
daily-lotto,2022-01-12,3 22 27 33 36,,false
lotto,2022-01-12,5 16 30 45 47 52,13,false
lotto-plus-1,2022-01-12,4 6 11 22 46 51,10,false
daily-lotto,2022-01-13,6 7 23 28 30,,false
daily-lotto,2022-01-14,8 25 30 33 34,,false
powerball,2022-01-14,12 22 26 29 49,20,false
powerball-plus,2022-01-14,6 25 26 32 44,9,false
daily-lotto,2022-01-15,3 7 11 12 35,,false
lotto,2022-01-15,7 12 13 19 25 37,50,false
lotto-plus-1,2022-01-15,10 26 30 38 48 51,37,false
daily-lotto,2022-01-16,1 19 23 28 33,,false
daily-lotto,2022-01-17,8 21 24 29 34,,false
daily-lotto,2022-01-18,11 15 16 21 33,,false
powerball,2022-01-18,9 36 44 45 46,16,false
powerball-plus,2022-01-18,6 12 19 30 48,4,false
daily-lotto,2022-01-19,6 9 22 27 34,,false
lotto,2022-01-19,1 14 21 33 37 49,44,false
lotto-plus-1,2022-01-19,1 8 14 22 29 52,24,false
daily-lotto,2022-01-20,8 15 20 29 32,,false
daily-lotto,2022-01-21,2 8 16 20 35,,false
powerball,2022-01-21,10 14 19 34 37,12,false
powerball-plus,2022-01-21,3 24 41 43 50,13,false
daily-lotto,2022-01-22,3 10 16 31 33,,false
lotto,2022-01-22,5 8 11 17 31 38,39,false
lotto-plus-1,2022-01-22,3 6 34 36 37 52,25,false
daily-lotto,2022-01-23,2 7 29 30 34,,false
daily-lotto,2022-01-24,15 16 25 28 30,,false
daily-lotto,2022-01-25,5 19 22 31 32,,false
powerball,2022-01-25,3 11 29 32 36,8,false
powerball-plus,2022-01-25,10 21 30 39 46,7,false
daily-lotto,2022-01-26,8 14 15 18 33,,false
lotto,2022-01-26,3 17 38 44 46 50,7,false
lotto-plus-1,2022-01-26,4 24 26 42 45 48,39,false
daily-lotto,2022-01-27,5 11 18 22 32,,false
daily-lotto,2022-01-28,8 18 22 23 25,,false
powerball,2022-01-28,1 12 21 26 48,18,false
powerball-plus,2022-01-28,22 44 47 48 49,10,false
daily-lotto,2022-01-29,1 2 12 16 27,,false
lotto,2022-01-29,8 10 19 34 36 52,2,false
lotto-plus-1,2022-01-29,6 15 21 33 34 44,23,false
daily-lotto,2022-01-30,5 7 25 29 36,,false
daily-lotto,2022-01-31,2 8 14 16 35,,false
daily-lotto,2022-02-01,1 2 15 25 32,,false
powerball,2022-02-01,31 33 37 40 43,1,false
powerball-plus,2022-02-01,6 12 29 44 49,16,false
daily-lotto,2022-02-02,1 12 26 30 35,,false
lotto,2022-02-02,11 17 20 28 31 46,25,false
lotto-plus-1,2022-02-02,7 9 12 38 46 48,3,false
daily-lotto,2022-02-03,6 9 24 30 35,,false
daily-lotto,2022-02-04,10 13 18 30 34,,false
powerball,2022-02-04,2 10 11 23 24,11,false
powerball-plus,2022-02-04,7 21 33 34 36,9,false
daily-lotto,2022-02-05,7 13 20 25 27,,false
lotto,2022-02-05,4 21 31 33 36 38,17,false
lotto-plus-1,2022-02-05,5 9 25 34 37 39,3,false
daily-lotto,2022-02-06,10 14 24 27 28,,false
daily-lotto,2022-02-07,4 15 20 35 36,,false
daily-lotto,2022-02-08,4 8 19 26 27,,false
powerball,2022-02-08,1 4 14 39 49,13,false
powerball-plus,2022-02-08,12 16 40 42 43,8,false
daily-lotto,2022-02-09,3 6 9 10 21,,false
lotto,2022-02-09,2 18 20 28 35 44,23,false
lotto-plus-1,2022-02-09,6 13 14 15 27 44,49,false
daily-lotto,2022-02-10,5 6 9 14 24,,false
daily-lotto,2022-02-11,4 5 26 27 32,,false
powerball,2022-02-11,9 18 34 36 49,12,false
powerball-plus,2022-02-11,21 22 24 35 43,15,false
daily-lotto,2022-02-12,7 12 15 28 36,,false
lotto,2022-02-12,12 19 21 24 25 39,7,false
lotto-plus-1,2022-02-12,12 27 32 43 45 49,35,false
daily-lotto,2022-02-13,1 4 21 32 34,,false
daily-lotto,2022-02-14,3 8 15 18 32,,false
daily-lotto,2022-02-15,3 17 22 29 36,,false
powerball,2022-02-15,2 9 26 27 32,17,false
powerball-plus,2022-02-15,2 11 17 22 38,9,false
daily-lotto,2022-02-16,14 17 20 24 30,,false
lotto,2022-02-16,4 11 24 25 27 41,30,false
lotto-plus-1,2022-02-16,4 19 36 40 44 50,20,false
daily-lotto,2022-02-17,4 10 18 24 33,,false
daily-lotto,2022-02-18,15 17 26 28 32,,false
powerball,2022-02-18,2 15 31 47 48,15,false
powerball-plus,2022-02-18,14 24 29 46 48,20,false
daily-lotto,2022-02-19,2 13 15 16 25,,false
lotto,2022-02-19,4 11 12 20 38 48,2,false
lotto-plus-1,2022-02-19,1 7 11 41 42 44,14,false
daily-lotto,2022-02-20,11 18 19 23 24,,false
daily-lotto,2022-02-21,2 5 12 28 36,,false
daily-lotto,2022-02-22,20 23 26 27 34,,false
powerball,2022-02-22,18 29 31 32 49,1,false
powerball-plus,2022-02-22,22 33 36 42 43,4,false
daily-lotto,2022-02-23,3 16 19 28 34,,false
lotto,2022-02-23,8 13 23 28 30 41,43,false
lotto-plus-1,2022-02-23,12 15 19 38 42 48,26,false
daily-lotto,2022-02-24,9 10 15 23 33,,false
daily-lotto,2022-02-25,3 19 28 29 34,,false
powerball,2022-02-25,6 12 26 40 45,1,false
powerball-plus,2022-02-25,4 7 19 31 46,1,false
daily-lotto,2022-02-26,10 19 21 22 35,,false
lotto,2022-02-26,1 11 14 27 46 47,24,false
lotto-plus-1,2022-02-26,6 12 19 28 39 52,13,false
daily-lotto,2022-02-27,2 5 15 22 27,,false
daily-lotto,2022-02-28,1 7 17 25 34,,false
daily-lotto,2022-03-01,12 14 15 16 32,,false
powerball,2022-03-01,4 15 26 38 39,19,false
powerball-plus,2022-03-01,5 7 22 38 48,12,false
daily-lotto,2022-03-02,19 21 27 33 36,,false
lotto,2022-03-02,5 10 15 37 43 45,19,false
lotto-plus-1,2022-03-02,2 22 25 32 39 48,31,false
daily-lotto,2022-03-03,1 19 29 32 36,,false
daily-lotto,2022-03-04,6 16 18 19 30,,false
powerball,2022-03-04,9 17 33 46 49,5,false
powerball-plus,2022-03-04,4 17 18 27 45,9,false
daily-lotto,2022-03-05,11 14 24 32 34,,false
lotto,2022-03-05,14 16 17 39 49 50,2,false
lotto-plus-1,2022-03-05,15 23 34 38 44 52,36,false
daily-lotto,2022-03-06,7 10 17 22 23,,false
daily-lotto,2022-03-07,5 11 20 21 35,,false
daily-lotto,2022-03-08,4 6 24 34 36,,false
powerball,2022-03-08,8 14 21 40 43,5,false
powerball-plus,2022-03-08,6 21 27 34 42,12,false
daily-lotto,2022-03-09,3 7 14 23 24,,false
lotto,2022-03-09,15 17 22 29 40 42,2,false
lotto-plus-1,2022-03-09,4 21 27 31 39 42,17,false
daily-lotto,2022-03-10,3 12 16 21 25,,false
daily-lotto,2022-03-11,3 7 8 24 30,,false
powerball,2022-03-11,5 11 24 37 47,2,false
powerball-plus,2022-03-11,20 23 27 46 48,6,false
daily-lotto,2022-03-12,6 9 11 27 33,,false
lotto,2022-03-12,13 20 32 39 43 52,40,false
lotto-plus-1,2022-03-12,3 20 25 34 47 48,46,false
daily-lotto,2022-03-13,3 8 13 31 33,,false
daily-lotto,2022-03-14,13 23 25 30 36,,false
daily-lotto,2022-03-15,5 14 25 33 35,,false
powerball,2022-03-15,19 24 37 38 41,16,false
powerball-plus,2022-03-15,8 15 16 35 49,18,false
daily-lotto,2022-03-16,4 10 19 25 32,,false
lotto,2022-03-16,17 29 30 38 40 43,4,false
lotto-plus-1,2022-03-16,9 14 18 19 26 27,51,false
daily-lotto,2022-03-17,6 9 12 17 20,,false
daily-lotto,2022-03-18,6 10 11 13 24,,false
powerball,2022-03-18,3 12 15 19 22,8,false
powerball-plus,2022-03-18,9 14 24 32 42,1,false
daily-lotto,2022-03-19,6 21 25 29 30,,false
lotto,2022-03-19,3 9 23 41 42 48,16,false
lotto-plus-1,2022-03-19,4 6 11 12 16 34,49,false
daily-lotto,2022-03-20,3 19 31 32 36,,false
daily-lotto,2022-03-21,3 4 10 29 33,,false
daily-lotto,2022-03-22,9 11 14 26 31,,false
powerball,2022-03-22,20 30 35 43 48,19,false
powerball-plus,2022-03-22,11 14 27 43 46,3,false
daily-lotto,2022-03-23,4 15 21 24 31,,false
lotto,2022-03-23,3 6 10 30 38 48,8,false
lotto-plus-1,2022-03-23,5 8 15 17 32 42,48,false
daily-lotto,2022-03-24,3 9 10 16 34,,false
daily-lotto,2022-03-25,2 10 26 34 36,,false
powerball,2022-03-25,15 28 32 43 50,17,false
powerball-plus,2022-03-25,4 26 29 30 40,10,false
daily-lotto,2022-03-26,11 14 21 23 26,,false
lotto,2022-03-26,6 18 22 28 34 45,20,false
lotto-plus-1,2022-03-26,19 25 34 42 44 52,45,false
daily-lotto,2022-03-27,4 11 16 20 33,,false
daily-lotto,2022-03-28,4 10 15 23 25,,false
daily-lotto,2022-03-29,1 3 7 8 28,,false
powerball,2022-03-29,1 20 35 42 46,2,false
powerball-plus,2022-03-29,9 12 27 37 46,9,false
daily-lotto,2022-03-30,7 17 24 34 36,,false
lotto,2022-03-30,12 18 24 31 38 44,51,false
lotto-plus-1,2022-03-30,6 14 26 29 30 51,46,false
daily-lotto,2022-03-31,3 8 14 26 31,,false
daily-lotto,2022-04-01,10 12 14 17 27,,false
powerball,2022-04-01,11 17 21 37 47,7,false
powerball-plus,2022-04-01,4 17 18 40 42,16,false
daily-lotto,2022-04-02,1 3 4 10 25,,false
lotto,2022-04-02,7 10 28 38 48 49,31,false
lotto-plus-1,2022-04-02,13 14 23 27 39 42,17,false
daily-lotto,2022-04-03,8 18 23 24 36,,false
daily-lotto,2022-04-04,1 5 6 12 23,,false
daily-lotto,2022-04-05,15 21 23 29 33,,false
powerball,2022-04-05,18 36 38 42 50,17,false
powerball-plus,2022-04-05,15 22 33 42 43,15,false
daily-lotto,2022-04-06,1 2 8 20 22,,false
lotto,2022-04-06,10 13 29 47 48 51,2,false
lotto-plus-1,2022-04-06,1 2 6 24 30 40,48,false
daily-lotto,2022-04-07,5 13 18 20 28,,false
daily-lotto,2022-04-08,1 7 8 10 29,,false
powerball,2022-04-08,7 12 13 16 38,16,false
powerball-plus,2022-04-08,16 18 26 29 43,16,false
daily-lotto,2022-04-09,5 7 29 31 36,,false
lotto,2022-04-09,2 5 11 27 42 46,14,false
lotto-plus-1,2022-04-09,25 27 39 44 45 48,36,false
daily-lotto,2022-04-10,1 5 7 17 18,,false
daily-lotto,2022-04-11,3 12 23 27 31,,false
daily-lotto,2022-04-12,1 5 27 29 35,,false
powerball,2022-04-12,11 15 28 34 42,5,false
powerball-plus,2022-04-12,5 20 37 38 47,10,false
daily-lotto,2022-04-13,4 11 13 31 33,,false
lotto,2022-04-13,3 17 22 27 31 39,38,false
lotto-plus-1,2022-04-13,17 20 26 31 45 48,12,false
daily-lotto,2022-04-14,5 10 12 20 34,,false
daily-lotto,2022-04-15,2 10 20 25 33,,false
powerball,2022-04-15,4 10 12 35 39,4,false
powerball-plus,2022-04-15,9 17 22 39 42,8,false
daily-lotto,2022-04-16,2 15 28 33 35,,false
lotto,2022-04-16,10 14 25 30 43 49,22,false
lotto-plus-1,2022-04-16,25 31 35 41 46 47,27,false
daily-lotto,2022-04-17,7 17 25 29 33,,false
daily-lotto,2022-04-18,2 4 23 27 36,,false
daily-lotto,2022-04-19,3 9 13 28 32,,false
powerball,2022-04-19,12 25 26 28 43,8,false
powerball-plus,2022-04-19,9 24 36 38 41,2,false
daily-lotto,2022-04-20,21 22 27 29 32,,false
lotto,2022-04-20,1 6 25 26 39 47,24,false
lotto-plus-1,2022-04-20,2 7 14 18 23 36,33,false
daily-lotto,2022-04-21,12 16 20 32 35,,false
daily-lotto,2022-04-22,2 5 21 28 34,,false
powerball,2022-04-22,13 20 30 38 42,9,false
powerball-plus,2022-04-22,4 21 36 45 46,7,false
daily-lotto,2022-04-23,2 10 16 22 34,,false
lotto,2022-04-23,1 9 18 24 34 51,37,false
lotto-plus-1,2022-04-23,6 10 16 27 28 48,21,false
daily-lotto,2022-04-24,5 20 29 30 32,,false
daily-lotto,2022-04-25,5 10 13 16 30,,false
daily-lotto,2022-04-26,5 27 28 31 35,,false
powerball,2022-04-26,2 20 38 43 46,9,false
powerball-plus,2022-04-26,2 6 25 26 44,20,false
daily-lotto,2022-04-27,3 4 25 26 36,,false
lotto,2022-04-27,4 14 17 24 32 49,37,false
lotto-plus-1,2022-04-27,8 10 25 30 31 32,18,false
daily-lotto,2022-04-28,2 10 14 19 28,,false
daily-lotto,2022-04-29,4 13 15 27 34,,false
powerball,2022-04-29,5 10 25 34 50,16,false
powerball-plus,2022-04-29,2 6 18 31 50,18,false
daily-lotto,2022-04-30,4 7 10 15 31,,false
lotto,2022-04-30,14 22 27 28 35 45,10,false
lotto-plus-1,2022-04-30,6 28 32 35 36 50,19,false
daily-lotto,2022-05-01,2 7 18 21 22,,false
daily-lotto,2022-05-02,3 11 24 32 33,,false
daily-lotto,2022-05-03,4 6 8 22 25,,false
powerball,2022-05-03,24 26 35 39 44,20,false
powerball-plus,2022-05-03,21 34 38 40 42,16,false
daily-lotto,2022-05-04,2 26 28 32 36,,false
lotto,2022-05-04,7 11 28 30 36 44,33,false
lotto-plus-1,2022-05-04,11 26 28 34 39 40,24,false
daily-lotto,2022-05-05,7 11 12 27 29,,false
daily-lotto,2022-05-06,6 7 16 22 29,,false
powerball,2022-05-06,4 14 30 34 38,14,false
powerball-plus,2022-05-06,3 5 8 11 35,15,false
daily-lotto,2022-05-07,4 10 12 20 23,,false
lotto,2022-05-07,14 35 36 40 45 50,44,false
lotto-plus-1,2022-05-07,10 15 16 25 29 34,35,false
daily-lotto,2022-05-08,4 9 13 23 30,,false
daily-lotto,2022-05-09,1 10 18 23 35,,false
daily-lotto,2022-05-10,10 13 14 20 25,,false
powerball,2022-05-10,22 38 42 48 49,16,false
powerball-plus,2022-05-10,11 16 27 45 47,1,false
daily-lotto,2022-05-11,1 5 10 12 21,,false
lotto,2022-05-11,20 22 25 36 50 51,12,false
lotto-plus-1,2022-05-11,10 17 22 29 35 47,46,false
daily-lotto,2022-05-12,5 9 20 25 27,,false
daily-lotto,2022-05-13,12 22 24 31 33,,false
powerball,2022-05-13,9 14 15 35 49,13,false
powerball-plus,2022-05-13,1 2 11 20 38,8,false
daily-lotto,2022-05-14,2 3 8 20 24,,false
lotto,2022-05-14,10 13 22 27 36 40,45,false
lotto-plus-1,2022-05-14,18 20 24 29 39 49,43,false
daily-lotto,2022-05-15,9 11 17 25 33,,false
daily-lotto,2022-05-16,2 6 7 18 29,,false
daily-lotto,2022-05-17,7 22 25 26 27,,false
powerball,2022-05-17,15 24 32 35 46,11,false
powerball-plus,2022-05-17,15 16 32 36 38,16,false
daily-lotto,2022-05-18,15 18 21 29 32,,false
lotto,2022-05-18,4 9 15 16 23 29,21,false
lotto-plus-1,2022-05-18,10 19 20 29 41 51,6,false
daily-lotto,2022-05-19,2 8 16 29 32,,false
daily-lotto,2022-05-20,5 6 7 14 26,,false
powerball,2022-05-20,2 14 19 24 39,9,false
powerball-plus,2022-05-20,4 7 21 23 25,7,false
daily-lotto,2022-05-21,19 25 29 34 36,,false
lotto,2022-05-21,2 3 7 20 28 37,5,false
lotto-plus-1,2022-05-21,3 19 22 23 33 43,24,false
daily-lotto,2022-05-22,1 4 6 20 21,,false
daily-lotto,2022-05-23,3 7 13 21 26,,false
daily-lotto,2022-05-24,4 7 10 14 21,,false
powerball,2022-05-24,7 16 21 22 32,12,false
powerball-plus,2022-05-24,1 3 21 22 40,3,false
daily-lotto,2022-05-25,16 28 32 33 35,,false
lotto,2022-05-25,1 6 12 17 31 45,10,false
lotto-plus-1,2022-05-25,8 23 32 39 47 50,44,false
daily-lotto,2022-05-26,3 18 22 28 33,,false
daily-lotto,2022-05-27,8 19 26 27 30,,false
powerball,2022-05-27,7 24 26 27 50,18,false
powerball-plus,2022-05-27,3 32 40 42 48,10,false
daily-lotto,2022-05-28,14 15 26 28 31,,false
lotto,2022-05-28,14 28 30 31 44 47,4,false
lotto-plus-1,2022-05-28,12 16 20 22 47 48,51,false
daily-lotto,2022-05-29,18 26 28 29 31,,false
daily-lotto,2022-05-30,1 2 9 12 33,,false
daily-lotto,2022-05-31,13 17 20 23 30,,false
powerball,2022-05-31,1 5 17 24 33,13,false
powerball-plus,2022-05-31,6 17 21 33 49,3,false
daily-lotto,2022-06-01,4 7 12 18 25,,false
lotto,2022-06-01,15 20 22 27 43 49,29,false
lotto-plus-1,2022-06-01,1 7 10 19 28 46,24,false
daily-lotto,2022-06-02,6 7 14 19 27,,false
daily-lotto,2022-06-03,11 13 22 25 27,,false
powerball,2022-06-03,12 17 20 21 33,6,false
powerball-plus,2022-06-03,17 20 25 27 41,6,false
daily-lotto,2022-06-04,1 5 8 9 10,,false
lotto,2022-06-04,11 22 23 32 35 47,41,false
lotto-plus-1,2022-06-04,11 29 40 47 48 50,23,false
daily-lotto,2022-06-05,4 9 10 20 24,,false
daily-lotto,2022-06-06,6 9 20 21 24,,false
daily-lotto,2022-06-07,1 11 17 18 20,,false
powerball,2022-06-07,4 7 35 41 46,4,false
powerball-plus,2022-06-07,17 20 23 44 47,10,false
daily-lotto,2022-06-08,1 6 7 15 28,,false
lotto,2022-06-08,21 25 27 34 39 48,44,false
lotto-plus-1,2022-06-08,12 25 32 39 45 49,3,false
daily-lotto,2022-06-09,2 3 11 25 33,,false
daily-lotto,2022-06-10,16 21 22 26 30,,false
powerball,2022-06-10,12 25 26 27 49,13,false
powerball-plus,2022-06-10,17 22 26 31 32,18,false
daily-lotto,2022-06-11,1 6 9 14 31,,false
lotto,2022-06-11,6 15 18 23 34 37,48,false
lotto-plus-1,2022-06-11,1 3 14 23 26 44,36,false
daily-lotto,2022-06-12,6 9 22 23 32,,false
daily-lotto,2022-06-13,5 6 25 31 35,,false
daily-lotto,2022-06-14,11 14 26 34 36,,false
powerball,2022-06-14,5 23 26 46 48,16,false
powerball-plus,2022-06-14,7 9 14 34 47,2,false
daily-lotto,2022-06-15,3 5 18 22 34,,false
lotto,2022-06-15,2 19 24 36 45 50,26,false
lotto-plus-1,2022-06-15,2 5 8 15 25 37,26,false
daily-lotto,2022-06-16,1 24 25 27 36,,false
daily-lotto,2022-06-17,8 9 11 32 33,,false
powerball,2022-06-17,4 22 32 46 48,16,false
powerball-plus,2022-06-17,11 12 30 37 42,10,false
daily-lotto,2022-06-18,3 13 17 23 31,,false
lotto,2022-06-18,13 25 35 37 38 44,52,false
lotto-plus-1,2022-06-18,2 20 22 34 49 51,40,false
daily-lotto,2022-06-19,8 15 22 26 36,,false
daily-lotto,2022-06-20,2 9 10 30 31,,false
daily-lotto,2022-06-21,6 9 27 33 36,,false
powerball,2022-06-21,2 6 18 40 50,16,false
powerball-plus,2022-06-21,2 3 20 26 50,11,false
daily-lotto,2022-06-22,13 15 19 28 30,,false
lotto,2022-06-22,9 16 32 38 42 46,33,false
lotto-plus-1,2022-06-22,1 16 29 30 32 33,18,false
daily-lotto,2022-06-23,3 6 11 21 23,,false
daily-lotto,2022-06-24,2 13 21 28 33,,false
powerball,2022-06-24,4 13 25 38 44,13,false
powerball-plus,2022-06-24,6 22 34 37 39,8,false
daily-lotto,2022-06-25,8 13 18 27 29,,false
lotto,2022-06-25,2 8 19 29 35 43,7,false
lotto-plus-1,2022-06-25,13 17 20 30 41 46,27,false
daily-lotto,2022-06-26,18 21 29 30 36,,false
daily-lotto,2022-06-27,2 3 18 21 33,,false
daily-lotto,2022-06-28,8 11 18 30 35,,false
powerball,2022-06-28,9 12 28 29 50,13,false
powerball-plus,2022-06-28,22 27 35 39 48,12,false
daily-lotto,2022-06-29,4 9 10 13 28,,false
lotto,2022-06-29,27 33 34 40 41 51,36,false
lotto-plus-1,2022-06-29,5 14 25 35 44 47,20,false
daily-lotto,2022-06-30,7 21 25 27 28,,false
daily-lotto,2022-07-01,5 9 10 15 16,,false
powerball,2022-07-01,6 8 13 21 28,1,false
powerball-plus,2022-07-01,23 26 41 44 45,20,false
daily-lotto,2022-07-02,1 6 11 31 36,,false
lotto,2022-07-02,4 17 22 37 38 46,23,false
lotto-plus-1,2022-07-02,6 22 27 42 47 50,8,false
daily-lotto,2022-07-03,1 14 16 18 26,,false
daily-lotto,2022-07-04,9 15 24 26 27,,false
daily-lotto,2022-07-05,1 2 8 31 33,,false
powerball,2022-07-05,13 14 16 18 31,19,false
powerball-plus,2022-07-05,5 34 36 49 50,20,false
daily-lotto,2022-07-06,2 15 18 23 31,,false
lotto,2022-07-06,11 16 26 34 38 42,52,false
lotto-plus-1,2022-07-06,8 16 22 27 28 29,5,false
daily-lotto,2022-07-07,18 20 23 33 34,,false
daily-lotto,2022-07-08,1 5 28 31 32,,false
powerball,2022-07-08,4 9 19 21 37,15,false
powerball-plus,2022-07-08,5 19 28 39 49,14,false
daily-lotto,2022-07-09,4 10 22 29 36,,false
lotto,2022-07-09,6 24 29 35 41 44,49,false
lotto-plus-1,2022-07-09,3 11 21 30 39 45,24,false
daily-lotto,2022-07-10,4 5 7 22 36,,false
daily-lotto,2022-07-11,3 18 19 22 31,,false
daily-lotto,2022-07-12,1 6 7 11 29,,false
powerball,2022-07-12,1 17 21 47 48,15,false
powerball-plus,2022-07-12,11 25 26 31 36,7,false
daily-lotto,2022-07-13,6 15 21 29 33,,false
lotto,2022-07-13,3 6 9 10 29 51,11,false
lotto-plus-1,2022-07-13,15 20 26 34 46 50,37,false
daily-lotto,2022-07-14,2 6 8 18 19,,false
daily-lotto,2022-07-15,19 20 24 28 31,,false
powerball,2022-07-15,3 9 36 44 50,16,false
powerball-plus,2022-07-15,10 16 31 46 47,13,false
daily-lotto,2022-07-16,6 8 17 20 22,,false
lotto,2022-07-16,7 13 22 31 45 46,9,false
lotto-plus-1,2022-07-16,5 14 21 35 40 46,4,false
daily-lotto,2022-07-17,5 21 27 31 35,,false
daily-lotto,2022-07-18,8 14 16 19 29,,false
daily-lotto,2022-07-19,10 16 18 28 31,,false
powerball,2022-07-19,14 18 29 46 47,16,false
powerball-plus,2022-07-19,7 13 15 19 32,2,false
daily-lotto,2022-07-20,4 15 21 27 30,,false
lotto,2022-07-20,3 6 15 30 41 45,20,false
lotto-plus-1,2022-07-20,6 12 28 37 43 49,22,false
daily-lotto,2022-07-21,1 4 23 27 35,,false
daily-lotto,2022-07-22,2 9 17 23 35,,false
powerball,2022-07-22,5 18 19 20 48,1,false
powerball-plus,2022-07-22,14 20 26 37 44,16,false
daily-lotto,2022-07-23,4 9 10 26 28,,false
lotto,2022-07-23,23 33 47 48 50 52,24,false
lotto-plus-1,2022-07-23,23 27 32 34 35 50,12,false
daily-lotto,2022-07-24,3 10 19 28 34,,false
daily-lotto,2022-07-25,9 19 24 28 36,,false
daily-lotto,2022-07-26,1 3 13 19 34,,false
powerball,2022-07-26,4 6 9 41 50,13,false
powerball-plus,2022-07-26,9 15 26 28 44,19,false
daily-lotto,2022-07-27,2 4 24 31 36,,false
lotto,2022-07-27,1 7 36 41 49 51,45,false
lotto-plus-1,2022-07-27,15 24 25 28 34 42,5,false
daily-lotto,2022-07-28,1 2 27 30 36,,false
daily-lotto,2022-07-29,2 5 10 20 28,,false
powerball,2022-07-29,7 14 28 32 36,8,false
powerball-plus,2022-07-29,15 18 20 24 48,5,false
daily-lotto,2022-07-30,4 10 28 32 36,,false
lotto,2022-07-30,1 9 13 34 35 37,42,false
lotto-plus-1,2022-07-30,8 15 17 18 38 42,14,false
daily-lotto,2022-07-31,4 20 25 30 31,,false
daily-lotto,2022-08-01,3 9 15 18 33,,false
daily-lotto,2022-08-02,10 18 21 26 29,,false
powerball,2022-08-02,13 14 20 43 45,1,false
powerball-plus,2022-08-02,1 2 12 18 27,9,false
daily-lotto,2022-08-03,6 8 22 24 25,,false
lotto,2022-08-03,5 9 12 23 50 51,4,false
lotto-plus-1,2022-08-03,1 8 12 27 51 52,18,false
daily-lotto,2022-08-04,6 17 21 26 31,,false
daily-lotto,2022-08-05,1 16 17 26 28,,false
powerball,2022-08-05,16 18 21 32 44,18,false
powerball-plus,2022-08-05,14 25 33 39 46,11,false
daily-lotto,2022-08-06,9 18 24 31 33,,false
lotto,2022-08-06,7 18 30 36 44 47,28,false
lotto-plus-1,2022-08-06,4 8 14 16 24 47,7,false
daily-lotto,2022-08-07,18 20 24 32 36,,false
daily-lotto,2022-08-08,4 5 22 31 34,,false
daily-lotto,2022-08-09,3 14 15 23 24,,false
powerball,2022-08-09,6 26 39 42 43,1,false
powerball-plus,2022-08-09,16 32 36 37 48,11,false
daily-lotto,2022-08-10,1 6 8 13 17,,false
lotto,2022-08-10,13 14 21 34 45 52,26,false
lotto-plus-1,2022-08-10,17 20 26 40 47 49,5,false
daily-lotto,2022-08-11,8 16 18 19 20,,false
daily-lotto,2022-08-12,5 27 29 30 32,,false
powerball,2022-08-12,24 30 38 39 44,16,false
powerball-plus,2022-08-12,2 16 20 25 32,13,false
daily-lotto,2022-08-13,4 18 19 28 31,,false
lotto,2022-08-13,6 8 27 28 39 48,7,false
lotto-plus-1,2022-08-13,8 16 22 27 33 34,36,false
daily-lotto,2022-08-14,1 17 24 26 33,,false
daily-lotto,2022-08-15,15 20 23 32 35,,false
daily-lotto,2022-08-16,1 12 19 21 27,,false
powerball,2022-08-16,21 33 40 42 48,2,false
powerball-plus,2022-08-16,8 11 12 23 49,13,false
daily-lotto,2022-08-17,2 5 8 28 34,,false
lotto,2022-08-17,5 13 21 34 35 39,28,false
lotto-plus-1,2022-08-17,7 11 12 23 45 52,27,false
daily-lotto,2022-08-18,5 11 17 26 31,,false
daily-lotto,2022-08-19,1 16 27 28 34,,false
powerball,2022-08-19,23 36 39 40 43,3,false
powerball-plus,2022-08-19,10 11 20 25 28,15,false
daily-lotto,2022-08-20,9 16 20 32 33,,false
lotto,2022-08-20,7 9 20 27 46 51,47,false
lotto-plus-1,2022-08-20,4 37 40 41 45 49,44,false
daily-lotto,2022-08-21,6 15 19 23 35,,false
daily-lotto,2022-08-22,4 17 26 32 35,,false
daily-lotto,2022-08-23,6 8 21 22 29,,false
powerball,2022-08-23,10 11 17 29 40,15,false
powerball-plus,2022-08-23,20 22 23 31 41,7,false
daily-lotto,2022-08-24,2 5 12 22 23,,false
lotto,2022-08-24,8 11 12 37 41 48,40,false
lotto-plus-1,2022-08-24,6 8 13 14 17 50,2,false
daily-lotto,2022-08-25,6 8 12 15 17,,false
daily-lotto,2022-08-26,10 12 21 23 31,,false
powerball,2022-08-26,3 11 17 23 45,15,false
powerball-plus,2022-08-26,2 8 45 49 50,11,false
daily-lotto,2022-08-27,5 20 21 23 30,,false
lotto,2022-08-27,4 10 14 24 31 37,20,false
lotto-plus-1,2022-08-27,6 16 19 29 37 39,52,false
daily-lotto,2022-08-28,22 23 29 32 33,,false
daily-lotto,2022-08-29,10 21 26 29 34,,false
daily-lotto,2022-08-30,16 22 25 28 33,,false
powerball,2022-08-30,1 7 10 27 35,17,false
powerball-plus,2022-08-30,5 9 24 35 39,5,false
daily-lotto,2022-08-31,11 18 22 27 28,,false
lotto,2022-08-31,3 9 13 25 31 39,36,false
lotto-plus-1,2022-08-31,16 18 20 22 29 47,44,false
daily-lotto,2022-09-01,6 16 19 29 36,,false
daily-lotto,2022-09-02,1 2 3 24 26,,false
powerball,2022-09-02,1 12 18 20 41,5,false
powerball-plus,2022-09-02,5 11 23 35 50,12,false
daily-lotto,2022-09-03,8 11 18 24 25,,false
lotto,2022-09-03,7 20 34 45 49 50,17,false
lotto-plus-1,2022-09-03,2 4 5 7 13 49,25,false
daily-lotto,2022-09-04,2 6 7 31 36,,false
daily-lotto,2022-09-05,10 12 14 15 25,,false
daily-lotto,2022-09-06,9 11 13 15 26,,false
powerball,2022-09-06,2 8 26 31 34,5,false
powerball-plus,2022-09-06,18 20 39 41 46,15,false
daily-lotto,2022-09-07,12 13 15 17 26,,false
lotto,2022-09-07,2 10 17 28 40 44,34,false
lotto-plus-1,2022-09-07,23 24 28 31 42 49,43,false
daily-lotto,2022-09-08,1 6 22 24 29,,false
daily-lotto,2022-09-09,10 15 19 30 36,,false
powerball,2022-09-09,9 14 22 35 47,4,false
powerball-plus,2022-09-09,24 30 33 36 45,19,false
daily-lotto,2022-09-10,14 18 31 33 35,,false
lotto,2022-09-10,6 15 17 19 41 44,25,false
lotto-plus-1,2022-09-10,8 9 13 17 33 38,26,false
daily-lotto,2022-09-11,9 16 17 27 32,,false
daily-lotto,2022-09-12,1 12 20 21 26,,false
daily-lotto,2022-09-13,5 9 18 32 33,,false
powerball,2022-09-13,1 10 11 20 33,11,false
powerball-plus,2022-09-13,1 30 32 40 43,5,false
daily-lotto,2022-09-14,5 16 17 28 31,,false
lotto,2022-09-14,4 17 29 31 46 48,50,false
lotto-plus-1,2022-09-14,14 18 22 23 37 46,26,false
daily-lotto,2022-09-15,4 14 25 26 33,,false
daily-lotto,2022-09-16,8 11 12 18 27,,false
powerball,2022-09-16,7 16 27 28 29,17,false
powerball-plus,2022-09-16,2 7 31 43 46,17,false
daily-lotto,2022-09-17,5 15 25 32 35,,false
lotto,2022-09-17,1 7 22 34 39 46,15,false
lotto-plus-1,2022-09-17,4 12 17 18 19 25,8,false
daily-lotto,2022-09-18,2 11 15 28 34,,false
daily-lotto,2022-09-19,9 13 17 24 33,,false
daily-lotto,2022-09-20,3 4 5 12 14,,false
powerball,2022-09-20,13 16 23 45 47,17,false
powerball-plus,2022-09-20,17 25 26 38 47,3,false
daily-lotto,2022-09-21,1 3 26 28 30,,false
lotto,2022-09-21,8 15 16 24 32 42,14,false
lotto-plus-1,2022-09-21,3 12 14 19 35 45,6,false
daily-lotto,2022-09-22,2 11 22 32 34,,false
daily-lotto,2022-09-23,5 9 12 27 28,,false
powerball,2022-09-23,9 25 42 46 47,16,false
powerball-plus,2022-09-23,1 5 7 15 48,6,false
daily-lotto,2022-09-24,7 9 18 21 31,,false
lotto,2022-09-24,3 18 28 29 36 44,22,false
lotto-plus-1,2022-09-24,11 13 14 18 40 47,36,false
daily-lotto,2022-09-25,7 14 17 18 33,,false
daily-lotto,2022-09-26,8 9 19 21 32,,false
daily-lotto,2022-09-27,7 10 17 20 30,,false
powerball,2022-09-27,4 32 39 40 46,6,false
powerball-plus,2022-09-27,19 23 27 29 31,11,false
daily-lotto,2022-09-28,5 13 21 23 32,,false
lotto,2022-09-28,2 12 15 29 31 47,48,false
lotto-plus-1,2022-09-28,11 19 26 33 36 37,12,false
daily-lotto,2022-09-29,2 5 8 12 17,,false
daily-lotto,2022-09-30,1 11 23 26 32,,false
powerball,2022-09-30,7 27 29 35 50,3,false
powerball-plus,2022-09-30,7 8 12 34 40,1,false
daily-lotto,2022-10-01,1 6 19 20 21,,false
lotto,2022-10-01,7 9 13 16 26 42,12,false
lotto-plus-1,2022-10-01,1 8 18 34 42 48,37,false
daily-lotto,2022-10-02,8 13 14 17 23,,false
daily-lotto,2022-10-03,4 13 14 26 34,,false
daily-lotto,2022-10-04,8 9 22 25 32,,false
powerball,2022-10-04,23 24 27 38 41,2,false
powerball-plus,2022-10-04,30 34 35 41 44,1,false
daily-lotto,2022-10-05,8 12 21 28 33,,false
lotto,2022-10-05,14 16 23 26 40 42,13,false
lotto-plus-1,2022-10-05,4 9 15 16 39 51,17,false
daily-lotto,2022-10-06,7 15 27 32 34,,false
daily-lotto,2022-10-07,6 17 24 30 31,,false
powerball,2022-10-07,3 12 16 33 45,15,false
powerball-plus,2022-10-07,8 12 26 39 40,17,false
daily-lotto,2022-10-08,6 10 20 29 34,,false
lotto,2022-10-08,7 11 12 19 36 39,4,false
lotto-plus-1,2022-10-08,8 20 24 35 44 52,33,false
daily-lotto,2022-10-09,8 22 23 28 32,,false
daily-lotto,2022-10-10,8 9 13 31 35,,false
daily-lotto,2022-10-11,3 5 16 19 28,,false
powerball,2022-10-11,2 12 25 29 34,16,false
powerball-plus,2022-10-11,6 15 16 45 46,20,false
daily-lotto,2022-10-12,9 12 16 21 36,,false
lotto,2022-10-12,4 15 16 26 44 45,22,false
lotto-plus-1,2022-10-12,17 23 33 42 44 45,36,false
daily-lotto,2022-10-13,15 18 19 20 26,,false
daily-lotto,2022-10-14,6 10 14 27 28,,false
powerball,2022-10-14,6 17 22 33 37,2,false
powerball-plus,2022-10-14,12 32 43 46 49,7,false
daily-lotto,2022-10-15,10 11 18 28 34,,false
lotto,2022-10-15,9 11 13 21 30 46,19,false
lotto-plus-1,2022-10-15,17 19 26 28 31 42,21,false
daily-lotto,2022-10-16,2 11 13 18 33,,false
daily-lotto,2022-10-17,18 25 30 33 36,,false
daily-lotto,2022-10-18,4 14 15 19 30,,false
powerball,2022-10-18,6 7 14 29 48,13,false
powerball-plus,2022-10-18,29 43 45 47 50,15,false
daily-lotto,2022-10-19,9 12 19 22 35,,false
lotto,2022-10-19,1 5 14 29 40 52,34,false
lotto-plus-1,2022-10-19,32 35 40 45 46 49,6,false
daily-lotto,2022-10-20,1 4 7 8 17,,false
daily-lotto,2022-10-21,2 16 20 23 33,,false
powerball,2022-10-21,16 18 26 35 41,3,false
powerball-plus,2022-10-21,2 10 12 40 46,17,false
daily-lotto,2022-10-22,11 14 17 25 31,,false
lotto,2022-10-22,12 14 33 37 47 48,11,false
lotto-plus-1,2022-10-22,13 18 27 28 29 50,24,false
daily-lotto,2022-10-23,2 6 11 20 34,,false
daily-lotto,2022-10-24,4 7 12 14 18,,false
daily-lotto,2022-10-25,3 5 13 16 27,,false
powerball,2022-10-25,20 23 27 39 46,6,false
powerball-plus,2022-10-25,13 29 35 36 47,9,false
daily-lotto,2022-10-26,8 10 11 24 29,,false
lotto,2022-10-26,4 14 18 23 42 50,22,false
lotto-plus-1,2022-10-26,10 14 20 21 33 45,3,false
daily-lotto,2022-10-27,7 13 21 25 28,,false
daily-lotto,2022-10-28,8 10 19 33 36,,false
powerball,2022-10-28,15 25 30 32 40,9,false
powerball-plus,2022-10-28,2 9 22 46 49,18,false
daily-lotto,2022-10-29,12 21 27 28 31,,false
lotto,2022-10-29,9 30 32 38 43 50,28,false
lotto-plus-1,2022-10-29,4 11 19 23 32 44,25,false
daily-lotto,2022-10-30,2 20 24 28 29,,false
daily-lotto,2022-10-31,7 14 25 26 28,,false
daily-lotto,2022-11-01,8 21 26 35 36,,false
powerball,2022-11-01,3 6 22 29 47,19,false
powerball-plus,2022-11-01,27 32 33 35 48,14,false
daily-lotto,2022-11-02,6 11 16 19 31,,false
lotto,2022-11-02,1 7 22 33 39 40,15,false
lotto-plus-1,2022-11-02,1 6 10 14 16 45,13,false
daily-lotto,2022-11-03,9 13 18 19 30,,false
daily-lotto,2022-11-04,1 4 14 15 36,,false
powerball,2022-11-04,1 8 29 35 40,15,false
powerball-plus,2022-11-04,19 21 22 35 43,5,false
daily-lotto,2022-11-05,12 13 22 31 36,,false
lotto,2022-11-05,4 18 27 32 38 45,42,false
lotto-plus-1,2022-11-05,2 11 18 39 51 52,15,false
daily-lotto,2022-11-06,2 7 26 28 34,,false
daily-lotto,2022-11-07,2 4 12 21 28,,false
daily-lotto,2022-11-08,5 17 18 28 31,,false
powerball,2022-11-08,7 8 9 10 17,17,false
powerball-plus,2022-11-08,19 30 32 40 47,20,false
daily-lotto,2022-11-09,5 15 25 27 33,,false
lotto,2022-11-09,11 18 35 41 46 51,13,false
lotto-plus-1,2022-11-09,5 14 18 37 42 43,35,false
daily-lotto,2022-11-10,10 24 30 33 35,,false
daily-lotto,2022-11-11,7 17 20 24 28,,false
powerball,2022-11-11,1 28 34 35 39,18,false
powerball-plus,2022-11-11,23 44 45 47 50,1,false
daily-lotto,2022-11-12,9 16 25 29 32,,false
lotto,2022-11-12,1 11 45 48 51 52,9,false
lotto-plus-1,2022-11-12,19 20 27 44 45 52,15,false
daily-lotto,2022-11-13,2 3 9 15 22,,false
daily-lotto,2022-11-14,2 14 15 18 23,,false
daily-lotto,2022-11-15,3 10 11 24 31,,false
powerball,2022-11-15,5 7 16 36 41,2,false
powerball-plus,2022-11-15,11 14 23 26 38,6,false
daily-lotto,2022-11-16,4 5 19 24 26,,false
lotto,2022-11-16,2 4 12 23 42 46,49,false
lotto-plus-1,2022-11-16,6 11 21 26 34 44,8,false
daily-lotto,2022-11-17,4 6 18 24 25,,false
daily-lotto,2022-11-18,4 6 14 32 34,,false
powerball,2022-11-18,13 24 29 47 50,5,false
powerball-plus,2022-11-18,7 9 32 39 41,19,false
daily-lotto,2022-11-19,1 4 7 23 28,,false
lotto,2022-11-19,6 8 12 37 43 51,21,false
lotto-plus-1,2022-11-19,10 16 18 25 33 51,49,false
daily-lotto,2022-11-20,4 17 21 25 35,,false
daily-lotto,2022-11-21,7 10 12 21 32,,false
daily-lotto,2022-11-22,5 6 14 17 22,,false
powerball,2022-11-22,5 18 21 37 38,19,false
powerball-plus,2022-11-22,2 10 36 47 49,16,false
daily-lotto,2022-11-23,6 7 16 29 34,,false
lotto,2022-11-23,3 8 10 12 19 27,18,false
lotto-plus-1,2022-11-23,2 3 6 36 47 49,10,false
daily-lotto,2022-11-24,6 15 18 25 27,,false
daily-lotto,2022-11-25,6 13 25 28 36,,false
powerball,2022-11-25,7 16 26 34 40,11,false
powerball-plus,2022-11-25,1 7 8 12 47,7,false
daily-lotto,2022-11-26,3 7 13 32 34,,false
lotto,2022-11-26,5 18 20 26 35 38,24,false
lotto-plus-1,2022-11-26,3 16 22 29 41 46,44,false
daily-lotto,2022-11-27,15 26 27 30 35,,false
daily-lotto,2022-11-28,1 2 11 13 29,,false
daily-lotto,2022-11-29,5 6 11 14 27,,false
powerball,2022-11-29,4 6 8 33 38,5,false
powerball-plus,2022-11-29,3 5 10 16 29,12,false
daily-lotto,2022-11-30,2 8 9 24 30,,false
lotto,2022-11-30,11 25 29 41 44 51,17,false
lotto-plus-1,2022-11-30,6 22 38 39 42 48,31,false
daily-lotto,2022-12-01,15 17 20 23 26,,false
daily-lotto,2022-12-02,3 12 18 22 31,,false
powerball,2022-12-02,12 14 28 31 34,5,false
powerball-plus,2022-12-02,19 32 45 49 50,8,false
daily-lotto,2022-12-03,6 28 30 34 35,,false
lotto,2022-12-03,1 12 26 33 50 52,19,false
lotto-plus-1,2022-12-03,3 7 14 15 32 49,23,false
daily-lotto,2022-12-04,9 11 15 28 34,,false
daily-lotto,2022-12-05,10 11 23 29 36,,false
daily-lotto,2022-12-06,5 14 15 29 33,,false
powerball,2022-12-06,1 9 10 47 50,11,false
powerball-plus,2022-12-06,4 11 18 19 28,4,false
daily-lotto,2022-12-07,3 26 28 34 35,,false
lotto,2022-12-07,1 5 18 45 47 52,19,false
lotto-plus-1,2022-12-07,4 6 7 16 26 51,52,false
daily-lotto,2022-12-08,7 25 27 28 32,,false
daily-lotto,2022-12-09,9 17 21 26 35,,false
powerball,2022-12-09,2 9 17 45 48,14,false
powerball-plus,2022-12-09,1 10 16 27 34,18,false
daily-lotto,2022-12-10,20 26 30 35 36,,false
lotto,2022-12-10,11 23 37 39 43 44,31,false
lotto-plus-1,2022-12-10,2 11 16 24 45 46,49,false
daily-lotto,2022-12-11,3 5 6 12 32,,false
daily-lotto,2022-12-12,7 12 13 17 26,,false
daily-lotto,2022-12-13,1 2 6 10 19,,false
powerball,2022-12-13,16 23 36 43 46,17,false
powerball-plus,2022-12-13,18 22 23 36 45,3,false
daily-lotto,2022-12-14,10 11 14 16 22,,false
lotto,2022-12-14,2 7 20 21 35 46,22,false
lotto-plus-1,2022-12-14,12 32 35 46 47 52,50,false
daily-lotto,2022-12-15,10 16 21 25 26,,false
daily-lotto,2022-12-16,10 23 31 34 35,,false
powerball,2022-12-16,26 28 36 43 48,11,false
powerball-plus,2022-12-16,7 15 22 34 42,20,false
daily-lotto,2022-12-17,18 24 28 31 34,,false
lotto,2022-12-17,4 6 18 20 36 40,43,false
lotto-plus-1,2022-12-17,8 16 18 19 24 34,42,false
daily-lotto,2022-12-18,1 2 8 15 32,,false
daily-lotto,2022-12-19,1 3 4 13 26,,false
daily-lotto,2022-12-20,2 8 11 16 20,,false
powerball,2022-12-20,4 9 19 24 29,2,false
powerball-plus,2022-12-20,1 2 17 25 29,4,false
daily-lotto,2022-12-21,17 19 26 28 32,,false
lotto,2022-12-21,7 20 21 37 38 46,24,false
lotto-plus-1,2022-12-21,23 28 33 44 46 48,49,false
daily-lotto,2022-12-22,7 13 19 21 22,,false
daily-lotto,2022-12-23,1 12 26 27 29,,false
powerball,2022-12-23,3 12 13 18 46,1,false
powerball-plus,2022-12-23,10 17 19 30 35,4,false
daily-lotto,2022-12-24,5 22 27 31 34,,false
lotto,2022-12-24,7 10 17 19 23 50,43,false
lotto-plus-1,2022-12-24,26 33 39 40 48 52,7,false
daily-lotto,2022-12-26,5 10 12 17 23,,false
daily-lotto,2022-12-27,3 13 14 30 31,,false
powerball,2022-12-27,3 19 24 28 45,12,false
powerball-plus,2022-12-27,25 32 35 41 49,16,false
daily-lotto,2022-12-28,5 7 8 30 31,,false
lotto,2022-12-28,8 22 30 40 42 49,41,false
lotto-plus-1,2022-12-28,7 22 36 48 49 50,41,false
daily-lotto,2022-12-29,3 6 11 19 29,,false
daily-lotto,2022-12-30,2 13 21 26 31,,false
powerball,2022-12-30,5 8 27 33 48,7,false
powerball-plus,2022-12-30,2 11 23 27 39,12,false
daily-lotto,2022-12-31,2 21 25 26 35,,false
lotto,2022-12-31,12 18 19 41 48 52,35,false
lotto-plus-1,2022-12-31,10 18 23 27 38 50,25,false
daily-lotto,2023-01-01,1 11 26 27 33,,false
daily-lotto,2023-01-02,16 17 22 28 34,,false
daily-lotto,2023-01-03,16 17 19 26 34,,false
powerball,2023-01-03,2 21 33 39 42,11,false
powerball-plus,2023-01-03,2 6 20 29 32,6,false
daily-lotto,2023-01-04,10 12 27 29 35,,false
lotto,2023-01-04,1 18 25 30 46 48,19,false
lotto-plus-1,2023-01-04,1 21 22 32 38 41,26,false
daily-lotto,2023-01-05,1 11 12 13 16,,false
daily-lotto,2023-01-06,1 24 26 32 33,,false
powerball,2023-01-06,6 20 31 37 46,4,false
powerball-plus,2023-01-06,1 15 30 39 50,1,false
daily-lotto,2023-01-07,1 13 27 28 31,,false
lotto,2023-01-07,3 4 19 25 27 32,8,false
lotto-plus-1,2023-01-07,6 8 12 13 26 41,46,false
daily-lotto,2023-01-08,9 10 24 29 31,,false
daily-lotto,2023-01-09,9 13 23 27 30,,false
daily-lotto,2023-01-10,4 8 10 11 31,,false
powerball,2023-01-10,8 22 27 37 50,9,false
powerball-plus,2023-01-10,6 12 25 33 42,2,false
daily-lotto,2023-01-11,1 5 17 25 35,,false
lotto,2023-01-11,4 10 21 25 37 46,2,false
lotto-plus-1,2023-01-11,9 30 38 41 45 52,7,false
daily-lotto,2023-01-12,10 11 26 29 34,,false
daily-lotto,2023-01-13,6 7 13 19 30,,false
powerball,2023-01-13,12 19 25 29 41,2,false
powerball-plus,2023-01-13,7 8 33 41 43,5,false
daily-lotto,2023-01-14,2 3 12 19 29,,false
lotto,2023-01-14,8 9 14 33 34 47,26,false
lotto-plus-1,2023-01-14,1 8 10 33 42 44,23,false
daily-lotto,2023-01-15,6 12 25 28 31,,false
daily-lotto,2023-01-16,2 8 9 23 30,,false
daily-lotto,2023-01-17,6 13 18 21 28,,false
powerball,2023-01-17,1 9 37 38 39,5,false
powerball-plus,2023-01-17,5 6 27 37 41,4,false
daily-lotto,2023-01-18,2 5 8 27 33,,false
lotto,2023-01-18,5 29 31 35 39 47,1,false
lotto-plus-1,2023-01-18,8 16 27 38 39 50,33,false
daily-lotto,2023-01-19,1 23 31 32 35,,false
daily-lotto,2023-01-20,6 8 10 23 26,,false
powerball,2023-01-20,5 12 15 39 47,8,false
powerball-plus,2023-01-20,25 34 36 47 50,14,false
daily-lotto,2023-01-21,6 13 15 20 24,,false
lotto,2023-01-21,1 13 14 22 41 52,9,false
lotto-plus-1,2023-01-21,5 9 20 35 40 45,16,false
daily-lotto,2023-01-22,5 12 23 30 33,,false
daily-lotto,2023-01-23,4 16 19 25 27,,false
daily-lotto,2023-01-24,3 8 14 18 36,,false
powerball,2023-01-24,3 10 32 40 48,2,false
powerball-plus,2023-01-24,14 28 39 42 46,18,false
daily-lotto,2023-01-25,4 6 7 8 17,,false
lotto,2023-01-25,3 6 9 11 31 39,7,false
lotto-plus-1,2023-01-25,6 14 21 31 36 50,46,false
daily-lotto,2023-01-26,6 18 19 28 29,,false
daily-lotto,2023-01-27,2 4 5 14 20,,false
powerball,2023-01-27,27 34 36 40 50,2,false
powerball-plus,2023-01-27,8 15 37 46 49,3,false
daily-lotto,2023-01-28,6 15 22 23 32,,false
lotto,2023-01-28,8 27 30 32 46 52,43,false
lotto-plus-1,2023-01-28,7 17 24 32 33 34,8,false
daily-lotto,2023-01-29,10 13 25 27 28,,false
daily-lotto,2023-01-30,3 8 13 15 30,,false
daily-lotto,2023-01-31,8 15 23 30 33,,false
powerball,2023-01-31,12 14 17 29 50,20,false
powerball-plus,2023-01-31,20 31 34 49 50,16,false
daily-lotto,2023-02-01,4 9 13 23 31,,false
lotto,2023-02-01,2 21 24 38 44 48,36,false
lotto-plus-1,2023-02-01,7 13 14 37 43 45,20,false
daily-lotto,2023-02-02,2 7 12 16 21,,false
daily-lotto,2023-02-03,7 14 21 29 36,,false
powerball,2023-02-03,17 32 35 42 43,6,false
powerball-plus,2023-02-03,4 9 12 27 37,15,false
daily-lotto,2023-02-04,3 14 19 21 36,,false
lotto,2023-02-04,11 13 23 45 47 50,10,false
lotto-plus-1,2023-02-04,1 3 13 24 29 52,28,false
daily-lotto,2023-02-05,5 21 22 26 30,,false
daily-lotto,2023-02-06,5 7 21 25 29,,false
daily-lotto,2023-02-07,11 14 19 34 35,,false
powerball,2023-02-07,3 4 23 32 49,8,false
powerball-plus,2023-02-07,11 19 20 41 47,20,false
daily-lotto,2023-02-08,1 5 18 21 31,,false
lotto,2023-02-08,15 20 23 31 33 40,29,false
lotto-plus-1,2023-02-08,19 24 29 35 38 49,13,false
daily-lotto,2023-02-09,10 18 23 26 34,,false
daily-lotto,2023-02-10,1 10 15 19 30,,false
powerball,2023-02-10,3 5 21 42 46,6,false
powerball-plus,2023-02-10,5 14 19 24 26,13,false
daily-lotto,2023-02-11,1 3 19 32 33,,false
lotto,2023-02-11,9 11 35 39 40 48,19,false
lotto-plus-1,2023-02-11,7 16 25 26 34 43,2,false
daily-lotto,2023-02-12,3 5 8 14 21,,false
daily-lotto,2023-02-13,7 11 15 28 35,,false
daily-lotto,2023-02-14,10 14 18 22 34,,false
powerball,2023-02-14,8 14 18 21 49,11,false
powerball-plus,2023-02-14,12 20 36 39 50,4,false
daily-lotto,2023-02-15,10 13 30 32 33,,false
lotto,2023-02-15,4 7 14 30 37 46,16,false
lotto-plus-1,2023-02-15,6 35 36 40 49 51,26,false
daily-lotto,2023-02-16,3 8 15 34 36,,false
daily-lotto,2023-02-17,3 6 11 19 33,,false
powerball,2023-02-17,1 2 4 19 24,19,false
powerball-plus,2023-02-17,14 22 23 36 50,9,false
daily-lotto,2023-02-18,6 15 16 19 29,,false
lotto,2023-02-18,7 9 21 25 31 50,15,false
lotto-plus-1,2023-02-18,2 15 33 40 41 49,46,false
daily-lotto,2023-02-19,6 10 17 30 35,,false
daily-lotto,2023-02-20,2 16 19 33 34,,false
daily-lotto,2023-02-21,2 3 11 12 36,,false
powerball,2023-02-21,10 18 22 36 48,2,false
powerball-plus,2023-02-21,3 9 14 16 41,13,false
daily-lotto,2023-02-22,5 7 10 15 22,,false
lotto,2023-02-22,5 14 20 22 25 34,8,false
lotto-plus-1,2023-02-22,5 20 26 34 40 45,12,false
daily-lotto,2023-02-23,10 14 17 22 30,,false
daily-lotto,2023-02-24,4 6 19 21 25,,false
powerball,2023-02-24,7 23 31 38 43,11,false
powerball-plus,2023-02-24,1 6 7 28 34,17,false
daily-lotto,2023-02-25,14 18 27 30 36,,false
lotto,2023-02-25,12 14 19 24 33 42,5,false
lotto-plus-1,2023-02-25,11 12 15 20 29 47,49,false
daily-lotto,2023-02-26,4 6 9 14 17,,false
daily-lotto,2023-02-27,4 17 23 26 33,,false
daily-lotto,2023-02-28,25 29 30 35 36,,false
powerball,2023-02-28,2 14 21 22 40,19,false
powerball-plus,2023-02-28,10 13 25 27 30,13,false
daily-lotto,2023-03-01,8 12 25 33 36,,false
lotto,2023-03-01,23 24 25 26 34 35,14,false
lotto-plus-1,2023-03-01,6 17 20 44 47 50,15,false
daily-lotto,2023-03-02,6 11 24 33 35,,false
daily-lotto,2023-03-03,18 19 23 32 35,,false
powerball,2023-03-03,18 20 41 47 50,14,false
powerball-plus,2023-03-03,2 5 14 18 43,7,false
daily-lotto,2023-03-04,14 16 18 23 34,,false
lotto,2023-03-04,4 9 13 38 42 45,40,false
lotto-plus-1,2023-03-04,2 23 25 28 43 45,20,false
daily-lotto,2023-03-05,9 10 14 29 36,,false
daily-lotto,2023-03-06,7 17 22 23 26,,false
daily-lotto,2023-03-07,1 2 6 18 26,,false
powerball,2023-03-07,8 14 15 27 49,16,false
powerball-plus,2023-03-07,3 21 29 47 48,7,false
daily-lotto,2023-03-08,3 10 15 18 25,,false
lotto,2023-03-08,11 19 23 27 35 44,13,false
lotto-plus-1,2023-03-08,18 24 31 37 41 49,48,false
daily-lotto,2023-03-09,5 9 14 25 32,,false
daily-lotto,2023-03-10,2 4 24 26 34,,false
powerball,2023-03-10,12 19 22 27 37,6,false
powerball-plus,2023-03-10,12 33 37 47 50,13,false
daily-lotto,2023-03-11,11 21 22 27 30,,false
lotto,2023-03-11,17 38 44 48 49 50,5,false
lotto-plus-1,2023-03-11,1 28 36 38 45 50,2,false
daily-lotto,2023-03-12,9 14 22 24 29,,false
daily-lotto,2023-03-13,16 18 20 22 32,,false
daily-lotto,2023-03-14,2 13 17 20 24,,false
powerball,2023-03-14,8 20 29 42 44,16,false
powerball-plus,2023-03-14,8 14 41 49 50,2,false
daily-lotto,2023-03-15,15 27 28 30 36,,false
lotto,2023-03-15,27 36 41 43 46 50,45,false
lotto-plus-1,2023-03-15,8 15 29 46 49 51,5,false
daily-lotto,2023-03-16,5 18 20 21 26,,false
daily-lotto,2023-03-17,9 14 18 25 30,,false
powerball,2023-03-17,21 22 27 41 43,5,false
powerball-plus,2023-03-17,18 23 25 26 31,7,false
daily-lotto,2023-03-18,4 10 19 25 35,,false
lotto,2023-03-18,5 8 26 31 47 50,35,false
lotto-plus-1,2023-03-18,15 23 27 33 38 39,49,false
daily-lotto,2023-03-19,19 22 23 25 32,,false
daily-lotto,2023-03-20,11 15 19 30 31,,false
daily-lotto,2023-03-21,4 7 9 24 26,,false
powerball,2023-03-21,7 22 28 34 41,10,false
powerball-plus,2023-03-21,35 38 40 44 46,1,false
daily-lotto,2023-03-22,4 19 20 29 32,,false
lotto,2023-03-22,4 10 27 34 43 44,22,false
lotto-plus-1,2023-03-22,12 25 32 40 44 52,9,false
daily-lotto,2023-03-23,17 23 24 27 28,,false
daily-lotto,2023-03-24,2 9 10 24 34,,false
powerball,2023-03-24,6 27 33 45 46,14,false
powerball-plus,2023-03-24,1 11 24 39 42,9,false
daily-lotto,2023-03-25,3 8 10 17 35,,false
lotto,2023-03-25,10 11 31 35 39 46,3,false
lotto-plus-1,2023-03-25,10 13 21 25 40 49,22,false
daily-lotto,2023-03-26,1 9 14 17 28,,false
daily-lotto,2023-03-27,1 10 12 21 25,,false
daily-lotto,2023-03-28,2 7 12 23 33,,false
powerball,2023-03-28,10 22 27 42 49,19,false
powerball-plus,2023-03-28,26 31 32 43 46,17,false
daily-lotto,2023-03-29,1 9 13 15 24,,false
lotto,2023-03-29,4 15 21 22 30 33,5,false
lotto-plus-1,2023-03-29,5 8 19 36 37 51,49,false
daily-lotto,2023-03-30,2 4 5 8 10,,false
daily-lotto,2023-03-31,4 13 18 32 34,,false
powerball,2023-03-31,7 20 41 42 49,7,false
powerball-plus,2023-03-31,1 4 18 26 43,9,false
daily-lotto,2023-04-01,2 4 18 23 29,,false
lotto,2023-04-01,26 27 29 31 32 52,12,false
lotto-plus-1,2023-04-01,13 24 33 34 38 47,12,false
daily-lotto,2023-04-02,1 3 22 27 35,,false
daily-lotto,2023-04-03,4 13 19 20 29,,false
daily-lotto,2023-04-04,1 5 10 25 27,,false
powerball,2023-04-04,15 18 29 33 35,12,false
powerball-plus,2023-04-04,16 34 37 48 49,9,false
daily-lotto,2023-04-05,5 11 19 22 27,,false
lotto,2023-04-05,5 12 14 26 33 37,34,false
lotto-plus-1,2023-04-05,6 14 16 23 33 51,5,false
daily-lotto,2023-04-06,1 6 10 12 31,,false
daily-lotto,2023-04-07,2 4 21 27 36,,false
powerball,2023-04-07,9 15 21 22 26,13,false
powerball-plus,2023-04-07,8 9 20 34 43,16,false
daily-lotto,2023-04-08,2 7 28 31 35,,false
lotto,2023-04-08,2 8 16 17 37 41,35,false
lotto-plus-1,2023-04-08,4 18 39 45 49 52,46,false
daily-lotto,2023-04-09,15 16 19 25 35,,false
daily-lotto,2023-04-10,10 14 16 26 28,,false
daily-lotto,2023-04-11,4 20 24 29 35,,false
powerball,2023-04-11,4 30 38 43 49,19,false
powerball-plus,2023-04-11,4 25 29 36 42,7,false
daily-lotto,2023-04-12,4 10 15 24 25,,false
lotto,2023-04-12,4 38 46 47 50 52,45,false
lotto-plus-1,2023-04-12,5 14 30 35 37 52,49,false
daily-lotto,2023-04-13,1 5 19 20 32,,false
daily-lotto,2023-04-14,2 5 11 20 23,,false
powerball,2023-04-14,16 20 33 37 44,16,false
powerball-plus,2023-04-14,15 18 30 36 37,16,false
daily-lotto,2023-04-15,6 9 10 19 22,,false
lotto,2023-04-15,3 18 35 36 39 42,8,false
lotto-plus-1,2023-04-15,2 6 11 37 47 51,23,false
daily-lotto,2023-04-16,23 26 30 35 36,,false
daily-lotto,2023-04-17,2 9 11 19 35,,false
daily-lotto,2023-04-18,2 6 23 32 34,,false
powerball,2023-04-18,3 5 8 15 25,16,false
powerball-plus,2023-04-18,1 12 30 31 37,16,false
daily-lotto,2023-04-19,6 9 10 23 35,,false
lotto,2023-04-19,11 25 38 39 44 50,52,false
lotto-plus-1,2023-04-19,9 14 21 39 40 41,31,false
daily-lotto,2023-04-20,6 14 16 33 34,,false
daily-lotto,2023-04-21,8 25 26 27 32,,false
powerball,2023-04-21,2 3 6 12 49,10,false
powerball-plus,2023-04-21,10 20 23 42 50,11,false
daily-lotto,2023-04-22,3 5 12 14 19,,false
lotto,2023-04-22,3 7 28 29 35 52,12,false
lotto-plus-1,2023-04-22,2 8 10 17 20 26,22,false
daily-lotto,2023-04-23,13 19 22 33 35,,false
daily-lotto,2023-04-24,8 9 31 32 35,,false
daily-lotto,2023-04-25,7 12 27 28 32,,false
powerball,2023-04-25,10 12 13 23 47,16,false
powerball-plus,2023-04-25,10 18 22 33 49,11,false
daily-lotto,2023-04-26,7 8 11 17 19,,false
lotto,2023-04-26,25 36 38 39 47 51,30,false
lotto-plus-1,2023-04-26,8 11 12 32 37 42,21,false
daily-lotto,2023-04-27,1 6 11 17 32,,false
daily-lotto,2023-04-28,10 18 22 23 32,,false
powerball,2023-04-28,20 21 28 35 44,11,false
powerball-plus,2023-04-28,10 12 13 15 37,20,false
daily-lotto,2023-04-29,3 12 17 20 34,,false
lotto,2023-04-29,7 15 28 35 44 51,31,false
lotto-plus-1,2023-04-29,4 20 26 30 39 51,44,false
daily-lotto,2023-04-30,5 6 21 29 30,,false
daily-lotto,2023-05-01,7 12 32 33 35,,false
daily-lotto,2023-05-02,7 21 25 32 36,,false
powerball,2023-05-02,13 16 17 41 43,18,false
powerball-plus,2023-05-02,3 16 18 19 44,1,false
daily-lotto,2023-05-03,4 11 14 21 35,,false
lotto,2023-05-03,18 21 33 35 40 43,6,false
lotto-plus-1,2023-05-03,6 10 30 34 42 44,22,false
daily-lotto,2023-05-04,6 8 23 29 33,,false
daily-lotto,2023-05-05,14 15 32 34 36,,false
powerball,2023-05-05,2 20 24 29 43,20,false
powerball-plus,2023-05-05,11 21 22 41 44,12,false
daily-lotto,2023-05-06,3 8 11 15 28,,false
lotto,2023-05-06,19 22 30 39 45 46,24,false
lotto-plus-1,2023-05-06,2 4 26 42 49 51,14,false
daily-lotto,2023-05-07,5 13 16 19 28,,false
daily-lotto,2023-05-08,6 9 13 16 36,,false
daily-lotto,2023-05-09,1 11 13 26 36,,false
powerball,2023-05-09,2 4 16 17 34,19,false
powerball-plus,2023-05-09,4 26 37 40 45,4,false
daily-lotto,2023-05-10,3 8 9 19 35,,false
lotto,2023-05-10,4 5 11 25 41 50,13,false
lotto-plus-1,2023-05-10,11 23 29 35 41 46,22,false
daily-lotto,2023-05-11,10 14 17 22 32,,false
daily-lotto,2023-05-12,13 22 23 26 34,,false
powerball,2023-05-12,5 11 30 40 47,18,false
powerball-plus,2023-05-12,13 15 35 36 37,13,false
daily-lotto,2023-05-13,3 10 28 30 31,,false
lotto,2023-05-13,10 16 23 24 30 49,5,false
lotto-plus-1,2023-05-13,26 29 32 38 39 46,35,false
daily-lotto,2023-05-14,12 15 32 34 35,,false
daily-lotto,2023-05-15,2 5 17 29 32,,false
daily-lotto,2023-05-16,11 12 14 27 31,,false
powerball,2023-05-16,1 5 14 36 45,19,false
powerball-plus,2023-05-16,1 6 35 39 43,11,false
daily-lotto,2023-05-17,1 11 14 27 34,,false
lotto,2023-05-17,1 27 34 41 42 51,39,false
lotto-plus-1,2023-05-17,4 16 26 30 35 44,3,false
daily-lotto,2023-05-18,4 9 30 31 35,,false
daily-lotto,2023-05-19,4 7 20 33 36,,false
powerball,2023-05-19,3 16 22 42 49,19,false
powerball-plus,2023-05-19,5 9 15 28 29,18,false
daily-lotto,2023-05-20,11 14 16 26 28,,false
lotto,2023-05-20,1 17 22 30 37 42,35,false
lotto-plus-1,2023-05-20,21 22 35 36 49 50,33,false
daily-lotto,2023-05-21,4 5 11 15 33,,false
daily-lotto,2023-05-22,8 9 10 32 36,,false
daily-lotto,2023-05-23,1 7 13 23 27,,false
powerball,2023-05-23,20 24 26 28 38,13,false
powerball-plus,2023-05-23,3 18 19 30 33,15,false
daily-lotto,2023-05-24,7 11 13 16 32,,false
lotto,2023-05-24,11 17 21 34 44 49,15,false
lotto-plus-1,2023-05-24,8 9 19 22 34 38,20,false
daily-lotto,2023-05-25,3 5 10 12 23,,false
daily-lotto,2023-05-26,9 15 18 22 36,,false
powerball,2023-05-26,4 9 21 22 41,7,false
powerball-plus,2023-05-26,2 12 28 33 44,2,false
daily-lotto,2023-05-27,2 12 13 20 22,,false
lotto,2023-05-27,2 8 16 18 33 47,35,false
lotto-plus-1,2023-05-27,2 4 7 37 44 50,5,false
daily-lotto,2023-05-28,6 7 16 24 27,,false
daily-lotto,2023-05-29,9 11 14 24 25,,false
daily-lotto,2023-05-30,6 18 20 29 30,,false
powerball,2023-05-30,3 7 38 48 50,16,false
powerball-plus,2023-05-30,4 5 27 34 42,4,false
daily-lotto,2023-05-31,1 5 15 20 31,,false
lotto,2023-05-31,2 14 23 33 37 49,29,false
lotto-plus-1,2023-05-31,4 16 19 23 27 43,44,false
daily-lotto,2023-06-01,5 13 14 25 35,,false
daily-lotto,2023-06-02,7 8 10 14 24,,false
powerball,2023-06-02,1 4 5 12 25,14,false
powerball-plus,2023-06-02,3 11 12 28 33,12,false
daily-lotto,2023-06-03,3 5 14 21 35,,false
lotto,2023-06-03,4 15 22 29 38 41,52,false
lotto-plus-1,2023-06-03,1 6 14 34 39 49,27,false
daily-lotto,2023-06-04,11 16 17 34 35,,false
daily-lotto,2023-06-05,2 14 17 24 27,,false
daily-lotto,2023-06-06,3 13 18 32 34,,false
powerball,2023-06-06,3 9 15 38 44,12,false
powerball-plus,2023-06-06,6 12 25 27 34,18,false
daily-lotto,2023-06-07,15 18 27 28 32,,false
lotto,2023-06-07,17 22 23 32 43 51,44,false
lotto-plus-1,2023-06-07,2 3 9 13 17 39,41,false
daily-lotto,2023-06-08,11 21 25 28 36,,false
daily-lotto,2023-06-09,2 4 13 14 23,,false
powerball,2023-06-09,5 17 22 27 37,2,false
powerball-plus,2023-06-09,15 30 37 39 48,5,false
daily-lotto,2023-06-10,10 20 23 32 36,,false
lotto,2023-06-10,6 8 12 23 32 48,33,false
lotto-plus-1,2023-06-10,3 18 19 26 27 47,25,false
daily-lotto,2023-06-11,6 7 14 16 23,,false
daily-lotto,2023-06-12,12 15 16 21 34,,false
daily-lotto,2023-06-13,11 16 17 30 33,,false
powerball,2023-06-13,10 28 31 35 42,1,false
powerball-plus,2023-06-13,23 30 33 38 49,20,false
daily-lotto,2023-06-14,2 12 13 18 23,,false
lotto,2023-06-14,9 12 26 29 32 49,16,false
lotto-plus-1,2023-06-14,12 22 28 29 38 45,46,false
daily-lotto,2023-06-15,4 16 19 24 28,,false
daily-lotto,2023-06-16,8 22 24 32 34,,false
powerball,2023-06-16,13 21 26 30 50,2,false
powerball-plus,2023-06-16,2 3 18 32 43,3,false
daily-lotto,2023-06-17,3 9 19 27 30,,false
lotto,2023-06-17,3 4 11 33 44 48,2,false
lotto-plus-1,2023-06-17,4 13 19 33 36 51,46,false
daily-lotto,2023-06-18,11 15 25 30 32,,false
daily-lotto,2023-06-19,9 12 27 32 35,,false
daily-lotto,2023-06-20,7 8 9 13 31,,false
powerball,2023-06-20,20 24 33 44 48,6,false
powerball-plus,2023-06-20,4 21 26 38 40,20,false
daily-lotto,2023-06-21,1 14 25 28 33,,false
lotto,2023-06-21,16 17 29 31 32 33,39,false
lotto-plus-1,2023-06-21,2 8 13 19 28 35,40,false
daily-lotto,2023-06-22,10 21 23 24 27,,false
daily-lotto,2023-06-23,4 6 9 28 34,,false
powerball,2023-06-23,19 37 41 43 47,16,false
powerball-plus,2023-06-23,6 12 13 27 34,20,false
daily-lotto,2023-06-24,13 15 27 33 34,,false
lotto,2023-06-24,4 9 18 24 32 51,10,false
lotto-plus-1,2023-06-24,18 23 26 35 36 43,5,false
daily-lotto,2023-06-25,7 15 20 25 26,,false
daily-lotto,2023-06-26,10 12 15 25 27,,false
daily-lotto,2023-06-27,4 8 9 18 28,,false
powerball,2023-06-27,7 21 33 45 46,12,false
powerball-plus,2023-06-27,20 22 25 39 45,12,false
daily-lotto,2023-06-28,7 13 25 27 36,,false
lotto,2023-06-28,11 18 25 37 38 49,12,false
lotto-plus-1,2023-06-28,1 7 31 33 38 49,41,false
daily-lotto,2023-06-29,1 5 9 18 28,,false
daily-lotto,2023-06-30,2 11 12 25 26,,false
powerball,2023-06-30,9 17 27 36 37,16,false
powerball-plus,2023-06-30,13 21 22 35 46,9,false
daily-lotto,2023-07-01,12 21 30 31 34,,false
lotto,2023-07-01,16 20 36 45 46 50,3,false
lotto-plus-1,2023-07-01,1 15 19 44 47 50,5,false
daily-lotto,2023-07-02,4 6 12 18 35,,false
daily-lotto,2023-07-03,8 11 21 24 31,,false
daily-lotto,2023-07-04,11 26 28 33 34,,false
powerball,2023-07-04,13 29 30 31 47,8,false
powerball-plus,2023-07-04,5 25 30 49 50,3,false
daily-lotto,2023-07-05,2 3 11 12 28,,false
lotto,2023-07-05,19 20 23 24 43 44,42,false
lotto-plus-1,2023-07-05,7 9 25 45 46 48,2,false
daily-lotto,2023-07-06,3 9 20 22 31,,false
daily-lotto,2023-07-07,1 3 12 30 35,,false
powerball,2023-07-07,8 21 25 26 29,18,false
powerball-plus,2023-07-07,1 28 33 34 38,11,false
daily-lotto,2023-07-08,1 17 19 21 28,,false
lotto,2023-07-08,14 33 39 41 48 49,30,false
lotto-plus-1,2023-07-08,20 21 38 40 41 51,27,false
daily-lotto,2023-07-09,2 4 15 18 25,,false
daily-lotto,2023-07-10,4 5 12 19 22,,false
daily-lotto,2023-07-11,14 20 28 31 33,,false
powerball,2023-07-11,10 19 20 22 48,19,false
powerball-plus,2023-07-11,5 29 39 43 45,19,false
daily-lotto,2023-07-12,16 23 24 27 31,,false
lotto,2023-07-12,1 4 14 29 38 52,11,false
lotto-plus-1,2023-07-12,12 27 37 40 41 42,22,false
daily-lotto,2023-07-13,1 4 5 6 18,,false
daily-lotto,2023-07-14,16 20 24 30 35,,false
powerball,2023-07-14,1 22 31 32 41,9,false
powerball-plus,2023-07-14,5 17 30 44 45,20,false
daily-lotto,2023-07-15,25 26 29 35 36,,false
lotto,2023-07-15,8 12 27 37 47 48,7,false
lotto-plus-1,2023-07-15,4 15 27 29 42 46,24,false
daily-lotto,2023-07-16,7 14 25 27 30,,false
daily-lotto,2023-07-17,4 19 22 28 34,,false
daily-lotto,2023-07-18,10 23 25 27 33,,false
powerball,2023-07-18,5 21 33 45 50,5,false
powerball-plus,2023-07-18,6 21 25 27 50,8,false
daily-lotto,2023-07-19,10 14 16 17 25,,false
lotto,2023-07-19,1 5 29 36 39 41,30,false
lotto-plus-1,2023-07-19,18 30 37 43 44 47,16,false
daily-lotto,2023-07-20,4 7 16 21 25,,false
daily-lotto,2023-07-21,6 10 11 13 28,,false
powerball,2023-07-21,19 21 25 31 48,20,false
powerball-plus,2023-07-21,13 20 34 36 44,8,false
daily-lotto,2023-07-22,1 13 16 26 29,,false
lotto,2023-07-22,1 20 25 26 28 42,13,false
lotto-plus-1,2023-07-22,5 11 25 26 42 47,16,false
daily-lotto,2023-07-23,1 15 16 22 23,,false
daily-lotto,2023-07-24,8 12 14 22 24,,false
daily-lotto,2023-07-25,1 7 18 20 23,,false
powerball,2023-07-25,14 24 25 44 48,4,false
powerball-plus,2023-07-25,4 9 10 22 44,7,false
daily-lotto,2023-07-26,7 8 14 27 35,,false
lotto,2023-07-26,14 29 35 36 43 46,44,false
lotto-plus-1,2023-07-26,1 17 19 32 45 52,5,false
daily-lotto,2023-07-27,4 8 26 29 32,,false
daily-lotto,2023-07-28,6 8 15 30 34,,false
powerball,2023-07-28,2 6 11 20 47,7,false
powerball-plus,2023-07-28,3 22 25 31 34,7,false
daily-lotto,2023-07-29,5 8 10 24 25,,false
lotto,2023-07-29,4 9 14 16 21 40,44,false
lotto-plus-1,2023-07-29,10 14 19 20 24 48,30,false
daily-lotto,2023-07-30,1 5 13 16 26,,false
daily-lotto,2023-07-31,1 19 23 30 32,,false
daily-lotto,2023-08-01,10 11 13 17 32,,false
powerball,2023-08-01,1 16 30 38 46,10,false
powerball-plus,2023-08-01,2 12 30 35 44,12,false
daily-lotto,2023-08-02,4 6 17 24 34,,false
lotto,2023-08-02,13 16 37 40 42 47,43,false
lotto-plus-1,2023-08-02,9 10 16 21 27 29,8,false
daily-lotto,2023-08-03,2 5 14 20 30,,false
daily-lotto,2023-08-04,8 11 24 27 31,,false
powerball,2023-08-04,19 27 28 37 43,4,false
powerball-plus,2023-08-04,1 4 20 23 42,17,false
daily-lotto,2023-08-05,5 8 23 28 33,,false
lotto,2023-08-05,7 27 39 43 44 48,10,false
lotto-plus-1,2023-08-05,3 12 21 23 32 38,48,false
daily-lotto,2023-08-06,1 2 7 11 31,,false
daily-lotto,2023-08-07,1 5 22 29 34,,false
daily-lotto,2023-08-08,4 7 8 18 34,,false
powerball,2023-08-08,17 18 26 39 46,4,false
powerball-plus,2023-08-08,3 15 20 23 44,5,false
daily-lotto,2023-08-09,8 11 17 26 35,,false
lotto,2023-08-09,5 6 11 23 28 31,21,false
lotto-plus-1,2023-08-09,4 10 15 33 38 46,13,false
daily-lotto,2023-08-10,14 17 20 22 26,,false
daily-lotto,2023-08-11,5 16 27 30 33,,false
powerball,2023-08-11,30 35 42 43 44,5,false
powerball-plus,2023-08-11,28 39 44 48 49,8,false
daily-lotto,2023-08-12,1 25 33 35 36,,false
lotto,2023-08-12,12 21 25 27 40 46,13,false
lotto-plus-1,2023-08-12,12 26 28 29 37 48,4,false
daily-lotto,2023-08-13,14 15 16 28 33,,false
daily-lotto,2023-08-14,1 9 21 24 31,,false
daily-lotto,2023-08-15,6 10 14 15 34,,false
powerball,2023-08-15,7 9 16 34 38,11,false
powerball-plus,2023-08-15,4 6 12 18 28,3,false
daily-lotto,2023-08-16,4 5 25 31 36,,false
lotto,2023-08-16,6 8 13 28 37 48,21,false
lotto-plus-1,2023-08-16,11 18 30 32 36 43,7,false
daily-lotto,2023-08-17,1 2 11 17 32,,false
daily-lotto,2023-08-18,2 16 25 28 33,,false
powerball,2023-08-18,1 3 6 7 16,1,false
powerball-plus,2023-08-18,1 11 12 33 34,13,false
daily-lotto,2023-08-19,11 13 18 21 32,,false
lotto,2023-08-19,13 14 15 18 22 33,36,false
lotto-plus-1,2023-08-19,7 29 37 39 40 43,49,false
daily-lotto,2023-08-20,1 14 20 32 36,,false
daily-lotto,2023-08-21,5 6 8 12 18,,false
daily-lotto,2023-08-22,2 12 15 27 36,,false
powerball,2023-08-22,5 10 16 19 29,10,false
powerball-plus,2023-08-22,8 11 24 27 50,4,false
daily-lotto,2023-08-23,3 12 14 22 23,,false
lotto,2023-08-23,4 6 24 28 41 46,27,false
lotto-plus-1,2023-08-23,8 11 12 14 27 30,10,false
daily-lotto,2023-08-24,6 8 20 29 33,,false
daily-lotto,2023-08-25,13 21 28 29 35,,false
powerball,2023-08-25,3 4 7 13 24,5,false
powerball-plus,2023-08-25,3 12 17 19 23,5,false
daily-lotto,2023-08-26,9 10 12 15 18,,false
lotto,2023-08-26,7 10 27 28 48 49,20,false
lotto-plus-1,2023-08-26,16 26 34 35 40 42,52,false
daily-lotto,2023-08-27,8 12 20 26 28,,false
daily-lotto,2023-08-28,4 14 22 30 32,,false
daily-lotto,2023-08-29,6 11 22 24 25,,false
powerball,2023-08-29,8 23 31 36 44,17,false
powerball-plus,2023-08-29,9 19 21 23 28,11,false
daily-lotto,2023-08-30,3 5 13 34 35,,false
lotto,2023-08-30,22 23 28 37 43 50,45,false
lotto-plus-1,2023-08-30,9 14 15 22 43 48,47,false
daily-lotto,2023-08-31,4 7 11 26 31,,false
daily-lotto,2023-09-01,8 31 33 35 36,,false
powerball,2023-09-01,1 3 8 33 49,4,false
powerball-plus,2023-09-01,7 14 40 45 47,2,false
daily-lotto,2023-09-02,2 12 24 25 33,,false
lotto,2023-09-02,2 23 36 37 40 46,39,false
lotto-plus-1,2023-09-02,5 15 17 36 39 50,4,false
daily-lotto,2023-09-03,8 14 17 25 34,,false
daily-lotto,2023-09-04,1 8 10 13 22,,false
daily-lotto,2023-09-05,5 16 17 23 35,,false
powerball,2023-09-05,4 12 18 24 50,12,false
powerball-plus,2023-09-05,12 26 36 38 48,1,false
daily-lotto,2023-09-06,4 15 17 24 26,,false
lotto,2023-09-06,3 13 32 35 49 50,26,false
lotto-plus-1,2023-09-06,3 4 11 21 22 44,7,false
daily-lotto,2023-09-07,1 7 9 15 31,,false
daily-lotto,2023-09-08,6 10 23 24 36,,false
powerball,2023-09-08,5 8 14 35 36,12,false
powerball-plus,2023-09-08,16 17 29 39 48,20,false
daily-lotto,2023-09-09,3 15 19 20 25,,false
lotto,2023-09-09,7 10 18 20 23 30,4,false
lotto-plus-1,2023-09-09,6 15 22 29 31 46,16,false
daily-lotto,2023-09-10,1 9 13 14 19,,false
daily-lotto,2023-09-11,4 6 22 32 35,,false
daily-lotto,2023-09-12,4 11 15 29 32,,false
powerball,2023-09-12,3 15 18 36 45,20,false
powerball-plus,2023-09-12,1 8 10 20 42,1,false
daily-lotto,2023-09-13,10 12 16 18 20,,false
lotto,2023-09-13,4 28 35 47 50 51,15,false
lotto-plus-1,2023-09-13,1 3 6 13 43 46,51,false
daily-lotto,2023-09-14,8 12 16 22 28,,false
daily-lotto,2023-09-15,2 8 33 34 36,,false
powerball,2023-09-15,3 21 28 35 46,19,false
powerball-plus,2023-09-15,7 35 38 40 44,5,false
daily-lotto,2023-09-16,5 9 12 30 35,,false
lotto,2023-09-16,10 18 19 32 34 44,25,false
lotto-plus-1,2023-09-16,7 9 12 27 38 46,15,false
daily-lotto,2023-09-17,2 8 19 29 30,,false
daily-lotto,2023-09-18,3 4 30 31 32,,false
daily-lotto,2023-09-19,1 8 26 30 33,,false
powerball,2023-09-19,15 18 36 43 46,18,false
powerball-plus,2023-09-19,1 4 14 15 19,17,false
daily-lotto,2023-09-20,7 9 18 26 31,,false
lotto,2023-09-20,17 26 28 31 33 35,2,false
lotto-plus-1,2023-09-20,5 22 25 33 40 52,11,false
daily-lotto,2023-09-21,4 5 6 12 24,,false
daily-lotto,2023-09-22,10 13 16 28 30,,false
powerball,2023-09-22,8 9 19 26 27,5,false
powerball-plus,2023-09-22,2 3 25 40 48,7,false
daily-lotto,2023-09-23,10 12 22 31 34,,false
lotto,2023-09-23,1 5 24 25 27 41,50,false
lotto-plus-1,2023-09-23,20 25 35 39 42 51,46,false
daily-lotto,2023-09-24,8 9 15 26 28,,false
daily-lotto,2023-09-25,3 10 18 22 33,,false
daily-lotto,2023-09-26,2 7 10 26 27,,false
powerball,2023-09-26,8 22 25 35 44,2,false
powerball-plus,2023-09-26,21 23 24 39 43,1,false
daily-lotto,2023-09-27,16 19 25 32 33,,false
lotto,2023-09-27,6 9 15 22 28 39,31,false
lotto-plus-1,2023-09-27,8 10 24 37 48 51,27,false
daily-lotto,2023-09-28,5 9 10 23 30,,false
daily-lotto,2023-09-29,2 7 11 15 29,,false
powerball,2023-09-29,6 14 27 31 47,14,false
powerball-plus,2023-09-29,12 30 42 43 46,19,false
daily-lotto,2023-09-30,3 7 17 24 36,,false
lotto,2023-09-30,1 10 14 15 16 40,33,false
lotto-plus-1,2023-09-30,1 18 24 25 28 48,15,false
daily-lotto,2023-10-01,16 17 23 25 31,,false
daily-lotto,2023-10-02,1 5 7 17 22,,false
daily-lotto,2023-10-03,2 7 11 18 28,,false
powerball,2023-10-03,3 8 15 24 45,14,false
powerball-plus,2023-10-03,12 15 35 45 48,16,false
daily-lotto,2023-10-04,5 8 16 17 36,,false
lotto,2023-10-04,4 14 17 32 41 48,2,false
lotto-plus-1,2023-10-04,6 10 14 18 19 35,27,false
daily-lotto,2023-10-05,7 9 17 23 24,,false
daily-lotto,2023-10-06,5 12 14 26 27,,false
powerball,2023-10-06,19 21 25 41 49,9,false
powerball-plus,2023-10-06,1 6 21 35 47,17,false
daily-lotto,2023-10-07,3 20 21 22 27,,false
lotto,2023-10-07,10 13 21 23 29 30,22,false
lotto-plus-1,2023-10-07,18 21 41 42 44 51,49,false
daily-lotto,2023-10-08,2 8 14 23 32,,false
daily-lotto,2023-10-09,1 13 29 31 35,,false
daily-lotto,2023-10-10,3 10 13 31 34,,false
powerball,2023-10-10,7 15 19 20 49,10,false
powerball-plus,2023-10-10,15 18 19 42 49,17,false
daily-lotto,2023-10-11,1 12 21 31 33,,false
lotto,2023-10-11,4 8 10 25 33 50,32,false
lotto-plus-1,2023-10-11,5 20 34 42 43 47,23,false
daily-lotto,2023-10-12,6 7 9 11 13,,false
daily-lotto,2023-10-13,3 13 14 17 23,,false
powerball,2023-10-13,9 11 39 41 44,19,false
powerball-plus,2023-10-13,8 34 44 48 49,14,false
daily-lotto,2023-10-14,12 14 18 19 22,,false
lotto,2023-10-14,8 10 17 20 49 51,44,false
lotto-plus-1,2023-10-14,2 4 17 18 33 51,45,false
daily-lotto,2023-10-15,10 16 23 33 34,,false
daily-lotto,2023-10-16,3 17 20 22 27,,false
daily-lotto,2023-10-17,12 22 28 30 35,,false
powerball,2023-10-17,5 18 29 36 49,18,false
powerball-plus,2023-10-17,25 27 29 30 39,15,false
daily-lotto,2023-10-18,17 22 29 30 32,,false
lotto,2023-10-18,8 9 30 31 40 42,23,false
lotto-plus-1,2023-10-18,15 20 21 25 40 42,3,false
daily-lotto,2023-10-19,6 8 12 16 36,,false
daily-lotto,2023-10-20,1 3 13 21 30,,false
powerball,2023-10-20,3 7 13 18 42,12,false
powerball-plus,2023-10-20,3 12 19 42 48,4,false
daily-lotto,2023-10-21,14 16 21 24 31,,false
lotto,2023-10-21,22 38 40 42 48 49,18,false
lotto-plus-1,2023-10-21,10 12 14 46 49 51,44,false
daily-lotto,2023-10-22,2 6 12 14 15,,false
daily-lotto,2023-10-23,3 7 15 18 21,,false
daily-lotto,2023-10-24,3 9 16 18 34,,false
powerball,2023-10-24,1 10 33 37 46,4,false
powerball-plus,2023-10-24,1 22 23 31 32,3,false
daily-lotto,2023-10-25,10 29 30 31 35,,false
lotto,2023-10-25,3 4 13 24 25 39,48,false
lotto-plus-1,2023-10-25,28 29 33 36 43 50,6,false
daily-lotto,2023-10-26,1 3 12 22 28,,false
daily-lotto,2023-10-27,11 13 14 18 34,,false
powerball,2023-10-27,16 17 21 31 36,15,false
powerball-plus,2023-10-27,2 3 18 33 34,15,false
daily-lotto,2023-10-28,6 7 16 22 31,,false
lotto,2023-10-28,1 36 41 43 46 51,25,false
lotto-plus-1,2023-10-28,11 19 23 34 39 52,25,false
daily-lotto,2023-10-29,12 13 20 26 34,,false
daily-lotto,2023-10-30,2 10 31 33 36,,false
daily-lotto,2023-10-31,13 16 20 28 29,,false
powerball,2023-10-31,10 15 19 36 48,4,false
powerball-plus,2023-10-31,1 6 15 19 46,20,false
daily-lotto,2023-11-01,9 13 17 26 29,,false
lotto,2023-11-01,6 14 25 33 40 49,16,false
lotto-plus-1,2023-11-01,1 11 23 32 36 45,46,false
daily-lotto,2023-11-02,16 19 21 25 35,,false
daily-lotto,2023-11-03,15 18 20 21 28,,false
powerball,2023-11-03,1 8 24 26 31,2,false
powerball-plus,2023-11-03,11 19 21 32 47,9,false
daily-lotto,2023-11-04,4 14 16 35 36,,false
lotto,2023-11-04,12 18 30 48 51 52,38,false
lotto-plus-1,2023-11-04,1 3 14 22 26 49,39,false
daily-lotto,2023-11-05,4 17 21 23 34,,false
daily-lotto,2023-11-06,4 7 15 19 28,,false
daily-lotto,2023-11-07,1 5 7 18 36,,false
powerball,2023-11-07,3 13 28 31 40,15,false
powerball-plus,2023-11-07,8 17 24 38 46,18,false
daily-lotto,2023-11-08,21 28 30 34 36,,false
lotto,2023-11-08,1 16 20 21 28 45,17,false
lotto-plus-1,2023-11-08,1 7 9 22 25 51,47,false
daily-lotto,2023-11-09,11 13 16 20 25,,false
daily-lotto,2023-11-10,8 16 17 33 36,,false
powerball,2023-11-10,3 18 21 37 46,3,false
powerball-plus,2023-11-10,8 11 19 30 50,15,false
daily-lotto,2023-11-11,12 19 27 29 35,,false
lotto,2023-11-11,3 33 43 45 46 47,22,false
lotto-plus-1,2023-11-11,6 7 12 20 27 33,42,false
daily-lotto,2023-11-12,5 6 19 20 31,,false
daily-lotto,2023-11-13,13 22 31 33 36,,false
daily-lotto,2023-11-14,5 6 11 13 28,,false
powerball,2023-11-14,10 24 30 33 44,20,false
powerball-plus,2023-11-14,3 24 26 38 48,10,false
daily-lotto,2023-11-15,5 11 17 22 36,,false
lotto,2023-11-15,11 14 34 38 45 46,51,false
lotto-plus-1,2023-11-15,4 7 10 26 44 47,46,false
daily-lotto,2023-11-16,2 8 19 28 36,,false
daily-lotto,2023-11-17,6 12 20 31 33,,false
powerball,2023-11-17,4 20 24 30 42,8,false
powerball-plus,2023-11-17,4 6 14 22 47,5,false
daily-lotto,2023-11-18,5 21 31 33 34,,false
lotto,2023-11-18,11 19 21 25 34 41,44,false
lotto-plus-1,2023-11-18,6 15 23 28 41 49,39,false
daily-lotto,2023-11-19,8 10 20 23 28,,false
daily-lotto,2023-11-20,2 11 28 30 35,,false
daily-lotto,2023-11-21,1 3 6 7 30,,false
powerball,2023-11-21,3 13 24 45 49,10,false
powerball-plus,2023-11-21,4 6 20 21 46,12,false
daily-lotto,2023-11-22,5 9 14 27 31,,false
lotto,2023-11-22,5 12 19 23 25 41,15,false
lotto-plus-1,2023-11-22,2 5 12 21 25 26,46,false
daily-lotto,2023-11-23,3 21 24 28 33,,false
daily-lotto,2023-11-24,1 16 31 32 36,,false
powerball,2023-11-24,21 32 40 41 47,4,false
powerball-plus,2023-11-24,6 17 25 30 39,11,false
daily-lotto,2023-11-25,1 4 7 20 24,,false
lotto,2023-11-25,3 14 15 24 25 40,45,false
lotto-plus-1,2023-11-25,18 23 25 42 44 52,35,false
daily-lotto,2023-11-26,1 7 15 26 27,,false
daily-lotto,2023-11-27,4 14 15 23 29,,false
daily-lotto,2023-11-28,6 21 29 33 36,,false
powerball,2023-11-28,4 17 25 26 46,5,false
powerball-plus,2023-11-28,1 11 12 13 34,16,false
daily-lotto,2023-11-29,18 19 26 31 35,,false
lotto,2023-11-29,11 20 23 25 38 41,32,false
lotto-plus-1,2023-11-29,25 27 31 32 46 51,20,false
daily-lotto,2023-11-30,7 13 21 23 35,,false
daily-lotto,2023-12-01,9 16 17 19 29,,false
powerball,2023-12-01,16 18 44 46 48,8,false
powerball-plus,2023-12-01,17 20 23 24 31,11,false
daily-lotto,2023-12-02,1 29 31 33 35,,false
lotto,2023-12-02,1 32 33 35 42 51,20,false
lotto-plus-1,2023-12-02,15 18 21 28 47 49,8,false
daily-lotto,2023-12-03,1 9 20 22 25,,false
daily-lotto,2023-12-04,6 7 10 12 34,,false
daily-lotto,2023-12-05,5 8 19 27 31,,false
powerball,2023-12-05,19 20 21 30 39,12,false
powerball-plus,2023-12-05,6 17 33 34 49,7,false
daily-lotto,2023-12-06,2 4 9 32 35,,false
lotto,2023-12-06,10 13 34 42 45 51,24,false
lotto-plus-1,2023-12-06,6 26 32 42 43 48,14,false
daily-lotto,2023-12-07,13 18 23 24 27,,false
daily-lotto,2023-12-08,9 14 22 30 36,,false
powerball,2023-12-08,2 22 24 32 33,1,false
powerball-plus,2023-12-08,19 22 36 43 46,5,false
daily-lotto,2023-12-09,13 22 32 33 34,,false
lotto,2023-12-09,8 14 23 40 42 44,33,false
lotto-plus-1,2023-12-09,11 18 25 28 45 46,32,false
daily-lotto,2023-12-10,2 5 11 29 35,,false
daily-lotto,2023-12-11,6 13 15 20 21,,false
daily-lotto,2023-12-12,10 19 22 32 36,,false
powerball,2023-12-12,7 9 15 38 41,17,false
powerball-plus,2023-12-12,5 10 25 29 46,15,false
daily-lotto,2023-12-13,4 22 23 24 32,,false
lotto,2023-12-13,11 12 14 16 31 38,7,false
lotto-plus-1,2023-12-13,8 9 27 34 39 46,32,false
daily-lotto,2023-12-14,1 3 8 10 14,,false
daily-lotto,2023-12-15,3 14 17 23 36,,false
powerball,2023-12-15,16 24 34 38 44,13,false
powerball-plus,2023-12-15,6 15 31 41 43,8,false
daily-lotto,2023-12-16,2 14 15 29 30,,false
lotto,2023-12-16,17 22 31 36 43 47,29,false
lotto-plus-1,2023-12-16,1 14 15 27 29 32,25,false
daily-lotto,2023-12-17,11 16 17 21 27,,false
daily-lotto,2023-12-18,1 15 16 23 32,,false
daily-lotto,2023-12-19,1 7 9 21 34,,false
powerball,2023-12-19,4 17 25 28 35,2,false
powerball-plus,2023-12-19,4 18 26 41 47,9,false
daily-lotto,2023-12-20,1 10 18 20 29,,false
lotto,2023-12-20,11 18 32 41 45 50,51,false
lotto-plus-1,2023-12-20,8 25 30 38 46 48,20,false
daily-lotto,2023-12-21,6 10 11 15 33,,false
daily-lotto,2023-12-22,20 24 25 28 36,,false
powerball,2023-12-22,24 27 29 34 38,16,false
powerball-plus,2023-12-22,8 16 21 24 50,1,false
daily-lotto,2023-12-23,6 18 23 29 34,,false
lotto,2023-12-23,19 20 28 37 49 50,48,false
lotto-plus-1,2023-12-23,11 19 28 31 38 49,24,false
daily-lotto,2023-12-24,7 9 12 17 18,,false
daily-lotto,2023-12-26,14 16 19 35 36,,false
powerball,2023-12-26,6 29 30 34 38,12,false
powerball-plus,2023-12-26,13 19 24 39 45,16,false
daily-lotto,2023-12-27,3 8 10 19 27,,false
lotto,2023-12-27,12 25 29 34 41 42,27,false
lotto-plus-1,2023-12-27,1 6 14 19 27 33,15,false
daily-lotto,2023-12-28,3 6 19 30 32,,false
daily-lotto,2023-12-29,6 15 18 19 21,,false
powerball,2023-12-29,17 21 38 48 49,15,false
powerball-plus,2023-12-29,15 16 30 36 40,6,false
daily-lotto,2023-12-30,1 9 20 22 26,,false
lotto,2023-12-30,9 10 15 17 35 37,4,false
lotto-plus-1,2023-12-30,2 13 18 21 26 46,34,false
daily-lotto,2023-12-31,11 14 33 35 36,,false
daily-lotto,2024-01-01,2 3 14 17 32,,false
daily-lotto,2024-01-02,16 19 27 30 33,,false
powerball,2024-01-02,9 20 23 46 50,5,false
powerball-plus,2024-01-02,8 9 11 29 44,20,false
daily-lotto,2024-01-03,2 10 25 31 34,,false
lotto,2024-01-03,7 18 32 36 38 52,25,false
lotto-plus-1,2024-01-03,13 15 28 41 42 44,34,false
daily-lotto,2024-01-04,3 7 14 19 34,,false
daily-lotto,2024-01-05,3 6 18 29 34,,false
powerball,2024-01-05,2 18 31 43 50,7,false
powerball-plus,2024-01-05,3 6 18 26 32,15,false
daily-lotto,2024-01-06,8 17 21 29 32,,false
lotto,2024-01-06,5 9 17 18 24 30,6,false
lotto-plus-1,2024-01-06,6 13 27 37 38 46,10,false
daily-lotto,2024-01-07,4 20 25 29 31,,false
daily-lotto,2024-01-08,4 12 19 23 26,,false
daily-lotto,2024-01-09,3 6 13 17 27,,false
powerball,2024-01-09,12 20 24 33 43,19,false
powerball-plus,2024-01-09,15 17 25 34 42,1,false
daily-lotto,2024-01-10,3 4 9 13 19,,false
lotto,2024-01-10,9 15 17 27 31 49,35,false
lotto-plus-1,2024-01-10,3 7 21 22 29 39,16,false
daily-lotto,2024-01-11,9 14 18 27 32,,false
daily-lotto,2024-01-12,1 8 25 34 36,,false
powerball,2024-01-12,15 29 36 45 49,5,false
powerball-plus,2024-01-12,4 21 24 29 39,18,false
daily-lotto,2024-01-13,5 7 9 11 30,,false
lotto,2024-01-13,11 13 29 48 50 51,47,false
lotto-plus-1,2024-01-13,4 10 17 20 37 43,51,false
daily-lotto,2024-01-14,10 19 27 33 35,,false
daily-lotto,2024-01-15,5 25 27 33 34,,false
daily-lotto,2024-01-16,7 9 25 28 34,,false
powerball,2024-01-16,5 29 40 42 47,6,false
powerball-plus,2024-01-16,21 25 37 46 48,17,false
daily-lotto,2024-01-17,3 17 20 24 33,,false
lotto,2024-01-17,24 33 34 42 43 50,37,false
lotto-plus-1,2024-01-17,20 30 32 40 47 52,41,false
daily-lotto,2024-01-18,12 15 22 29 31,,false
daily-lotto,2024-01-19,9 10 21 32 35,,false
powerball,2024-01-19,11 18 20 41 46,15,false
powerball-plus,2024-01-19,6 7 16 41 46,14,false
daily-lotto,2024-01-20,5 6 14 30 33,,false
lotto,2024-01-20,3 8 10 16 36 41,9,false
lotto-plus-1,2024-01-20,9 28 37 39 46 52,8,false
daily-lotto,2024-01-21,1 4 18 19 22,,false
daily-lotto,2024-01-22,2 9 18 31 34,,false
daily-lotto,2024-01-23,15 22 23 25 36,,false
powerball,2024-01-23,9 16 21 26 39,16,false
powerball-plus,2024-01-23,12 20 25 48 49,20,false
daily-lotto,2024-01-24,9 11 22 26 27,,false
lotto,2024-01-24,14 16 18 21 45 51,4,false
lotto-plus-1,2024-01-24,20 21 36 37 38 51,50,false
daily-lotto,2024-01-25,1 3 11 12 32,,false
daily-lotto,2024-01-26,2 10 17 21 33,,false
powerball,2024-01-26,1 6 13 20 21,12,false
powerball-plus,2024-01-26,8 14 15 38 50,11,false
daily-lotto,2024-01-27,10 14 27 29 32,,false
lotto,2024-01-27,2 15 26 28 45 49,6,false
lotto-plus-1,2024-01-27,6 7 16 17 26 41,48,false
daily-lotto,2024-01-28,9 14 15 34 35,,false
daily-lotto,2024-01-29,8 10 11 22 23,,false
daily-lotto,2024-01-30,3 10 16 29 30,,false
powerball,2024-01-30,1 8 30 39 44,3,false
powerball-plus,2024-01-30,4 11 39 42 43,16,false
daily-lotto,2024-01-31,4 9 10 12 29,,false
lotto,2024-01-31,9 11 23 26 41 52,29,false
lotto-plus-1,2024-01-31,2 5 6 14 32 50,48,false
daily-lotto,2024-02-01,10 18 28 34 35,,false
daily-lotto,2024-02-02,11 13 16 20 33,,false
powerball,2024-02-02,21 35 37 43 46,19,false
powerball-plus,2024-02-02,8 28 44 46 49,5,false
daily-lotto,2024-02-03,5 8 22 33 36,,false
lotto,2024-02-03,16 17 24 31 36 43,44,false
lotto-plus-1,2024-02-03,2 14 19 27 28 33,15,false
daily-lotto,2024-02-04,1 2 11 18 23,,false
daily-lotto,2024-02-05,3 10 12 14 28,,false
daily-lotto,2024-02-06,8 16 21 32 33,,false
powerball,2024-02-06,2 6 10 18 28,15,false
powerball-plus,2024-02-06,2 21 39 42 43,11,false
daily-lotto,2024-02-07,7 10 11 19 32,,false
lotto,2024-02-07,13 19 28 29 30 32,14,false
lotto-plus-1,2024-02-07,6 8 18 34 36 52,12,false
daily-lotto,2024-02-08,2 16 24 27 33,,false
daily-lotto,2024-02-09,10 24 29 34 36,,false
powerball,2024-02-09,8 16 24 29 36,17,false
powerball-plus,2024-02-09,10 19 21 26 32,8,false
daily-lotto,2024-02-10,7 12 16 24 29,,false
lotto,2024-02-10,3 18 24 38 43 46,51,false
lotto-plus-1,2024-02-10,3 7 12 22 26 41,30,false
daily-lotto,2024-02-11,9 10 13 14 17,,false
daily-lotto,2024-02-12,3 14 27 30 34,,false
daily-lotto,2024-02-13,7 8 16 26 30,,false
powerball,2024-02-13,13 15 30 32 46,17,false
powerball-plus,2024-02-13,1 3 7 31 38,3,false
daily-lotto,2024-02-14,1 4 10 29 36,,false
lotto,2024-02-14,6 18 23 29 30 45,44,false
lotto-plus-1,2024-02-14,3 10 11 28 32 38,41,false
daily-lotto,2024-02-15,2 10 16 19 34,,false
daily-lotto,2024-02-16,1 14 18 20 32,,false
powerball,2024-02-16,18 33 35 46 48,16,false
powerball-plus,2024-02-16,12 13 25 37 43,18,false
daily-lotto,2024-02-17,8 10 15 25 28,,false
lotto,2024-02-17,1 3 9 29 44 48,25,false
lotto-plus-1,2024-02-17,2 3 10 17 33 50,14,false
daily-lotto,2024-02-18,5 6 16 17 33,,false
daily-lotto,2024-02-19,1 2 5 26 27,,false
daily-lotto,2024-02-20,7 13 22 30 32,,false
powerball,2024-02-20,4 13 16 21 32,4,false
powerball-plus,2024-02-20,5 7 13 23 44,11,false
daily-lotto,2024-02-21,1 9 16 35 36,,false
lotto,2024-02-21,5 33 34 42 51 52,39,false
lotto-plus-1,2024-02-21,10 20 37 44 46 52,23,false
daily-lotto,2024-02-22,5 13 15 16 29,,false
daily-lotto,2024-02-23,4 19 25 26 33,,false
powerball,2024-02-23,3 19 22 35 38,17,false
powerball-plus,2024-02-23,14 22 27 38 46,14,false
daily-lotto,2024-02-24,1 2 11 15 20,,false
lotto,2024-02-24,2 7 20 27 29 34,37,false
lotto-plus-1,2024-02-24,3 8 13 22 24 41,46,false
daily-lotto,2024-02-25,15 21 26 27 28,,false
daily-lotto,2024-02-26,3 4 9 32 36,,false
daily-lotto,2024-02-27,11 20 27 33 36,,false
powerball,2024-02-27,12 13 33 39 43,4,false
powerball-plus,2024-02-27,32 33 38 45 46,14,false
daily-lotto,2024-02-28,4 17 26 27 29,,false
lotto,2024-02-28,11 12 14 18 20 48,32,false
lotto-plus-1,2024-02-28,1 2 9 13 44 45,10,false
daily-lotto,2024-02-29,7 14 16 21 28,,false
daily-lotto,2024-03-01,20 22 24 29 31,,false
powerball,2024-03-01,10 30 35 42 46,10,false
powerball-plus,2024-03-01,10 16 29 37 44,16,false
daily-lotto,2024-03-02,6 9 15 16 36,,false
lotto,2024-03-02,8 18 25 40 47 49,31,false
lotto-plus-1,2024-03-02,5 8 12 15 44 46,2,false
daily-lotto,2024-03-03,6 7 15 24 34,,false
daily-lotto,2024-03-04,6 9 12 18 27,,false
daily-lotto,2024-03-05,3 4 6 8 23,,false
powerball,2024-03-05,2 4 23 27 31,4,false
powerball-plus,2024-03-05,4 8 41 47 50,10,false
daily-lotto,2024-03-06,4 9 12 28 30,,false
lotto,2024-03-06,7 16 17 22 32 48,36,false
lotto-plus-1,2024-03-06,14 25 27 35 43 52,41,false
daily-lotto,2024-03-07,3 12 13 22 28,,false
daily-lotto,2024-03-08,10 11 12 15 21,,false
powerball,2024-03-08,7 18 19 27 28,14,false
powerball-plus,2024-03-08,22 26 29 33 35,7,false
daily-lotto,2024-03-09,11 16 18 20 29,,false
lotto,2024-03-09,9 17 24 27 46 50,48,false
lotto-plus-1,2024-03-09,1 3 13 22 31 47,8,false
daily-lotto,2024-03-10,6 7 12 18 29,,false
daily-lotto,2024-03-11,4 9 12 16 21,,false
daily-lotto,2024-03-12,3 27 28 34 36,,false
powerball,2024-03-12,2 18 21 47 48,9,false
powerball-plus,2024-03-12,2 12 27 45 48,16,false
daily-lotto,2024-03-13,4 8 13 15 29,,false
lotto,2024-03-13,9 25 33 34 36 46,15,false
lotto-plus-1,2024-03-13,1 6 11 21 44 48,20,false
daily-lotto,2024-03-14,11 24 27 32 35,,false
daily-lotto,2024-03-15,4 8 23 24 34,,false
powerball,2024-03-15,4 9 20 22 33,20,false
powerball-plus,2024-03-15,3 6 29 32 44,19,false
daily-lotto,2024-03-16,3 13 15 25 28,,false
lotto,2024-03-16,5 8 11 15 19 51,21,false
lotto-plus-1,2024-03-16,6 10 22 41 42 49,15,false
daily-lotto,2024-03-17,4 5 19 26 28,,false
daily-lotto,2024-03-18,4 5 9 27 35,,false
daily-lotto,2024-03-19,9 16 18 19 24,,false
powerball,2024-03-19,7 15 19 26 36,15,false
powerball-plus,2024-03-19,1 14 19 29 48,15,false
daily-lotto,2024-03-20,10 18 19 25 34,,false
lotto,2024-03-20,8 13 22 30 39 52,32,false
lotto-plus-1,2024-03-20,9 15 17 29 33 47,24,false
daily-lotto,2024-03-21,8 17 21 22 30,,false
daily-lotto,2024-03-22,6 7 9 16 30,,false
powerball,2024-03-22,9 10 36 43 44,7,false
powerball-plus,2024-03-22,19 22 23 28 30,11,false
daily-lotto,2024-03-23,7 8 20 24 31,,false
lotto,2024-03-23,1 2 3 4 17 43,36,false
lotto-plus-1,2024-03-23,14 26 34 38 48 52,6,false
daily-lotto,2024-03-24,7 9 10 27 35,,false
daily-lotto,2024-03-25,4 8 15 33 35,,false
daily-lotto,2024-03-26,2 4 5 11 18,,false
powerball,2024-03-26,11 15 35 41 45,12,false
powerball-plus,2024-03-26,9 24 35 41 46,15,false
daily-lotto,2024-03-27,1 3 8 10 28,,false
lotto,2024-03-27,11 22 41 45 46 51,50,false
lotto-plus-1,2024-03-27,6 27 29 43 44 49,33,false
daily-lotto,2024-03-28,2 19 22 23 30,,false
daily-lotto,2024-03-29,2 11 13 23 27,,false
powerball,2024-03-29,1 13 24 25 35,4,false
powerball-plus,2024-03-29,16 29 39 42 47,11,false
daily-lotto,2024-03-30,1 6 13 14 35,,false
lotto,2024-03-30,18 29 39 40 43 50,27,false
lotto-plus-1,2024-03-30,2 6 22 29 32 50,25,false
daily-lotto,2024-03-31,4 5 6 9 11,,false
daily-lotto,2024-04-01,5 11 18 23 31,,false
daily-lotto,2024-04-02,14 24 31 33 36,,false
powerball,2024-04-02,13 20 28 39 47,18,false
powerball-plus,2024-04-02,5 10 15 31 37,9,false
daily-lotto,2024-04-03,2 8 22 27 36,,false
lotto,2024-04-03,19 25 26 28 38 39,44,false
lotto-plus-1,2024-04-03,8 23 38 39 47 49,51,false
daily-lotto,2024-04-04,1 8 21 26 29,,false
daily-lotto,2024-04-05,2 10 11 33 35,,false
powerball,2024-04-05,6 8 16 28 36,18,false
powerball-plus,2024-04-05,5 11 18 19 21,10,false
daily-lotto,2024-04-06,4 17 30 33 35,,false
lotto,2024-04-06,7 8 17 19 28 49,12,false
lotto-plus-1,2024-04-06,10 15 17 18 25 41,31,false
daily-lotto,2024-04-07,2 4 7 14 23,,false
daily-lotto,2024-04-08,8 11 14 28 31,,false
daily-lotto,2024-04-09,2 8 26 28 31,,false
powerball,2024-04-09,5 7 31 36 42,10,false
powerball-plus,2024-04-09,9 20 31 36 39,15,false
daily-lotto,2024-04-10,6 10 21 27 35,,false
lotto,2024-04-10,6 10 15 20 34 45,46,false
lotto-plus-1,2024-04-10,7 20 26 40 48 50,12,false
daily-lotto,2024-04-11,2 5 9 26 34,,false
daily-lotto,2024-04-12,9 11 19 31 34,,false
powerball,2024-04-12,22 26 42 43 45,20,false
powerball-plus,2024-04-12,10 11 16 20 40,13,false
daily-lotto,2024-04-13,6 8 13 23 31,,false
lotto,2024-04-13,14 16 22 23 35 47,24,false
lotto-plus-1,2024-04-13,15 23 30 34 45 49,22,false
daily-lotto,2024-04-14,2 7 26 31 34,,false
daily-lotto,2024-04-15,1 12 13 17 25,,false
daily-lotto,2024-04-16,2 4 9 22 27,,false
powerball,2024-04-16,6 14 26 32 41,3,false
powerball-plus,2024-04-16,4 16 19 30 49,19,false
daily-lotto,2024-04-17,8 18 29 33 34,,false
lotto,2024-04-17,15 21 34 36 37 47,43,false
lotto-plus-1,2024-04-17,1 7 21 34 39 41,48,false
daily-lotto,2024-04-18,15 19 28 33 34,,false
daily-lotto,2024-04-19,4 6 23 29 32,,false
powerball,2024-04-19,4 17 18 44 48,19,false
powerball-plus,2024-04-19,1 5 18 22 50,17,false
daily-lotto,2024-04-20,8 14 17 28 33,,false
lotto,2024-04-20,2 5 6 25 29 30,10,false
lotto-plus-1,2024-04-20,1 7 8 21 33 39,29,false
daily-lotto,2024-04-21,4 9 11 24 26,,false
daily-lotto,2024-04-22,4 10 12 13 36,,false
daily-lotto,2024-04-23,6 12 23 35 36,,false
powerball,2024-04-23,13 20 26 37 42,7,false
powerball-plus,2024-04-23,1 2 18 34 38,9,false
daily-lotto,2024-04-24,3 5 26 28 33,,false
lotto,2024-04-24,18 32 38 42 44 50,24,false
lotto-plus-1,2024-04-24,3 23 25 27 47 51,37,false
daily-lotto,2024-04-25,5 8 10 21 30,,false
daily-lotto,2024-04-26,6 7 9 17 30,,false
powerball,2024-04-26,5 12 13 17 32,12,false
powerball-plus,2024-04-26,37 40 42 43 48,6,false
daily-lotto,2024-04-27,7 11 15 17 23,,false
lotto,2024-04-27,10 11 17 27 33 40,8,false
lotto-plus-1,2024-04-27,3 7 17 33 39 44,40,false
daily-lotto,2024-04-28,6 9 29 31 34,,false
daily-lotto,2024-04-29,7 9 25 26 36,,false
daily-lotto,2024-04-30,1 22 30 32 35,,false
powerball,2024-04-30,5 8 14 33 36,2,false
powerball-plus,2024-04-30,14 15 19 30 48,4,false
daily-lotto,2024-05-01,3 7 14 20 29,,false
lotto,2024-05-01,7 12 16 27 32 52,13,false
lotto-plus-1,2024-05-01,3 7 21 37 44 46,40,false
daily-lotto,2024-05-02,2 8 25 29 31,,false
daily-lotto,2024-05-03,2 5 18 24 26,,false
powerball,2024-05-03,28 31 33 37 44,2,false
powerball-plus,2024-05-03,12 13 24 47 50,14,false
daily-lotto,2024-05-04,9 23 24 32 34,,false
lotto,2024-05-04,3 14 33 35 36 49,25,false
lotto-plus-1,2024-05-04,27 29 35 43 49 50,51,false
daily-lotto,2024-05-05,14 17 18 28 31,,false
daily-lotto,2024-05-06,3 6 10 11 31,,false
daily-lotto,2024-05-07,1 5 11 22 28,,false
powerball,2024-05-07,2 4 10 39 40,11,false
powerball-plus,2024-05-07,8 32 33 37 46,10,false
daily-lotto,2024-05-08,8 18 22 26 28,,false
lotto,2024-05-08,19 26 31 36 37 40,22,false
lotto-plus-1,2024-05-08,6 15 23 38 43 52,39,false
daily-lotto,2024-05-09,3 15 24 26 33,,false
daily-lotto,2024-05-10,1 4 5 18 33,,false
powerball,2024-05-10,9 21 33 43 44,10,false
powerball-plus,2024-05-10,10 13 33 37 44,12,false
daily-lotto,2024-05-11,6 8 26 27 30,,false
lotto,2024-05-11,1 8 35 38 43 51,30,false
lotto-plus-1,2024-05-11,4 6 19 30 34 51,8,false
daily-lotto,2024-05-12,7 8 11 29 31,,false
daily-lotto,2024-05-13,8 9 11 13 16,,false
daily-lotto,2024-05-14,7 18 20 24 25,,false
powerball,2024-05-14,4 9 39 41 44,19,false
powerball-plus,2024-05-14,4 6 16 22 43,13,false
daily-lotto,2024-05-15,7 15 22 23 31,,false
lotto,2024-05-15,2 7 25 32 37 45,8,false
lotto-plus-1,2024-05-15,3 13 30 32 42 46,17,false
daily-lotto,2024-05-16,12 15 26 28 32,,false
daily-lotto,2024-05-17,3 7 13 27 36,,false
powerball,2024-05-17,18 22 23 31 32,18,false
powerball-plus,2024-05-17,2 19 21 34 47,15,false
daily-lotto,2024-05-18,7 11 13 17 36,,false
lotto,2024-05-18,12 24 28 37 38 47,1,false
lotto-plus-1,2024-05-18,24 40 42 43 49 52,27,false
daily-lotto,2024-05-19,7 20 23 33 36,,false
daily-lotto,2024-05-20,9 16 31 35 36,,false
daily-lotto,2024-05-21,1 3 17 34 35,,false
powerball,2024-05-21,3 9 16 26 38,8,false
powerball-plus,2024-05-21,9 10 22 40 49,12,false
daily-lotto,2024-05-22,4 18 30 33 35,,false
lotto,2024-05-22,19 22 29 35 40 41,1,false
lotto-plus-1,2024-05-22,5 9 19 27 29 32,42,false
daily-lotto,2024-05-23,13 19 23 31 32,,false
daily-lotto,2024-05-24,17 20 22 29 36,,false
powerball,2024-05-24,4 14 16 18 25,11,false
powerball-plus,2024-05-24,7 13 14 23 30,14,false
daily-lotto,2024-05-25,3 9 13 34 35,,false
lotto,2024-05-25,1 4 25 29 36 45,20,false
lotto-plus-1,2024-05-25,7 18 22 26 30 31,44,false
daily-lotto,2024-05-26,2 4 9 18 22,,false
daily-lotto,2024-05-27,1 2 3 5 22,,false
daily-lotto,2024-05-28,6 16 19 25 31,,false
powerball,2024-05-28,2 3 23 39 45,14,false
powerball-plus,2024-05-28,4 15 18 21 28,18,false
daily-lotto,2024-05-29,10 13 21 24 33,,false
lotto,2024-05-29,5 11 20 27 41 45,42,false
lotto-plus-1,2024-05-29,19 20 42 44 50 52,28,false
daily-lotto,2024-05-30,3 4 8 21 33,,false
daily-lotto,2024-05-31,1 19 29 31 34,,false
powerball,2024-05-31,17 20 22 35 43,7,false
powerball-plus,2024-05-31,15 19 38 43 46,6,false
daily-lotto,2024-06-01,3 8 13 22 24,,false
lotto,2024-06-01,12 17 18 29 37 42,27,false
lotto-plus-1,2024-06-01,8 22 29 41 49 50,28,false
daily-lotto,2024-06-02,8 10 22 30 36,,false
daily-lotto,2024-06-03,2 10 17 26 36,,false
daily-lotto,2024-06-04,2 11 20 26 27,,false
powerball,2024-06-04,4 15 38 41 42,17,false
powerball-plus,2024-06-04,8 10 32 33 48,13,false
daily-lotto,2024-06-05,1 6 10 13 29,,false
lotto,2024-06-05,21 22 23 25 37 50,47,false
lotto-plus-1,2024-06-05,9 30 38 40 48 50,11,false
daily-lotto,2024-06-06,11 15 23 26 34,,false
daily-lotto,2024-06-07,4 13 18 22 25,,false
powerball,2024-06-07,6 9 17 37 41,19,false
powerball-plus,2024-06-07,9 26 33 46 48,11,false
daily-lotto,2024-06-08,1 7 12 24 33,,false
lotto,2024-06-08,5 6 10 11 35 41,17,false
lotto-plus-1,2024-06-08,4 31 32 36 44 47,11,false
daily-lotto,2024-06-09,3 18 21 23 29,,false
daily-lotto,2024-06-10,5 11 16 21 25,,false
daily-lotto,2024-06-11,1 8 9 25 29,,false
powerball,2024-06-11,12 22 25 43 50,16,false
powerball-plus,2024-06-11,25 39 46 47 49,10,false
daily-lotto,2024-06-12,18 19 20 34 35,,false
lotto,2024-06-12,2 9 16 26 41 48,23,false
lotto-plus-1,2024-06-12,3 6 8 15 18 27,42,false
daily-lotto,2024-06-13,5 24 34 35 36,,false
daily-lotto,2024-06-14,2 15 20 35 36,,false
powerball,2024-06-14,19 24 40 45 49,7,false
powerball-plus,2024-06-14,8 14 29 32 40,7,false
daily-lotto,2024-06-15,4 16 18 21 31,,false
lotto,2024-06-15,1 14 32 35 46 48,22,false
lotto-plus-1,2024-06-15,21 23 29 42 48 52,25,false
daily-lotto,2024-06-16,11 12 15 25 35,,false
daily-lotto,2024-06-17,2 4 11 14 34,,false
daily-lotto,2024-06-18,4 6 11 14 24,,false
powerball,2024-06-18,9 13 18 45 49,2,false
powerball-plus,2024-06-18,7 10 24 25 30,15,false
daily-lotto,2024-06-19,7 9 23 24 32,,false
lotto,2024-06-19,9 11 25 26 31 39,45,false
lotto-plus-1,2024-06-19,6 12 17 31 33 44,4,false
daily-lotto,2024-06-20,1 5 10 20 28,,false
daily-lotto,2024-06-21,7 15 17 18 34,,false
powerball,2024-06-21,9 29 30 33 49,10,false
powerball-plus,2024-06-21,2 9 20 25 42,13,false
daily-lotto,2024-06-22,1 5 8 24 32,,false
lotto,2024-06-22,12 21 25 29 47 51,32,false
lotto-plus-1,2024-06-22,2 3 13 22 26 41,24,false
daily-lotto,2024-06-23,8 9 12 21 23,,false
daily-lotto,2024-06-24,9 11 15 21 27,,false
daily-lotto,2024-06-25,7 10 23 27 30,,false
powerball,2024-06-25,3 32 40 42 49,5,false
powerball-plus,2024-06-25,12 15 20 21 38,10,false
daily-lotto,2024-06-26,4 8 13 19 23,,false
lotto,2024-06-26,2 17 33 39 45 52,48,false
lotto-plus-1,2024-06-26,7 9 18 25 44 46,13,false
daily-lotto,2024-06-27,2 3 12 13 34,,false
daily-lotto,2024-06-28,4 14 15 23 25,,false
powerball,2024-06-28,19 22 31 40 47,5,false
powerball-plus,2024-06-28,7 18 34 39 42,16,false
daily-lotto,2024-06-29,10 11 21 33 36,,false
lotto,2024-06-29,10 11 15 21 44 47,8,false
lotto-plus-1,2024-06-29,12 23 24 32 36 49,8,false
daily-lotto,2024-06-30,1 2 11 13 32,,false
daily-lotto,2024-07-01,16 18 25 31 32,,false
daily-lotto,2024-07-02,1 16 22 24 30,,false
powerball,2024-07-02,6 15 20 32 42,5,false
powerball-plus,2024-07-02,3 20 22 23 38,17,false
daily-lotto,2024-07-03,11 13 17 31 34,,false
lotto,2024-07-03,8 24 43 45 46 50,16,false
lotto-plus-1,2024-07-03,9 19 22 28 41 48,23,false
daily-lotto,2024-07-04,1 9 13 34 36,,false
daily-lotto,2024-07-05,8 10 24 27 32,,false
powerball,2024-07-05,18 19 22 38 49,15,false
powerball-plus,2024-07-05,1 15 21 30 47,4,false
daily-lotto,2024-07-06,10 11 16 30 34,,false
lotto,2024-07-06,3 10 28 29 44 49,50,false
lotto-plus-1,2024-07-06,2 3 21 23 26 40,50,false
daily-lotto,2024-07-07,12 14 15 16 30,,false
daily-lotto,2024-07-08,6 12 16 32 34,,false
daily-lotto,2024-07-09,3 15 17 28 31,,false
powerball,2024-07-09,2 7 19 31 45,4,false
powerball-plus,2024-07-09,11 15 18 26 39,16,false
daily-lotto,2024-07-10,12 14 19 21 26,,false
lotto,2024-07-10,9 17 25 40 49 52,38,false
lotto-plus-1,2024-07-10,2 6 21 30 38 44,25,false
daily-lotto,2024-07-11,4 13 15 25 28,,false
daily-lotto,2024-07-12,9 15 20 30 35,,false
powerball,2024-07-12,5 10 26 37 44,15,false
powerball-plus,2024-07-12,5 14 21 34 36,5,false
daily-lotto,2024-07-13,6 7 14 17 30,,false
lotto,2024-07-13,14 33 34 36 44 45,28,false
lotto-plus-1,2024-07-13,15 21 32 41 43 52,42,false
daily-lotto,2024-07-14,10 16 25 32 34,,false
daily-lotto,2024-07-15,1 4 22 29 32,,false
daily-lotto,2024-07-16,1 7 11 18 35,,false
powerball,2024-07-16,2 10 22 48 49,7,false
powerball-plus,2024-07-16,14 29 38 43 44,9,false
daily-lotto,2024-07-17,2 19 23 30 35,,false
lotto,2024-07-17,1 5 14 15 22 47,7,false
lotto-plus-1,2024-07-17,1 2 11 17 47 48,7,false
daily-lotto,2024-07-18,4 25 26 32 36,,false
daily-lotto,2024-07-19,11 22 24 26 32,,false
powerball,2024-07-19,2 6 9 31 37,6,false
powerball-plus,2024-07-19,13 15 29 39 41,17,false
daily-lotto,2024-07-20,17 20 24 32 36,,false
lotto,2024-07-20,19 22 27 37 42 46,47,false
lotto-plus-1,2024-07-20,8 9 11 26 37 51,44,false
daily-lotto,2024-07-21,2 4 14 28 30,,false
daily-lotto,2024-07-22,11 15 30 34 36,,false
daily-lotto,2024-07-23,6 10 14 32 34,,false
powerball,2024-07-23,3 11 16 26 48,7,false
powerball-plus,2024-07-23,7 19 24 30 40,12,false
daily-lotto,2024-07-24,7 11 14 16 33,,false
lotto,2024-07-24,13 17 30 31 32 43,41,false
lotto-plus-1,2024-07-24,5 10 15 18 20 28,9,false
daily-lotto,2024-07-25,6 8 17 19 33,,false
daily-lotto,2024-07-26,4 7 11 27 31,,false
powerball,2024-07-26,6 9 12 38 39,17,false
powerball-plus,2024-07-26,2 17 24 31 47,11,false
daily-lotto,2024-07-27,10 19 25 32 33,,false
lotto,2024-07-27,20 21 26 34 37 48,10,false
lotto-plus-1,2024-07-27,3 9 29 40 41 43,28,false
daily-lotto,2024-07-28,1 3 4 12 32,,false
daily-lotto,2024-07-29,3 16 24 27 35,,false
daily-lotto,2024-07-30,5 11 20 23 26,,false
powerball,2024-07-30,7 15 20 32 46,4,false
powerball-plus,2024-07-30,7 34 37 43 46,12,false
daily-lotto,2024-07-31,2 4 11 16 27,,false
lotto,2024-07-31,11 12 14 20 34 48,33,false
lotto-plus-1,2024-07-31,4 7 18 24 37 48,29,false
daily-lotto,2024-08-01,8 9 10 16 35,,false
daily-lotto,2024-08-02,1 11 15 16 25,,false
powerball,2024-08-02,2 5 10 31 32,11,false
powerball-plus,2024-08-02,11 12 32 34 46,8,false
daily-lotto,2024-08-03,1 19 21 23 25,,false
lotto,2024-08-03,12 22 26 31 45 48,6,false
lotto-plus-1,2024-08-03,16 27 28 34 39 43,30,false
daily-lotto,2024-08-04,6 7 14 15 21,,false
daily-lotto,2024-08-05,1 9 20 23 27,,false
daily-lotto,2024-08-06,5 14 17 19 25,,false
powerball,2024-08-06,5 31 34 40 46,10,false
powerball-plus,2024-08-06,1 2 11 16 50,18,false
daily-lotto,2024-08-07,1 10 17 24 33,,false
lotto,2024-08-07,1 10 13 32 37 48,45,false
lotto-plus-1,2024-08-07,2 10 17 18 43 47,11,false
daily-lotto,2024-08-08,15 25 28 29 36,,false
daily-lotto,2024-08-09,8 14 22 32 36,,false
powerball,2024-08-09,7 13 28 37 44,6,false
powerball-plus,2024-08-09,8 11 23 30 45,19,false
daily-lotto,2024-08-10,1 4 10 26 31,,false
lotto,2024-08-10,7 11 24 26 32 41,15,false
lotto-plus-1,2024-08-10,9 15 18 19 43 51,35,false
daily-lotto,2024-08-11,4 7 8 19 26,,false
daily-lotto,2024-08-12,5 11 16 20 22,,false
daily-lotto,2024-08-13,2 3 22 30 33,,false
powerball,2024-08-13,6 34 35 42 46,11,false
powerball-plus,2024-08-13,9 20 25 45 46,9,false
daily-lotto,2024-08-14,15 20 25 29 34,,false
lotto,2024-08-14,7 13 17 23 40 47,4,false
lotto-plus-1,2024-08-14,1 14 15 38 42 49,25,false
daily-lotto,2024-08-15,3 13 19 29 32,,false
daily-lotto,2024-08-16,10 11 24 30 36,,false
powerball,2024-08-16,9 14 15 22 36,1,false
powerball-plus,2024-08-16,4 29 33 34 38,13,false
daily-lotto,2024-08-17,7 21 27 33 34,,false
lotto,2024-08-17,4 7 12 31 38 49,15,false
lotto-plus-1,2024-08-17,2 16 24 26 33 39,4,false
daily-lotto,2024-08-18,1 7 28 31 32,,false
daily-lotto,2024-08-19,12 14 22 33 34,,false
daily-lotto,2024-08-20,4 18 21 24 28,,false
powerball,2024-08-20,5 7 13 23 40,7,false
powerball-plus,2024-08-20,1 4 22 42 45,11,false
daily-lotto,2024-08-21,5 22 27 28 34,,false
lotto,2024-08-21,4 11 22 29 36 44,14,false
lotto-plus-1,2024-08-21,1 11 16 27 33 46,9,false
daily-lotto,2024-08-22,6 7 8 12 24,,false
daily-lotto,2024-08-23,2 11 16 24 29,,false
powerball,2024-08-23,20 22 37 39 40,7,false
powerball-plus,2024-08-23,19 28 35 36 44,12,false
daily-lotto,2024-08-24,11 13 21 25 34,,false
lotto,2024-08-24,2 5 13 22 23 51,1,false
lotto-plus-1,2024-08-24,4 29 31 36 43 48,33,false
daily-lotto,2024-08-25,6 15 23 27 31,,false
daily-lotto,2024-08-26,5 10 17 31 32,,false
daily-lotto,2024-08-27,2 4 14 17 27,,false
powerball,2024-08-27,13 35 39 42 49,2,false
powerball-plus,2024-08-27,9 17 32 34 37,12,false
daily-lotto,2024-08-28,17 18 26 30 32,,false
lotto,2024-08-28,2 12 23 24 30 31,36,false
lotto-plus-1,2024-08-28,11 14 20 42 45 47,35,false
daily-lotto,2024-08-29,1 16 26 29 35,,false
daily-lotto,2024-08-30,2 5 16 27 34,,false
powerball,2024-08-30,8 27 33 43 48,14,false
powerball-plus,2024-08-30,6 13 31 33 46,4,false
daily-lotto,2024-08-31,8 17 31 34 35,,false
lotto,2024-08-31,1 10 14 19 25 46,29,false
lotto-plus-1,2024-08-31,13 30 34 42 49 51,31,false
daily-lotto,2024-09-01,13 15 30 31 34,,false
daily-lotto,2024-09-02,4 6 8 14 25,,false
daily-lotto,2024-09-03,6 9 16 17 18,,false
powerball,2024-09-03,2 9 30 38 47,2,false
powerball-plus,2024-09-03,8 12 14 18 50,20,false
daily-lotto,2024-09-04,14 20 24 25 32,,false
lotto,2024-09-04,10 17 33 38 39 50,5,false
lotto-plus-1,2024-09-04,20 27 28 37 39 43,26,false
daily-lotto,2024-09-05,11 13 23 28 33,,false
daily-lotto,2024-09-06,11 22 23 29 36,,false
powerball,2024-09-06,10 17 23 44 46,4,false
powerball-plus,2024-09-06,1 4 14 15 33,15,false
daily-lotto,2024-09-07,13 14 21 24 31,,false
lotto,2024-09-07,2 7 18 29 40 49,38,false
lotto-plus-1,2024-09-07,3 19 24 35 38 41,12,false
daily-lotto,2024-09-08,6 23 26 27 29,,false
daily-lotto,2024-09-09,11 15 20 35 36,,false
daily-lotto,2024-09-10,1 9 13 24 31,,false
powerball,2024-09-10,16 17 18 47 48,6,false
powerball-plus,2024-09-10,1 4 33 36 41,5,false
daily-lotto,2024-09-11,1 11 13 21 34,,false
lotto,2024-09-11,8 13 16 22 26 43,9,false
lotto-plus-1,2024-09-11,16 21 41 44 49 51,46,false
daily-lotto,2024-09-12,10 12 14 24 36,,false
daily-lotto,2024-09-13,4 17 26 28 29,,false
powerball,2024-09-13,2 10 25 37 43,7,false
powerball-plus,2024-09-13,7 18 21 31 47,5,false
daily-lotto,2024-09-14,17 19 23 29 31,,false
lotto,2024-09-14,4 6 8 28 46 52,27,false
lotto-plus-1,2024-09-14,3 6 11 15 47 49,48,false
daily-lotto,2024-09-15,10 21 25 35 36,,false
daily-lotto,2024-09-16,7 9 10 20 28,,false
daily-lotto,2024-09-17,2 18 19 23 34,,false
powerball,2024-09-17,23 26 43 44 49,16,false
powerball-plus,2024-09-17,19 29 31 34 45,17,false
daily-lotto,2024-09-18,1 4 11 15 17,,false
lotto,2024-09-18,7 21 23 38 43 45,25,false
lotto-plus-1,2024-09-18,4 10 21 32 35 42,2,false
daily-lotto,2024-09-19,8 10 22 32 33,,false
daily-lotto,2024-09-20,2 7 12 13 25,,false
powerball,2024-09-20,6 12 16 18 47,19,false
powerball-plus,2024-09-20,8 10 19 28 32,15,false
daily-lotto,2024-09-21,1 6 15 28 33,,false
lotto,2024-09-21,21 29 32 33 36 50,52,false
lotto-plus-1,2024-09-21,11 14 33 40 43 44,2,false
daily-lotto,2024-09-22,2 5 6 10 14,,false
daily-lotto,2024-09-23,3 7 11 31 32,,false
daily-lotto,2024-09-24,9 10 11 14 17,,false
powerball,2024-09-24,19 23 30 31 38,19,false
powerball-plus,2024-09-24,9 14 18 28 30,18,false
daily-lotto,2024-09-25,11 19 20 33 35,,false
lotto,2024-09-25,6 26 39 41 49 52,17,false
lotto-plus-1,2024-09-25,3 28 35 38 49 50,42,false
daily-lotto,2024-09-26,1 15 30 31 32,,false
daily-lotto,2024-09-27,4 16 25 34 35,,false
powerball,2024-09-27,12 22 29 43 47,10,false
powerball-plus,2024-09-27,2 17 29 30 36,2,false
daily-lotto,2024-09-28,2 7 8 12 13,,false
lotto,2024-09-28,25 28 29 32 40 42,26,false
lotto-plus-1,2024-09-28,1 4 35 38 46 51,47,false
daily-lotto,2024-09-29,10 17 18 25 35,,false
daily-lotto,2024-09-30,13 15 16 17 35,,false
daily-lotto,2024-10-01,22 23 28 32 34,,false
powerball,2024-10-01,3 10 14 25 39,1,false
powerball-plus,2024-10-01,16 21 22 29 38,19,false
daily-lotto,2024-10-02,2 11 29 30 34,,false
lotto,2024-10-02,5 6 14 26 37 50,13,false
lotto-plus-1,2024-10-02,13 18 19 21 26 34,33,false
daily-lotto,2024-10-03,1 2 3 25 31,,false
daily-lotto,2024-10-04,17 29 30 32 33,,false
powerball,2024-10-04,2 8 24 42 48,17,false
powerball-plus,2024-10-04,2 10 15 26 29,1,false
daily-lotto,2024-10-05,5 12 30 31 35,,false
lotto,2024-10-05,14 21 27 40 43 47,45,false
lotto-plus-1,2024-10-05,3 4 5 41 44 46,8,false
daily-lotto,2024-10-06,13 23 33 35 36,,false
daily-lotto,2024-10-07,3 7 29 32 34,,false
daily-lotto,2024-10-08,6 13 15 19 24,,false
powerball,2024-10-08,3 13 31 37 40,9,false
powerball-plus,2024-10-08,9 15 25 43 47,8,false
daily-lotto,2024-10-09,11 13 22 23 25,,false
lotto,2024-10-09,5 18 19 29 44 48,17,false
lotto-plus-1,2024-10-09,9 17 23 24 36 50,31,false
daily-lotto,2024-10-10,4 10 11 26 34,,false
daily-lotto,2024-10-11,5 7 21 25 26,,false
powerball,2024-10-11,3 8 13 46 48,11,false
powerball-plus,2024-10-11,26 29 32 41 50,20,false
daily-lotto,2024-10-12,1 2 9 27 33,,false
lotto,2024-10-12,5 8 10 46 49 51,27,false
lotto-plus-1,2024-10-12,2 6 8 31 38 49,15,false
daily-lotto,2024-10-13,4 8 25 26 36,,false
daily-lotto,2024-10-14,14 22 25 28 36,,false
daily-lotto,2024-10-15,22 25 27 30 33,,false
powerball,2024-10-15,14 32 35 39 44,17,false
powerball-plus,2024-10-15,6 20 37 44 48,20,false
daily-lotto,2024-10-16,5 7 14 16 25,,false
lotto,2024-10-16,16 18 20 31 43 44,39,false
lotto-plus-1,2024-10-16,4 6 10 35 39 42,5,false
daily-lotto,2024-10-17,6 7 8 28 32,,false
daily-lotto,2024-10-18,4 7 12 20 26,,false
powerball,2024-10-18,4 12 28 33 48,14,false
powerball-plus,2024-10-18,16 22 24 31 46,8,false
daily-lotto,2024-10-19,8 10 13 23 30,,false
lotto,2024-10-19,19 24 39 44 48 50,30,false
lotto-plus-1,2024-10-19,14 26 34 42 44 46,17,false
daily-lotto,2024-10-20,1 11 29 30 33,,false
daily-lotto,2024-10-21,5 7 17 22 26,,false
daily-lotto,2024-10-22,1 2 4 26 33,,false
powerball,2024-10-22,2 23 27 45 49,12,false
powerball-plus,2024-10-22,2 17 20 31 33,11,false
daily-lotto,2024-10-23,3 16 24 26 33,,false
lotto,2024-10-23,11 18 19 20 27 30,44,false
lotto-plus-1,2024-10-23,4 5 23 28 32 41,22,false
daily-lotto,2024-10-24,8 11 23 28 30,,false
daily-lotto,2024-10-25,6 11 14 24 25,,false
powerball,2024-10-25,10 38 39 42 49,17,false
powerball-plus,2024-10-25,9 14 28 37 43,20,false
daily-lotto,2024-10-26,5 10 23 31 33,,false
lotto,2024-10-26,4 12 22 29 38 41,10,false
lotto-plus-1,2024-10-26,1 10 13 36 42 52,21,false
daily-lotto,2024-10-27,15 16 20 29 30,,false
daily-lotto,2024-10-28,14 16 22 25 30,,false
daily-lotto,2024-10-29,7 15 23 24 36,,false
powerball,2024-10-29,1 19 30 37 40,16,false
powerball-plus,2024-10-29,4 8 11 49 50,14,false
daily-lotto,2024-10-30,15 17 26 28 36,,false
lotto,2024-10-30,4 9 25 39 41 44,3,false
lotto-plus-1,2024-10-30,3 9 24 35 42 46,14,false
daily-lotto,2024-10-31,6 8 26 27 31,,false
daily-lotto,2024-11-01,15 18 19 20 29,,false
powerball,2024-11-01,3 12 17 29 38,18,false
powerball-plus,2024-11-01,12 24 40 42 49,14,false
daily-lotto,2024-11-02,3 4 18 24 29,,false
lotto,2024-11-02,1 7 10 15 42 51,49,false
lotto-plus-1,2024-11-02,10 12 14 19 30 32,26,false
daily-lotto,2024-11-03,3 4 17 31 35,,false
daily-lotto,2024-11-04,5 11 12 28 36,,false
daily-lotto,2024-11-05,3 4 13 23 24,,false
powerball,2024-11-05,10 14 20 36 43,17,false
powerball-plus,2024-11-05,3 7 15 18 38,1,false
daily-lotto,2024-11-06,24 27 29 30 34,,false
lotto,2024-11-06,13 18 32 42 43 50,16,false
lotto-plus-1,2024-11-06,3 8 18 29 50 51,43,false
daily-lotto,2024-11-07,4 12 15 18 25,,false
daily-lotto,2024-11-08,5 11 16 17 19,,false
powerball,2024-11-08,4 5 29 35 45,7,false
powerball-plus,2024-11-08,14 16 22 34 46,11,false
daily-lotto,2024-11-09,4 7 10 15 24,,false
lotto,2024-11-09,6 7 20 29 46 49,31,false
lotto-plus-1,2024-11-09,10 17 29 37 46 49,50,false
daily-lotto,2024-11-10,7 18 20 21 34,,false
daily-lotto,2024-11-11,2 11 12 23 35,,false
daily-lotto,2024-11-12,16 21 22 29 34,,false
powerball,2024-11-12,4 5 18 39 42,14,false
powerball-plus,2024-11-12,5 18 19 36 49,19,false
daily-lotto,2024-11-13,2 9 14 23 28,,false
lotto,2024-11-13,3 25 33 35 42 45,9,false
lotto-plus-1,2024-11-13,3 12 16 37 40 52,2,false
daily-lotto,2024-11-14,9 21 25 32 34,,false
daily-lotto,2024-11-15,8 19 20 29 31,,false
powerball,2024-11-15,5 18 21 23 31,18,false
powerball-plus,2024-11-15,2 3 6 11 44,12,false
daily-lotto,2024-11-16,1 18 19 33 36,,false
lotto,2024-11-16,4 8 13 15 28 36,52,false
lotto-plus-1,2024-11-16,4 5 30 35 37 42,32,false
daily-lotto,2024-11-17,6 10 22 25 28,,false
daily-lotto,2024-11-18,2 7 16 21 32,,false
daily-lotto,2024-11-19,6 8 16 19 36,,false
powerball,2024-11-19,3 11 17 21 37,6,false
powerball-plus,2024-11-19,14 26 32 38 40,13,false
daily-lotto,2024-11-20,13 23 28 30 35,,false
lotto,2024-11-20,2 3 22 33 36 41,18,false
lotto-plus-1,2024-11-20,35 37 39 40 43 51,5,false
daily-lotto,2024-11-21,1 2 7 13 21,,false
daily-lotto,2024-11-22,2 9 12 25 32,,false
powerball,2024-11-22,15 17 19 43 49,8,false
powerball-plus,2024-11-22,6 20 38 44 46,8,false
daily-lotto,2024-11-23,1 13 18 21 34,,false
lotto,2024-11-23,3 9 10 16 22 25,43,false
lotto-plus-1,2024-11-23,10 11 21 25 34 36,9,false
daily-lotto,2024-11-24,11 14 18 23 33,,false
daily-lotto,2024-11-25,2 4 17 18 20,,false
daily-lotto,2024-11-26,8 20 21 30 35,,false
powerball,2024-11-26,12 18 22 36 38,12,false
powerball-plus,2024-11-26,2 22 23 46 49,19,false
daily-lotto,2024-11-27,5 6 18 29 31,,false
lotto,2024-11-27,5 8 13 15 39 43,1,false
lotto-plus-1,2024-11-27,12 21 31 35 36 43,27,false
daily-lotto,2024-11-28,6 8 26 35 36,,false
daily-lotto,2024-11-29,13 17 20 24 27,,false
powerball,2024-11-29,5 16 27 32 40,1,false
powerball-plus,2024-11-29,6 25 33 36 38,17,false
daily-lotto,2024-11-30,17 24 28 30 36,,false
lotto,2024-11-30,7 24 34 37 40 52,20,false
lotto-plus-1,2024-11-30,4 8 13 27 48 52,34,false
daily-lotto,2024-12-01,5 15 18 24 28,,false
daily-lotto,2024-12-02,2 8 10 16 26,,false
daily-lotto,2024-12-03,1 2 20 29 36,,false
powerball,2024-12-03,6 9 11 23 27,10,false
powerball-plus,2024-12-03,6 23 27 29 45,16,false
daily-lotto,2024-12-04,1 6 8 20 22,,false
lotto,2024-12-04,4 14 19 20 21 48,47,false
lotto-plus-1,2024-12-04,5 11 22 41 43 52,7,false
daily-lotto,2024-12-05,3 9 21 25 27,,false
daily-lotto,2024-12-06,5 8 17 18 35,,false
powerball,2024-12-06,5 15 19 32 35,11,false
powerball-plus,2024-12-06,18 25 32 33 47,16,false
daily-lotto,2024-12-07,8 14 25 32 36,,false
lotto,2024-12-07,10 20 30 47 49 50,21,false
lotto-plus-1,2024-12-07,3 5 15 16 40 50,11,false
daily-lotto,2024-12-08,14 18 20 32 36,,false
daily-lotto,2024-12-09,2 12 25 31 35,,false
daily-lotto,2024-12-10,5 11 20 28 35,,false
powerball,2024-12-10,1 6 29 39 44,17,false
powerball-plus,2024-12-10,10 13 17 18 20,17,false
daily-lotto,2024-12-11,6 7 9 18 28,,false
lotto,2024-12-11,6 11 19 24 50 52,51,false
lotto-plus-1,2024-12-11,5 18 20 25 29 40,12,false
daily-lotto,2024-12-12,16 19 26 27 36,,false
daily-lotto,2024-12-13,7 12 19 27 33,,false
powerball,2024-12-13,3 28 39 40 49,14,false
powerball-plus,2024-12-13,7 22 26 36 44,12,false
daily-lotto,2024-12-14,6 17 22 28 31,,false
lotto,2024-12-14,6 8 11 39 42 47,41,false
lotto-plus-1,2024-12-14,24 29 32 34 37 50,13,false
daily-lotto,2024-12-15,2 10 14 19 30,,false
daily-lotto,2024-12-16,5 18 25 27 36,,false
daily-lotto,2024-12-17,6 9 17 21 27,,false
powerball,2024-12-17,12 21 28 32 40,12,false
powerball-plus,2024-12-17,5 7 22 25 50,3,false
daily-lotto,2024-12-18,4 15 27 29 33,,false
lotto,2024-12-18,5 7 28 30 38 45,37,false
lotto-plus-1,2024-12-18,2 5 26 39 42 43,47,false
daily-lotto,2024-12-19,3 15 20 24 33,,false
daily-lotto,2024-12-20,9 11 14 15 25,,false
powerball,2024-12-20,1 16 20 41 48,8,false
powerball-plus,2024-12-20,8 10 14 41 50,9,false
daily-lotto,2024-12-21,1 3 10 18 23,,false
lotto,2024-12-21,6 9 23 30 33 41,8,false
lotto-plus-1,2024-12-21,3 7 12 24 31 49,34,false
daily-lotto,2024-12-22,3 4 8 32 33,,false
daily-lotto,2024-12-23,1 8 14 18 28,,false
daily-lotto,2024-12-24,14 23 27 30 34,,false
powerball,2024-12-24,5 7 8 12 18,9,false
powerball-plus,2024-12-24,6 15 34 35 45,17,false
daily-lotto,2024-12-26,5 14 23 32 36,,false
daily-lotto,2024-12-27,2 12 17 24 29,,false
powerball,2024-12-27,6 10 23 30 47,18,false
powerball-plus,2024-12-27,1 6 16 37 45,6,false
daily-lotto,2024-12-28,1 6 10 18 21,,false
lotto,2024-12-28,7 18 25 28 29 44,8,false
lotto-plus-1,2024-12-28,7 21 32 36 38 51,45,false
daily-lotto,2024-12-29,2 5 20 32 35,,false
daily-lotto,2024-12-30,10 21 27 30 31,,false
daily-lotto,2024-12-31,7 18 19 28 30,,false
powerball,2024-12-31,1 26 31 32 47,2,false
powerball-plus,2024-12-31,1 6 20 27 46,13,false
daily-lotto,2025-01-01,8 10 34 35 36,,false
lotto,2025-01-01,3 7 18 23 24 52,26,false
lotto-plus-1,2025-01-01,23 32 38 39 46 50,7,false
daily-lotto,2025-01-02,2 8 16 32 33,,false
daily-lotto,2025-01-03,1 6 27 29 36,,false
powerball,2025-01-03,6 9 10 25 47,1,false
powerball-plus,2025-01-03,1 10 12 34 37,17,false
daily-lotto,2025-01-04,12 25 27 30 35,,false
lotto,2025-01-04,3 22 23 25 33 52,19,false
lotto-plus-1,2025-01-04,2 7 20 26 29 38,39,false
daily-lotto,2025-01-05,3 5 9 12 28,,false
daily-lotto,2025-01-06,6 13 21 31 33,,false
daily-lotto,2025-01-07,15 19 20 23 34,,false
powerball,2025-01-07,9 12 27 39 42,18,false
powerball-plus,2025-01-07,19 31 37 42 43,6,false
daily-lotto,2025-01-08,2 7 13 20 32,,false
lotto,2025-01-08,16 22 24 34 38 49,35,false
lotto-plus-1,2025-01-08,4 8 9 10 30 38,51,false
daily-lotto,2025-01-09,6 7 23 24 27,,false
daily-lotto,2025-01-10,7 12 14 16 20,,false
powerball,2025-01-10,10 14 33 44 47,2,false
powerball-plus,2025-01-10,1 11 18 23 37,3,false
daily-lotto,2025-01-11,9 12 17 28 35,,false
lotto,2025-01-11,1 10 20 22 37 42,23,false
lotto-plus-1,2025-01-11,1 6 26 34 38 48,36,false
daily-lotto,2025-01-12,7 12 20 33 34,,false
daily-lotto,2025-01-13,3 11 16 21 29,,false
daily-lotto,2025-01-14,1 6 12 13 15,,false
powerball,2025-01-14,20 23 30 34 44,7,false
powerball-plus,2025-01-14,1 14 17 31 49,2,false
daily-lotto,2025-01-15,2 3 12 18 33,,false
lotto,2025-01-15,4 9 10 35 37 41,39,false
lotto-plus-1,2025-01-15,1 12 21 24 25 35,31,false
daily-lotto,2025-01-16,13 24 26 27 28,,false
daily-lotto,2025-01-17,11 14 18 26 31,,false
powerball,2025-01-17,4 11 27 39 40,8,false
powerball-plus,2025-01-17,2 16 19 27 42,17,false
daily-lotto,2025-01-18,9 10 11 14 20,,false
lotto,2025-01-18,13 20 25 33 38 40,44,false
lotto-plus-1,2025-01-18,2 7 9 23 46 48,5,false
daily-lotto,2025-01-19,7 13 15 23 32,,false
daily-lotto,2025-01-20,5 6 8 23 28,,false
daily-lotto,2025-01-21,5 20 22 23 32,,false
powerball,2025-01-21,1 2 15 23 37,4,false
powerball-plus,2025-01-21,17 38 45 46 50,16,false
daily-lotto,2025-01-22,11 25 29 31 33,,false
lotto,2025-01-22,6 9 23 45 46 48,12,false
lotto-plus-1,2025-01-22,5 13 25 34 44 50,33,false
daily-lotto,2025-01-23,7 9 17 18 28,,false
daily-lotto,2025-01-24,14 27 29 30 33,,false
powerball,2025-01-24,12 15 24 43 49,18,false
powerball-plus,2025-01-24,10 16 20 41 49,7,false
daily-lotto,2025-01-25,2 3 4 22 28,,false
lotto,2025-01-25,23 26 28 29 39 51,45,false
lotto-plus-1,2025-01-25,1 21 27 28 43 49,25,false
daily-lotto,2025-01-26,1 13 17 34 35,,false
daily-lotto,2025-01-27,2 4 5 17 34,,false
daily-lotto,2025-01-28,9 20 27 28 33,,false
powerball,2025-01-28,17 21 26 42 43,14,false
powerball-plus,2025-01-28,6 8 13 37 45,7,false
daily-lotto,2025-01-29,10 14 28 29 33,,false
lotto,2025-01-29,6 11 13 24 32 44,14,false
lotto-plus-1,2025-01-29,4 6 13 21 37 44,27,false
daily-lotto,2025-01-30,2 9 24 35 36,,false
daily-lotto,2025-01-31,1 3 8 26 28,,false
powerball,2025-01-31,3 27 36 40 47,15,false
powerball-plus,2025-01-31,14 26 36 42 49,16,false
daily-lotto,2025-02-01,4 6 14 28 35,,false
lotto,2025-02-01,14 15 26 41 42 52,36,false
lotto-plus-1,2025-02-01,4 8 14 17 24 29,26,false
daily-lotto,2025-02-02,14 19 26 31 35,,false
daily-lotto,2025-02-03,3 7 8 10 28,,false
daily-lotto,2025-02-04,13 15 23 25 36,,false
powerball,2025-02-04,19 23 27 41 49,8,false
powerball-plus,2025-02-04,7 19 22 42 47,4,false
daily-lotto,2025-02-05,8 17 19 29 35,,false
lotto,2025-02-05,5 7 18 28 30 42,1,false
lotto-plus-1,2025-02-05,8 14 21 32 37 49,27,false
daily-lotto,2025-02-06,6 14 19 25 30,,false
daily-lotto,2025-02-07,2 3 4 21 26,,false
powerball,2025-02-07,7 30 34 42 49,1,false
powerball-plus,2025-02-07,2 11 14 22 41,9,false
daily-lotto,2025-02-08,10 15 17 20 23,,false
lotto,2025-02-08,1 4 14 17 20 34,50,false
lotto-plus-1,2025-02-08,1 15 28 30 33 50,21,false
daily-lotto,2025-02-09,1 9 27 31 33,,false
daily-lotto,2025-02-10,9 15 18 21 26,,false
daily-lotto,2025-02-11,1 26 27 29 33,,false
powerball,2025-02-11,7 15 21 23 33,13,false
powerball-plus,2025-02-11,3 8 19 29 46,19,false
daily-lotto,2025-02-12,1 3 8 11 27,,false
lotto,2025-02-12,3 9 23 41 42 48,39,false
lotto-plus-1,2025-02-12,7 8 16 40 42 49,3,false
daily-lotto,2025-02-13,16 18 19 21 23,,false
daily-lotto,2025-02-14,1 5 10 27 31,,false
powerball,2025-02-14,2 8 25 37 44,18,false
powerball-plus,2025-02-14,7 20 21 35 45,10,false
daily-lotto,2025-02-15,2 6 17 28 34,,false
lotto,2025-02-15,5 9 25 39 41 50,24,false
lotto-plus-1,2025-02-15,3 14 20 30 35 42,6,false
daily-lotto,2025-02-16,7 16 24 26 30,,false
daily-lotto,2025-02-17,18 19 20 33 34,,false
daily-lotto,2025-02-18,2 4 17 21 28,,false
powerball,2025-02-18,16 19 34 36 43,16,false
powerball-plus,2025-02-18,4 12 24 40 49,4,false
daily-lotto,2025-02-19,4 12 17 25 33,,false
lotto,2025-02-19,11 13 32 43 50 51,16,false
lotto-plus-1,2025-02-19,8 21 22 39 47 52,19,false
daily-lotto,2025-02-20,3 6 25 26 35,,false
daily-lotto,2025-02-21,12 15 17 22 27,,false
powerball,2025-02-21,2 3 15 17 42,5,false
powerball-plus,2025-02-21,16 21 30 34 47,18,false
daily-lotto,2025-02-22,3 7 9 24 30,,false
lotto,2025-02-22,4 7 12 13 24 51,49,false
lotto-plus-1,2025-02-22,13 16 36 49 51 52,42,false
daily-lotto,2025-02-23,12 22 27 32 36,,false
daily-lotto,2025-02-24,2 6 30 32 36,,false
daily-lotto,2025-02-25,2 13 20 34 36,,false
powerball,2025-02-25,18 23 27 34 44,18,false
powerball-plus,2025-02-25,2 20 28 34 45,3,false
daily-lotto,2025-02-26,3 18 25 34 36,,false
lotto,2025-02-26,27 36 38 44 45 47,41,false
lotto-plus-1,2025-02-26,6 17 23 28 36 49,51,false
daily-lotto,2025-02-27,4 13 20 31 32,,false
daily-lotto,2025-02-28,9 16 19 30 33,,false
powerball,2025-02-28,11 19 20 21 44,6,false
powerball-plus,2025-02-28,4 6 15 20 50,3,false
daily-lotto,2025-03-01,5 22 23 25 29,,false
lotto,2025-03-01,8 12 20 22 49 50,10,false
lotto-plus-1,2025-03-01,2 3 10 20 27 44,8,false
daily-lotto,2025-03-02,4 13 23 30 36,,false
daily-lotto,2025-03-03,16 18 19 22 24,,false
daily-lotto,2025-03-04,14 16 21 23 27,,false
powerball,2025-03-04,20 23 35 43 50,15,false
powerball-plus,2025-03-04,2 4 5 19 31,15,false
daily-lotto,2025-03-05,1 3 8 16 36,,false
lotto,2025-03-05,2 8 37 45 48 51,24,false
lotto-plus-1,2025-03-05,33 36 38 40 46 49,39,false
daily-lotto,2025-03-06,1 9 14 16 27,,false
daily-lotto,2025-03-07,6 16 22 30 36,,false
powerball,2025-03-07,12 13 16 28 46,3,false
powerball-plus,2025-03-07,15 16 37 43 44,11,false
daily-lotto,2025-03-08,6 7 20 33 35,,false
lotto,2025-03-08,7 19 23 27 31 52,10,false
lotto-plus-1,2025-03-08,6 9 18 22 25 27,14,false
daily-lotto,2025-03-09,5 12 19 32 36,,false
daily-lotto,2025-03-10,1 6 10 12 21,,false
daily-lotto,2025-03-11,6 9 10 16 31,,false
powerball,2025-03-11,8 28 30 44 48,2,false
powerball-plus,2025-03-11,2 9 19 22 24,19,false
daily-lotto,2025-03-12,15 18 19 30 34,,false
lotto,2025-03-12,7 12 24 32 39 48,9,false
lotto-plus-1,2025-03-12,10 15 17 27 29 47,31,false
daily-lotto,2025-03-13,12 25 29 32 33,,false
daily-lotto,2025-03-14,16 17 27 33 35,,false
powerball,2025-03-14,7 32 38 45 46,2,false
powerball-plus,2025-03-14,4 7 11 24 39,3,false
daily-lotto,2025-03-15,9 17 23 29 36,,false
lotto,2025-03-15,6 23 24 34 47 49,18,false
lotto-plus-1,2025-03-15,3 26 33 38 39 41,28,false
daily-lotto,2025-03-16,4 12 21 25 30,,false
daily-lotto,2025-03-17,3 7 23 34 35,,false
daily-lotto,2025-03-18,4 23 25 27 33,,false
powerball,2025-03-18,15 22 29 35 43,10,false
powerball-plus,2025-03-18,2 26 30 42 47,3,false
daily-lotto,2025-03-19,8 18 26 29 35,,false
lotto,2025-03-19,2 3 17 27 29 37,12,false
lotto-plus-1,2025-03-19,4 7 18 21 39 42,27,false
daily-lotto,2025-03-20,1 4 10 19 22,,false
daily-lotto,2025-03-21,2 6 13 21 36,,false
powerball,2025-03-21,9 16 24 32 50,19,false
powerball-plus,2025-03-21,14 23 31 33 38,7,false
daily-lotto,2025-03-22,8 13 14 23 24,,false
lotto,2025-03-22,3 12 16 18 31 51,2,false
lotto-plus-1,2025-03-22,16 25 32 39 45 52,40,false
daily-lotto,2025-03-23,5 9 11 25 27,,false
daily-lotto,2025-03-24,5 7 13 17 28,,false
daily-lotto,2025-03-25,11 15 21 27 35,,false
powerball,2025-03-25,22 32 38 39 40,10,false
powerball-plus,2025-03-25,2 5 32 40 45,9,false
daily-lotto,2025-03-26,1 3 4 8 12,,false
lotto,2025-03-26,12 18 21 25 27 38,31,false
lotto-plus-1,2025-03-26,1 16 19 24 31 44,51,false
daily-lotto,2025-03-27,5 8 11 22 23,,false
daily-lotto,2025-03-28,5 6 11 16 30,,false
powerball,2025-03-28,1 6 13 14 35,3,false
powerball-plus,2025-03-28,13 14 29 48 49,18,false
daily-lotto,2025-03-29,4 7 16 19 26,,false
lotto,2025-03-29,11 18 28 36 46 48,22,false
lotto-plus-1,2025-03-29,1 16 18 26 29 36,24,false
daily-lotto,2025-03-30,3 12 14 20 28,,false
daily-lotto,2025-03-31,5 10 16 31 35,,false
daily-lotto,2025-04-01,20 24 27 31 32,,false
powerball,2025-04-01,1 6 12 13 36,7,false
powerball-plus,2025-04-01,13 17 27 37 50,12,false
daily-lotto,2025-04-02,7 9 11 24 26,,false
lotto,2025-04-02,6 7 22 29 44 50,4,false
lotto-plus-1,2025-04-02,5 16 27 32 36 44,51,false
daily-lotto,2025-04-03,15 17 23 34 35,,false
daily-lotto,2025-04-04,2 13 14 17 29,,false
powerball,2025-04-04,8 20 35 36 38,2,false
powerball-plus,2025-04-04,2 3 10 14 33,18,false
daily-lotto,2025-04-05,2 17 19 28 31,,false
lotto,2025-04-05,7 11 34 37 39 42,44,false
lotto-plus-1,2025-04-05,4 9 18 20 38 39,47,false
daily-lotto,2025-04-06,1 8 15 24 33,,false
daily-lotto,2025-04-07,10 13 17 32 34,,false
daily-lotto,2025-04-08,2 4 17 26 30,,false
powerball,2025-04-08,1 16 23 37 42,6,false
powerball-plus,2025-04-08,29 31 41 46 47,13,false
daily-lotto,2025-04-09,3 5 15 24 32,,false
lotto,2025-04-09,3 5 27 45 49 50,20,false
lotto-plus-1,2025-04-09,1 18 30 40 50 51,49,false
daily-lotto,2025-04-10,2 7 9 12 17,,false
daily-lotto,2025-04-11,3 10 13 25 28,,false
powerball,2025-04-11,5 12 14 22 48,18,false
powerball-plus,2025-04-11,9 14 25 28 36,10,false
daily-lotto,2025-04-12,2 14 17 27 35,,false
lotto,2025-04-12,3 9 16 17 31 48,36,false
lotto-plus-1,2025-04-12,9 15 20 25 29 44,16,false
daily-lotto,2025-04-13,21 24 25 35 36,,false
daily-lotto,2025-04-14,5 7 19 25 31,,false
daily-lotto,2025-04-15,3 8 12 26 33,,false
powerball,2025-04-15,19 24 38 40 41,2,false
powerball-plus,2025-04-15,5 13 31 42 46,6,false
daily-lotto,2025-04-16,9 13 17 23 33,,false
lotto,2025-04-16,9 16 20 23 26 51,29,false
lotto-plus-1,2025-04-16,3 6 13 28 47 48,15,false
daily-lotto,2025-04-17,2 10 12 20 28,,false
daily-lotto,2025-04-18,2 3 9 28 31,,false
powerball,2025-04-18,15 17 22 33 45,12,false
powerball-plus,2025-04-18,4 10 15 29 43,16,false
daily-lotto,2025-04-19,1 7 9 23 24,,false
lotto,2025-04-19,6 9 11 33 38 52,32,false
lotto-plus-1,2025-04-19,10 16 20 24 28 37,12,false
daily-lotto,2025-04-20,10 25 27 32 34,,false
daily-lotto,2025-04-21,13 15 17 28 33,,false
daily-lotto,2025-04-22,9 11 21 22 29,,false
powerball,2025-04-22,18 32 33 38 43,9,false
powerball-plus,2025-04-22,6 25 41 42 46,18,false
daily-lotto,2025-04-23,1 3 5 25 30,,false
lotto,2025-04-23,1 5 22 31 34 44,33,false
lotto-plus-1,2025-04-23,3 12 21 30 39 45,31,false
daily-lotto,2025-04-24,27 28 32 34 35,,false
daily-lotto,2025-04-25,4 7 21 27 30,,false
powerball,2025-04-25,5 9 13 46 47,11,false
powerball-plus,2025-04-25,3 4 35 37 38,10,false
daily-lotto,2025-04-26,3 15 21 27 33,,false
lotto,2025-04-26,18 20 28 30 31 36,49,false
lotto-plus-1,2025-04-26,4 6 21 22 36 43,9,false
daily-lotto,2025-04-27,11 14 17 21 24,,false
daily-lotto,2025-04-28,1 4 13 28 35,,false
daily-lotto,2025-04-29,4 9 11 14 30,,false
powerball,2025-04-29,5 14 32 33 45,13,false
powerball-plus,2025-04-29,11 14 18 36 43,14,false
daily-lotto,2025-04-30,3 10 18 22 25,,false
lotto,2025-04-30,8 19 20 31 45 52,3,false
lotto-plus-1,2025-04-30,9 17 19 40 47 51,8,false
daily-lotto,2025-05-01,3 19 22 25 35,,false
daily-lotto,2025-05-02,4 11 13 19 24,,false
powerball,2025-05-02,2 6 17 37 47,9,false
powerball-plus,2025-05-02,21 22 26 38 43,12,false
daily-lotto,2025-05-03,4 6 24 26 28,,false
lotto,2025-05-03,4 5 7 10 11 41,2,false
lotto-plus-1,2025-05-03,12 16 17 19 29 38,42,false
daily-lotto,2025-05-04,14 20 26 31 35,,false
daily-lotto,2025-05-05,2 13 15 27 35,,false
daily-lotto,2025-05-06,3 6 7 14 27,,false
powerball,2025-05-06,19 20 32 35 37,19,false
powerball-plus,2025-05-06,4 6 27 30 44,9,false
daily-lotto,2025-05-07,2 4 7 8 27,,false
lotto,2025-05-07,9 10 27 30 31 45,23,false
lotto-plus-1,2025-05-07,20 30 31 35 37 39,21,false
daily-lotto,2025-05-08,18 23 27 32 35,,false
daily-lotto,2025-05-09,1 2 11 15 26,,false
powerball,2025-05-09,5 6 14 38 50,10,false
powerball-plus,2025-05-09,7 27 34 44 47,4,false
daily-lotto,2025-05-10,9 19 21 23 28,,false
lotto,2025-05-10,3 13 18 24 30 31,25,false
lotto-plus-1,2025-05-10,1 17 18 20 36 42,37,false
daily-lotto,2025-05-11,2 18 19 20 21,,false
daily-lotto,2025-05-12,1 4 16 31 36,,false
daily-lotto,2025-05-13,1 5 19 31 35,,false
powerball,2025-05-13,11 21 29 37 39,12,false
powerball-plus,2025-05-13,1 5 26 28 43,11,false
daily-lotto,2025-05-14,2 3 17 34 35,,false
lotto,2025-05-14,9 18 19 30 31 40,28,false
lotto-plus-1,2025-05-14,21 25 31 41 42 50,48,false
daily-lotto,2025-05-15,2 3 6 12 15,,false
daily-lotto,2025-05-16,1 18 19 31 32,,false
powerball,2025-05-16,9 16 20 28 39,19,false
powerball-plus,2025-05-16,4 10 30 48 49,8,false
daily-lotto,2025-05-17,1 4 6 8 13,,false
lotto,2025-05-17,12 28 29 38 46 49,25,false
lotto-plus-1,2025-05-17,7 8 12 26 27 49,34,false
daily-lotto,2025-05-18,9 16 19 21 33,,false
daily-lotto,2025-05-19,7 10 16 24 35,,false
daily-lotto,2025-05-20,13 16 28 29 30,,false
powerball,2025-05-20,13 26 31 32 47,18,false
powerball-plus,2025-05-20,1 17 23 32 48,16,false
daily-lotto,2025-05-21,1 11 13 18 30,,false
lotto,2025-05-21,6 17 25 29 38 46,20,false
lotto-plus-1,2025-05-21,17 35 41 43 50 52,8,false
daily-lotto,2025-05-22,1 6 23 26 33,,false
daily-lotto,2025-05-23,2 3 12 15 20,,false
powerball,2025-05-23,1 17 18 27 49,15,false
powerball-plus,2025-05-23,14 17 33 43 46,2,false
daily-lotto,2025-05-24,4 15 27 34 35,,false
lotto,2025-05-24,3 7 29 33 37 46,43,false
lotto-plus-1,2025-05-24,2 8 11 17 19 39,9,false
daily-lotto,2025-05-25,1 4 11 20 24,,false
daily-lotto,2025-05-26,5 7 14 15 16,,false
daily-lotto,2025-05-27,1 8 9 24 36,,false
powerball,2025-05-27,13 22 33 38 50,15,false
powerball-plus,2025-05-27,6 14 19 28 41,3,false
daily-lotto,2025-05-28,3 12 13 15 27,,false
lotto,2025-05-28,1 2 3 18 29 32,14,false
lotto-plus-1,2025-05-28,9 18 23 27 42 49,15,false
daily-lotto,2025-05-29,2 3 7 18 21,,false
daily-lotto,2025-05-30,9 11 13 22 25,,false
powerball,2025-05-30,10 13 34 43 46,1,false
powerball-plus,2025-05-30,6 14 19 31 49,7,false
daily-lotto,2025-05-31,6 12 23 24 35,,false
lotto,2025-05-31,8 19 26 31 46 49,4,false
lotto-plus-1,2025-05-31,15 17 25 28 49 51,50,false
daily-lotto,2025-06-01,15 16 21 25 29,,false
daily-lotto,2025-06-02,9 18 23 24 35,,false
daily-lotto,2025-06-03,1 3 13 22 30,,false
powerball,2025-06-03,5 26 40 47 50,14,false
powerball-plus,2025-06-03,16 30 37 38 39,4,false
daily-lotto,2025-06-04,2 10 11 12 26,,false
lotto,2025-06-04,8 24 32 34 36 52,26,false
lotto-plus-1,2025-06-04,7 17 31 39 40 43,13,false
daily-lotto,2025-06-05,7 15 22 27 35,,false
daily-lotto,2025-06-06,4 7 12 22 29,,false
powerball,2025-06-06,9 24 34 41 44,2,false
powerball-plus,2025-06-06,27 29 30 43 46,20,false
daily-lotto,2025-06-07,2 7 13 26 33,,false
lotto,2025-06-07,1 16 36 40 42 50,6,false
lotto-plus-1,2025-06-07,8 12 18 20 30 51,15,false
daily-lotto,2025-06-08,6 18 19 20 32,,false
daily-lotto,2025-06-09,3 11 18 32 35,,false
daily-lotto,2025-06-10,3 12 15 29 36,,false
powerball,2025-06-10,5 11 23 29 48,1,false
powerball-plus,2025-06-10,11 20 21 37 50,8,false
daily-lotto,2025-06-11,4 11 14 31 32,,false
lotto,2025-06-11,16 32 35 38 43 46,50,false
lotto-plus-1,2025-06-11,4 10 15 24 28 31,7,false
daily-lotto,2025-06-12,4 19 21 23 31,,false
daily-lotto,2025-06-13,2 15 18 20 35,,false
powerball,2025-06-13,1 21 34 46 47,12,false
powerball-plus,2025-06-13,13 15 16 27 43,18,false
daily-lotto,2025-06-14,4 5 13 19 30,,false
lotto,2025-06-14,5 8 17 18 29 35,50,false
lotto-plus-1,2025-06-14,19 20 27 42 43 51,36,false
daily-lotto,2025-06-15,9 11 14 20 31,,false
daily-lotto,2025-06-16,1 3 8 16 21,,false
daily-lotto,2025-06-17,10 21 27 30 35,,false
powerball,2025-06-17,5 23 26 38 43,4,false
powerball-plus,2025-06-17,11 18 26 29 38,16,false
daily-lotto,2025-06-18,3 13 19 26 27,,false
lotto,2025-06-18,10 13 27 30 38 39,16,false
lotto-plus-1,2025-06-18,1 13 27 28 41 51,8,false
daily-lotto,2025-06-19,17 20 21 33 34,,false
daily-lotto,2025-06-20,2 4 18 20 36,,false
powerball,2025-06-20,22 23 25 29 42,8,false
powerball-plus,2025-06-20,3 32 37 42 50,3,false
daily-lotto,2025-06-21,3 7 20 24 27,,false
lotto,2025-06-21,1 28 32 39 41 48,4,false
lotto-plus-1,2025-06-21,10 14 31 48 50 52,34,false
daily-lotto,2025-06-22,10 13 27 32 35,,false
daily-lotto,2025-06-23,4 5 12 19 27,,false
daily-lotto,2025-06-24,8 17 25 31 35,,false
powerball,2025-06-24,2 22 27 36 39,19,false
powerball-plus,2025-06-24,1 7 14 18 20,18,false
daily-lotto,2025-06-25,2 3 13 26 28,,false
lotto,2025-06-25,16 17 18 41 45 46,5,false
lotto-plus-1,2025-06-25,19 24 26 45 46 52,29,false
daily-lotto,2025-06-26,11 14 18 33 35,,false
daily-lotto,2025-06-27,9 19 28 31 33,,false
powerball,2025-06-27,11 23 32 41 47,17,false
powerball-plus,2025-06-27,10 11 16 32 40,1,false
daily-lotto,2025-06-28,7 11 31 33 35,,false
lotto,2025-06-28,1 13 18 20 47 50,27,false
lotto-plus-1,2025-06-28,16 25 30 41 45 47,7,false
daily-lotto,2025-06-29,7 9 11 21 22,,false
daily-lotto,2025-06-30,6 12 19 20 28,,false
daily-lotto,2025-07-01,11 21 28 30 32,,false
powerball,2025-07-01,8 9 26 30 31,8,false
powerball-plus,2025-07-01,2 3 5 20 41,9,false
daily-lotto,2025-07-02,11 16 26 28 36,,false
lotto,2025-07-02,8 11 26 35 44 45,41,false
lotto-plus-1,2025-07-02,8 11 19 26 38 52,15,false
daily-lotto,2025-07-03,3 5 15 18 33,,false
daily-lotto,2025-07-04,10 22 26 32 35,,false
powerball,2025-07-04,15 16 22 30 32,7,false
powerball-plus,2025-07-04,9 14 28 39 49,10,false
daily-lotto,2025-07-05,4 9 18 24 30,,false
lotto,2025-07-05,8 14 29 30 49 52,23,false
lotto-plus-1,2025-07-05,2 7 19 31 36 50,45,false
daily-lotto,2025-07-06,5 7 11 32 33,,false
daily-lotto,2025-07-07,1 3 22 28 33,,false
daily-lotto,2025-07-08,2 20 28 31 33,,false
powerball,2025-07-08,14 19 37 44 48,17,false
powerball-plus,2025-07-08,5 9 16 20 32,10,false
daily-lotto,2025-07-09,4 10 12 32 35,,false
lotto,2025-07-09,1 8 12 13 31 35,49,false
lotto-plus-1,2025-07-09,3 6 14 16 30 51,37,false
daily-lotto,2025-07-10,3 9 20 24 27,,false
daily-lotto,2025-07-11,6 8 14 22 36,,false
powerball,2025-07-11,1 7 8 15 20,15,false
powerball-plus,2025-07-11,8 11 13 20 48,14,false
daily-lotto,2025-07-12,4 13 17 25 32,,false
lotto,2025-07-12,5 6 7 15 30 34,2,false
lotto-plus-1,2025-07-12,2 10 33 40 44 52,16,false
daily-lotto,2025-07-13,1 5 13 23 24,,false
daily-lotto,2025-07-14,6 17 26 29 32,,false
daily-lotto,2025-07-15,16 18 24 26 30,,false
powerball,2025-07-15,5 21 26 28 39,6,false
powerball-plus,2025-07-15,1 12 16 41 50,2,false
daily-lotto,2025-07-16,5 10 20 22 30,,false
lotto,2025-07-16,8 10 27 44 45 48,26,false
lotto-plus-1,2025-07-16,1 2 5 22 31 44,26,false
daily-lotto,2025-07-17,4 5 7 28 36,,false
daily-lotto,2025-07-18,2 15 17 19 33,,false
powerball,2025-07-18,10 15 26 31 41,5,false
powerball-plus,2025-07-18,4 5 9 29 38,15,false
daily-lotto,2025-07-19,3 6 8 11 19,,false
lotto,2025-07-19,2 8 11 13 36 46,30,false
lotto-plus-1,2025-07-19,3 8 20 29 32 52,15,false
daily-lotto,2025-07-20,6 24 28 31 36,,false
daily-lotto,2025-07-21,1 3 17 19 29,,false
daily-lotto,2025-07-22,2 14 17 20 31,,false
powerball,2025-07-22,3 8 10 27 49,1,false
powerball-plus,2025-07-22,5 7 9 18 20,1,false
daily-lotto,2025-07-23,6 13 15 19 30,,false
lotto,2025-07-23,5 8 15 17 40 52,4,false
lotto-plus-1,2025-07-23,5 17 24 32 48 49,38,false
daily-lotto,2025-07-24,10 14 27 29 31,,false
daily-lotto,2025-07-25,2 6 28 30 34,,false
powerball,2025-07-25,3 29 35 39 42,5,false
powerball-plus,2025-07-25,3 7 17 25 28,19,false
daily-lotto,2025-07-26,14 16 21 23 29,,false
lotto,2025-07-26,12 16 20 22 27 52,21,false
lotto-plus-1,2025-07-26,4 7 23 28 44 46,18,false
daily-lotto,2025-07-27,14 17 25 28 32,,false
daily-lotto,2025-07-28,10 22 23 33 36,,false
daily-lotto,2025-07-29,12 14 26 27 28,,false
powerball,2025-07-29,4 17 20 24 30,19,false
powerball-plus,2025-07-29,2 24 27 30 34,15,false
daily-lotto,2025-07-30,3 10 12 15 20,,false
lotto,2025-07-30,6 27 29 34 47 50,15,false
lotto-plus-1,2025-07-30,2 9 24 27 38 48,34,false
daily-lotto,2025-07-31,5 9 14 21 24,,false
daily-lotto,2025-08-01,9 14 20 25 27,,false
powerball,2025-08-01,5 31 33 34 40,13,false
powerball-plus,2025-08-01,1 17 21 23 34,17,false
daily-lotto,2025-08-02,4 5 12 19 27,,false
lotto,2025-08-02,6 16 25 30 50 51,35,false
lotto-plus-1,2025-08-02,7 9 13 25 47 49,50,false
daily-lotto,2025-08-03,5 6 10 19 22,,false
daily-lotto,2025-08-04,5 6 7 17 22,,false
daily-lotto,2025-08-05,1 10 13 24 25,,false
powerball,2025-08-05,10 32 34 40 48,14,false
powerball-plus,2025-08-05,1 2 7 43 45,2,false
daily-lotto,2025-08-06,2 4 11 29 35,,false
lotto,2025-08-06,3 5 18 26 31 49,22,false
lotto-plus-1,2025-08-06,3 8 19 24 45 52,31,false
daily-lotto,2025-08-07,14 15 30 33 35,,false
daily-lotto,2025-08-08,3 4 13 15 19,,false
powerball,2025-08-08,13 26 39 41 48,18,false
powerball-plus,2025-08-08,22 25 26 30 50,17,false
daily-lotto,2025-08-09,4 10 15 29 30,,false
lotto,2025-08-09,4 15 38 39 41 51,33,false
lotto-plus-1,2025-08-09,8 21 32 33 37 38,40,false
daily-lotto,2025-08-10,2 16 18 22 28,,false
daily-lotto,2025-08-11,10 12 26 29 34,,false
daily-lotto,2025-08-12,2 3 8 14 34,,false
powerball,2025-08-12,8 10 20 41 48,4,false
powerball-plus,2025-08-12,1 2 16 25 34,6,false
daily-lotto,2025-08-13,3 14 15 19 31,,false
lotto,2025-08-13,2 4 19 34 38 50,49,false
lotto-plus-1,2025-08-13,4 8 22 39 42 47,18,false
daily-lotto,2025-08-14,12 16 19 21 29,,false
daily-lotto,2025-08-15,14 15 24 26 35,,false
powerball,2025-08-15,4 11 19 32 33,12,false
powerball-plus,2025-08-15,9 22 25 33 42,3,false
daily-lotto,2025-08-16,5 9 18 23 26,,false
lotto,2025-08-16,2 15 17 22 23 50,19,false
lotto-plus-1,2025-08-16,14 23 24 34 38 41,3,false
daily-lotto,2025-08-17,5 19 26 29 30,,false
daily-lotto,2025-08-18,10 12 18 25 30,,false
daily-lotto,2025-08-19,4 8 13 17 20,,false
powerball,2025-08-19,2 10 22 27 40,17,false
powerball-plus,2025-08-19,7 15 19 27 30,4,false
daily-lotto,2025-08-20,7 14 17 22 25,,false
lotto,2025-08-20,2 14 16 19 41 43,45,false
lotto-plus-1,2025-08-20,10 13 16 29 30 35,7,false
daily-lotto,2025-08-21,8 12 18 29 31,,false
daily-lotto,2025-08-22,11 14 17 22 27,,false
powerball,2025-08-22,4 10 27 37 50,18,false
powerball-plus,2025-08-22,1 2 7 14 44,5,false
daily-lotto,2025-08-23,8 19 21 25 31,,false
lotto,2025-08-23,10 14 22 31 32 49,39,false
lotto-plus-1,2025-08-23,13 16 26 36 37 51,10,false
daily-lotto,2025-08-24,4 6 7 11 25,,false
daily-lotto,2025-08-25,8 10 11 25 26,,false
daily-lotto,2025-08-26,7 10 15 27 36,,false
powerball,2025-08-26,13 19 24 44 50,15,false
powerball-plus,2025-08-26,3 5 24 32 47,17,false
daily-lotto,2025-08-27,1 3 12 20 27,,false
lotto,2025-08-27,3 11 17 28 44 52,48,false
lotto-plus-1,2025-08-27,21 24 25 28 31 35,18,false
daily-lotto,2025-08-28,7 12 14 21 30,,false
daily-lotto,2025-08-29,1 4 9 13 16,,false
powerball,2025-08-29,12 14 29 45 50,15,false
powerball-plus,2025-08-29,15 17 26 34 38,13,false
daily-lotto,2025-08-30,7 8 14 16 29,,false
lotto,2025-08-30,8 25 29 36 46 51,20,false
lotto-plus-1,2025-08-30,20 21 30 40 47 52,10,false
daily-lotto,2025-08-31,3 8 13 27 35,,false
daily-lotto,2025-09-01,2 9 16 24 27,,false
daily-lotto,2025-09-02,3 4 14 17 32,,false
powerball,2025-09-02,20 31 33 34 50,6,false
powerball-plus,2025-09-02,5 9 15 21 32,17,false
daily-lotto,2025-09-03,3 11 17 27 33,,false
lotto,2025-09-03,17 25 26 30 44 48,38,false
lotto-plus-1,2025-09-03,20 31 36 46 49 50,51,false
daily-lotto,2025-09-04,10 12 22 23 29,,false
daily-lotto,2025-09-05,7 9 13 17 21,,false
powerball,2025-09-05,22 30 33 35 38,20,false
powerball-plus,2025-09-05,5 9 19 25 43,8,false
daily-lotto,2025-09-06,19 22 27 29 33,,false
lotto,2025-09-06,3 12 28 39 41 50,42,false
lotto-plus-1,2025-09-06,4 15 25 30 38 42,24,false
daily-lotto,2025-09-07,1 2 14 17 34,,false
daily-lotto,2025-09-08,6 8 12 14 35,,false
daily-lotto,2025-09-09,15 16 21 23 36,,false
powerball,2025-09-09,21 28 40 43 45,13,false
powerball-plus,2025-09-09,8 15 17 22 32,1,false
daily-lotto,2025-09-10,2 3 7 23 35,,false
lotto,2025-09-10,19 26 28 35 37 46,3,false
lotto-plus-1,2025-09-10,12 14 15 43 49 51,42,false
daily-lotto,2025-09-11,1 13 21 26 32,,false
daily-lotto,2025-09-12,7 10 28 30 34,,false
powerball,2025-09-12,17 23 25 26 37,18,false
powerball-plus,2025-09-12,4 9 30 38 50,17,false
daily-lotto,2025-09-13,7 9 20 26 30,,false
lotto,2025-09-13,12 20 21 22 28 33,42,false
lotto-plus-1,2025-09-13,8 28 35 40 42 48,50,false
daily-lotto,2025-09-14,3 11 28 29 35,,false
daily-lotto,2025-09-15,5 11 15 16 25,,false
daily-lotto,2025-09-16,4 12 14 18 26,,false
powerball,2025-09-16,22 24 26 33 35,7,false
powerball-plus,2025-09-16,5 13 15 30 39,13,false
daily-lotto,2025-09-17,5 25 27 29 33,,false
lotto,2025-09-17,12 18 23 27 38 52,48,false
lotto-plus-1,2025-09-17,17 20 21 29 39 43,47,false
daily-lotto,2025-09-18,3 11 13 25 32,,false
daily-lotto,2025-09-19,9 16 20 26 35,,false
powerball,2025-09-19,2 16 24 41 47,19,false
powerball-plus,2025-09-19,4 18 34 42 50,13,false
daily-lotto,2025-09-20,1 3 8 16 27,,false
lotto,2025-09-20,4 5 14 21 34 52,46,false
lotto-plus-1,2025-09-20,13 21 33 40 45 50,12,false
daily-lotto,2025-09-21,2 11 14 21 26,,false
daily-lotto,2025-09-22,2 5 6 11 25,,false
daily-lotto,2025-09-23,14 15 16 31 35,,false
powerball,2025-09-23,10 23 32 43 45,18,false
powerball-plus,2025-09-23,10 14 25 42 50,18,false
daily-lotto,2025-09-24,10 18 28 31 32,,false
lotto,2025-09-24,16 23 32 42 49 58,55,false
lotto-plus-1,2025-09-24,4 14 18 20 27 55,40,false
daily-lotto,2025-09-25,7 9 16 22 34,,false
daily-lotto,2025-09-26,12 17 28 29 36,,false
powerball,2025-09-26,3 13 19 24 40,12,false
powerball-plus,2025-09-26,7 14 40 41 45,7,false
daily-lotto,2025-09-27,2 16 17 21 30,,false
lotto,2025-09-27,7 12 14 32 37 52,5,false
lotto-plus-1,2025-09-27,2 12 15 27 34 40,53,false
daily-lotto,2025-09-28,6 13 22 23 26,,false
daily-lotto,2025-09-29,4 11 20 25 31,,false
daily-lotto,2025-09-30,11 22 26 28 34,,false
powerball,2025-09-30,14 22 25 37 46,4,false
powerball-plus,2025-09-30,1 10 23 25 44,13,false
daily-lotto,2025-10-01,1 20 24 26 27,,false
lotto,2025-10-01,5 12 14 20 28 30,16,false
lotto-plus-1,2025-10-01,10 15 17 27 45 48,3,false
daily-lotto,2025-10-02,10 11 14 26 34,,false
daily-lotto,2025-10-03,14 25 26 31 35,,false
powerball,2025-10-03,12 14 33 41 44,10,false
powerball-plus,2025-10-03,16 33 35 37 40,12,false
daily-lotto,2025-10-04,4 11 14 26 28,,false
lotto,2025-10-04,4 8 36 41 43 57,45,false
lotto-plus-1,2025-10-04,11 20 23 27 28 42,21,false
daily-lotto,2025-10-05,2 10 14 20 36,,false
daily-lotto,2025-10-06,5 10 22 27 36,,false
daily-lotto,2025-10-07,2 9 18 27 34,,false
powerball,2025-10-07,13 18 21 23 24,16,false
powerball-plus,2025-10-07,1 14 15 25 39,9,false
daily-lotto,2025-10-08,1 7 22 24 33,,false
lotto,2025-10-08,7 11 29 35 46 56,26,false
lotto-plus-1,2025-10-08,4 12 26 39 40 45,9,false
daily-lotto,2025-10-09,3 9 18 29 36,,false
daily-lotto,2025-10-10,6 7 8 12 28,,false
powerball,2025-10-10,6 10 40 44 50,11,false
powerball-plus,2025-10-10,3 22 27 43 50,7,false
daily-lotto,2025-10-11,1 11 14 16 34,,false
lotto,2025-10-11,23 24 27 33 36 58,18,false
lotto-plus-1,2025-10-11,8 9 13 37 50 56,2,false
daily-lotto,2025-10-12,7 12 16 26 33,,false
daily-lotto,2025-10-13,4 10 21 24 32,,false
daily-lotto,2025-10-14,13 15 16 17 30,,false
powerball,2025-10-14,5 25 31 40 41,20,false
powerball-plus,2025-10-14,2 19 27 29 42,7,false
daily-lotto,2025-10-15,3 6 8 29 34,,false
lotto,2025-10-15,16 17 20 27 49 51,57,false
lotto-plus-1,2025-10-15,28 43 45 53 56 58,33,false
daily-lotto,2025-10-16,8 12 20 33 34,,false
daily-lotto,2025-10-17,7 18 23 28 29,,false
powerball,2025-10-17,18 27 29 32 45,16,false
powerball-plus,2025-10-17,9 22 26 29 49,11,false
daily-lotto,2025-10-18,1 4 12 18 27,,false
lotto,2025-10-18,5 27 33 37 41 58,18,false
lotto-plus-1,2025-10-18,8 25 28 41 51 53,43,false
daily-lotto,2025-10-19,14 17 22 23 27,,false
daily-lotto,2025-10-20,9 15 26 31 35,,false
daily-lotto,2025-10-21,9 15 22 23 27,,false
powerball,2025-10-21,7 10 16 21 30,11,false
powerball-plus,2025-10-21,2 8 12 30 31,2,false
daily-lotto,2025-10-22,1 10 17 19 32,,false
lotto,2025-10-22,8 17 31 40 44 53,48,false
lotto-plus-1,2025-10-22,4 7 23 32 41 46,25,false
daily-lotto,2025-10-23,7 18 20 27 33,,false
daily-lotto,2025-10-24,3 7 16 23 34,,false
powerball,2025-10-24,15 18 24 32 44,20,false
powerball-plus,2025-10-24,12 18 29 31 34,9,false
daily-lotto,2025-10-25,23 28 30 32 33,,false
lotto,2025-10-25,7 27 39 45 48 56,36,false
lotto-plus-1,2025-10-25,9 12 26 32 39 44,50,false
daily-lotto,2025-10-26,2 9 12 23 25,,false
daily-lotto,2025-10-27,1 17 20 22 23,,false
daily-lotto,2025-10-28,5 11 18 20 30,,false
powerball,2025-10-28,2 13 31 32 42,1,false
powerball-plus,2025-10-28,12 13 29 41 47,4,false
daily-lotto,2025-10-29,3 5 24 29 31,,false
lotto,2025-10-29,2 10 22 43 45 53,6,false
lotto-plus-1,2025-10-29,23 34 37 44 45 56,13,false
daily-lotto,2025-10-30,5 11 15 21 34,,false
daily-lotto,2025-10-31,5 10 22 24 36,,false
powerball,2025-10-31,19 24 25 30 49,6,false
powerball-plus,2025-10-31,17 25 28 34 39,20,false
daily-lotto,2025-11-01,8 12 16 22 24,,false
lotto,2025-11-01,1 12 21 24 49 56,44,false
lotto-plus-1,2025-11-01,10 15 18 31 44 46,24,false
daily-lotto,2025-11-02,3 10 15 16 17,,false
daily-lotto,2025-11-03,17 20 24 27 28,,false
daily-lotto,2025-11-04,20 26 27 28 31,,false
powerball,2025-11-04,5 20 22 28 46,1,false
powerball-plus,2025-11-04,17 19 25 27 40,3,false
daily-lotto,2025-11-05,3 4 5 16 17,,false
lotto,2025-11-05,9 13 33 51 55 58,19,false
lotto-plus-1,2025-11-05,12 19 27 34 35 47,26,false
daily-lotto,2025-11-06,8 13 17 31 32,,false
daily-lotto,2025-11-07,7 11 25 32 35,,false
powerball,2025-11-07,7 33 40 41 49,10,false
powerball-plus,2025-11-07,1 8 11 21 42,18,false
daily-lotto,2025-11-08,2 4 16 23 36,,false
lotto,2025-11-08,9 10 19 38 52 55,7,false
lotto-plus-1,2025-11-08,8 11 32 45 46 52,41,false
daily-lotto,2025-11-09,2 3 10 32 33,,false
daily-lotto,2025-11-10,3 12 22 25 36,,false
daily-lotto,2025-11-11,19 21 24 30 32,,false
powerball,2025-11-11,9 13 17 47 49,8,false
powerball-plus,2025-11-11,12 21 22 28 39,18,false
daily-lotto,2025-11-12,25 26 27 28 32,,false
lotto,2025-11-12,9 16 20 39 44 56,47,false
lotto-plus-1,2025-11-12,2 4 16 24 43 55,42,false
daily-lotto,2025-11-13,4 14 26 28 31,,false
daily-lotto,2025-11-14,2 11 18 22 33,,false
powerball,2025-11-14,16 28 32 36 48,13,false
powerball-plus,2025-11-14,8 24 26 40 50,1,false
daily-lotto,2025-11-15,2 6 10 13 35,,false
lotto,2025-11-15,13 31 33 43 46 53,20,false
lotto-plus-1,2025-11-15,15 39 47 48 56 57,28,false
daily-lotto,2025-11-16,5 9 16 18 21,,false
daily-lotto,2025-11-17,6 11 12 21 30,,false
daily-lotto,2025-11-18,12 16 18 22 26,,false
powerball,2025-11-18,23 30 42 45 50,19,false
powerball-plus,2025-11-18,9 12 29 32 41,18,false
daily-lotto,2025-11-19,4 14 15 21 31,,false
lotto,2025-11-19,14 19 21 26 56 58,37,false
lotto-plus-1,2025-11-19,2 5 7 24 30 42,32,false
daily-lotto,2025-11-20,1 11 14 19 33,,false
daily-lotto,2025-11-21,2 3 20 27 32,,false
powerball,2025-11-21,1 28 39 49 50,6,false
powerball-plus,2025-11-21,15 16 17 32 42,19,false
daily-lotto,2025-11-22,5 17 27 34 36,,false
lotto,2025-11-22,4 5 6 15 39 50,28,false
lotto-plus-1,2025-11-22,5 24 31 46 49 54,50,false
daily-lotto,2025-11-23,8 16 17 30 34,,false
daily-lotto,2025-11-24,2 11 20 23 36,,false
daily-lotto,2025-11-25,6 7 25 26 31,,false
powerball,2025-11-25,15 24 28 31 37,16,false
powerball-plus,2025-11-25,13 16 23 35 47,16,false
daily-lotto,2025-11-26,12 20 24 30 33,,false
lotto,2025-11-26,4 8 25 32 33 36,22,false
lotto-plus-1,2025-11-26,1 12 32 35 38 39,42,false
daily-lotto,2025-11-27,9 21 22 26 33,,false
daily-lotto,2025-11-28,1 19 24 32 36,,false
powerball,2025-11-28,3 17 28 29 34,1,false
powerball-plus,2025-11-28,14 19 29 35 40,16,false
daily-lotto,2025-11-29,1 3 22 23 35,,false
lotto,2025-11-29,8 18 22 46 54 58,51,false
lotto-plus-1,2025-11-29,2 14 17 25 30 45,21,false
daily-lotto,2025-11-30,9 14 17 24 26,,false
daily-lotto,2025-12-01,7 12 21 22 23,,false
daily-lotto,2025-12-02,6 7 9 22 27,,false
powerball,2025-12-02,16 21 33 39 46,12,false
powerball-plus,2025-12-02,11 27 29 36 48,2,false
daily-lotto,2025-12-03,4 8 13 25 26,,false
lotto,2025-12-03,1 8 29 32 42 53,45,false
lotto-plus-1,2025-12-03,22 25 28 45 49 51,9,false
daily-lotto,2025-12-04,4 6 21 26 33,,false
daily-lotto,2025-12-05,9 10 13 30 35,,false
powerball,2025-12-05,12 20 27 35 46,9,false
powerball-plus,2025-12-05,4 10 43 45 46,13,false
daily-lotto,2025-12-06,18 20 22 30 35,,false
lotto,2025-12-06,4 6 13 15 29 35,20,false
lotto-plus-1,2025-12-06,9 12 38 41 44 53,26,false
daily-lotto,2025-12-07,5 13 21 26 34,,false
daily-lotto,2025-12-08,16 19 25 28 36,,false
daily-lotto,2025-12-09,5 6 10 22 32,,false
powerball,2025-12-09,11 36 41 43 46,8,false
powerball-plus,2025-12-09,16 27 30 40 41,14,false
daily-lotto,2025-12-10,9 17 19 28 29,,false
lotto,2025-12-10,10 13 14 22 32 48,57,false
lotto-plus-1,2025-12-10,22 31 36 46 50 55,27,false
daily-lotto,2025-12-11,8 15 20 26 33,,false
daily-lotto,2025-12-12,6 11 14 16 18,,false
powerball,2025-12-12,17 18 30 42 50,3,false
powerball-plus,2025-12-12,8 31 36 39 43,17,false
daily-lotto,2025-12-13,7 8 19 29 30,,false
lotto,2025-12-13,9 18 30 53 54 58,8,false
lotto-plus-1,2025-12-13,1 12 13 21 48 53,31,false
daily-lotto,2025-12-14,2 7 9 28 36,,false
daily-lotto,2025-12-15,8 12 20 30 35,,false
daily-lotto,2025-12-16,2 9 22 26 32,,false
powerball,2025-12-16,11 17 18 35 50,7,false
powerball-plus,2025-12-16,15 38 45 46 50,16,false
daily-lotto,2025-12-17,3 4 6 10 13,,false
lotto,2025-12-17,1 6 12 26 40 54,38,false
lotto-plus-1,2025-12-17,8 18 23 37 51 53,47,false
daily-lotto,2025-12-18,2 9 18 21 29,,false
daily-lotto,2025-12-19,12 25 26 33 35,,false
powerball,2025-12-19,2 11 15 16 30,15,false
powerball-plus,2025-12-19,8 21 26 27 49,4,false
daily-lotto,2025-12-20,3 8 12 13 28,,false
lotto,2025-12-20,5 40 47 49 53 54,29,false
lotto-plus-1,2025-12-20,6 9 10 25 38 55,15,false
daily-lotto,2025-12-21,10 17 21 26 33,,false
daily-lotto,2025-12-22,17 23 25 28 36,,false
daily-lotto,2025-12-23,5 20 30 34 36,,false
powerball,2025-12-23,3 12 29 46 49,3,false
powerball-plus,2025-12-23,9 23 32 40 48,12,false
daily-lotto,2025-12-24,6 12 31 34 36,,false
lotto,2025-12-24,7 12 20 39 43 56,34,false
lotto-plus-1,2025-12-24,20 22 29 39 45 56,33,false
daily-lotto,2025-12-26,9 10 23 25 32,,false
powerball,2025-12-26,18 20 35 46 48,2,false
powerball-plus,2025-12-26,14 28 33 36 50,18,false
daily-lotto,2025-12-27,4 13 16 17 34,,false
lotto,2025-12-27,8 11 24 32 43 45,41,false
lotto-plus-1,2025-12-27,9 15 26 37 47 50,38,false
daily-lotto,2025-12-28,13 14 15 21 31,,false
daily-lotto,2025-12-29,2 18 23 27 33,,false
daily-lotto,2025-12-30,2 13 18 21 31,,false
powerball,2025-12-30,6 13 14 42 45,11,false
powerball-plus,2025-12-30,7 8 24 39 44,13,false
daily-lotto,2025-12-31,4 7 10 31 32,,false
lotto,2025-12-31,4 5 10 16 22 45,25,false
lotto-plus-1,2025-12-31,12 32 33 34 36 44,43,false
daily-lotto,2026-01-01,25 27 34 35 36,,false
daily-lotto,2026-01-02,9 10 21 25 26,,false
powerball,2026-01-02,17 18 35 38 39,9,false
powerball-plus,2026-01-02,2 22 29 36 43,3,false
daily-lotto,2026-01-03,6 10 11 23 26,,false
lotto,2026-01-03,1 24 33 34 45 55,37,false
lotto-plus-1,2026-01-03,6 30 35 36 39 52,16,false
daily-lotto,2026-01-04,5 18 19 27 34,,false
daily-lotto,2026-01-05,1 7 13 20 28,,false
daily-lotto,2026-01-06,5 9 14 23 27,,false
powerball,2026-01-06,9 12 13 30 34,2,false
powerball-plus,2026-01-06,8 17 24 29 41,8,false
daily-lotto,2026-01-07,2 4 14 21 30,,false
lotto,2026-01-07,4 6 29 44 49 57,2,false
lotto-plus-1,2026-01-07,5 32 33 39 45 46,3,false
daily-lotto,2026-01-08,25 27 29 30 36,,false
daily-lotto,2026-01-09,2 12 26 27 31,,false
powerball,2026-01-09,11 20 35 42 50,7,false
powerball-plus,2026-01-09,13 14 27 38 42,12,false
daily-lotto,2026-01-10,3 15 17 24 35,,false
lotto,2026-01-10,7 18 29 36 51 58,40,false
lotto-plus-1,2026-01-10,11 27 52 53 56 57,46,false
daily-lotto,2026-01-11,16 17 20 34 35,,false
daily-lotto,2026-01-12,3 11 27 30 35,,false
daily-lotto,2026-01-13,8 10 15 23 29,,false
powerball,2026-01-13,21 32 33 39 50,3,false
powerball-plus,2026-01-13,1 2 11 15 42,13,false
daily-lotto,2026-01-14,6 28 29 31 35,,false
lotto,2026-01-14,16 34 36 43 56 57,55,false
lotto-plus-1,2026-01-14,14 18 24 27 40 55,47,false
daily-lotto,2026-01-15,8 13 15 22 32,,false
daily-lotto,2026-01-16,2 12 14 21 33,,false
powerball,2026-01-16,8 22 36 39 47,20,false
powerball-plus,2026-01-16,3 24 29 32 34,18,false
daily-lotto,2026-01-17,4 7 28 33 35,,false
lotto,2026-01-17,24 32 38 49 55 58,51,false
lotto-plus-1,2026-01-17,6 22 26 37 43 58,5,false
daily-lotto,2026-01-18,14 19 23 34 36,,false
daily-lotto,2026-01-19,5 11 23 24 31,,false
daily-lotto,2026-01-20,8 9 13 15 36,,false
powerball,2026-01-20,2 3 16 17 35,5,false
powerball-plus,2026-01-20,1 5 7 15 40,4,false
daily-lotto,2026-01-21,10 12 13 21 35,,false
lotto,2026-01-21,9 18 32 35 54 56,2,false
lotto-plus-1,2026-01-21,7 12 17 22 32 42,19,false
daily-lotto,2026-01-22,3 8 10 20 31,,false
daily-lotto,2026-01-23,5 7 13 21 33,,false
powerball,2026-01-23,4 16 24 29 31,15,false
powerball-plus,2026-01-23,3 16 18 23 42,20,false
daily-lotto,2026-01-24,1 6 9 17 22,,false
lotto,2026-01-24,7 23 28 37 50 58,19,false
lotto-plus-1,2026-01-24,2 10 15 35 40 49,1,false
daily-lotto,2026-01-25,21 26 28 30 32,,false
daily-lotto,2026-01-26,1 3 4 9 27,,false
daily-lotto,2026-01-27,11 14 17 21 29,,false
powerball,2026-01-27,11 13 28 43 48,3,false
powerball-plus,2026-01-27,14 23 31 44 49,9,false
daily-lotto,2026-01-28,3 8 19 26 29,,false
lotto,2026-01-28,9 18 19 36 37 49,50,false
lotto-plus-1,2026-01-28,16 22 26 28 37 54,38,false
daily-lotto,2026-01-29,5 8 15 26 28,,false
daily-lotto,2026-01-30,8 11 23 24 26,,false
powerball,2026-01-30,19 26 31 33 39,2,false
powerball-plus,2026-01-30,2 9 14 35 42,9,false
daily-lotto,2026-01-31,4 6 21 29 36,,false
lotto,2026-01-31,15 32 36 39 40 48,28,false
lotto-plus-1,2026-01-31,13 15 17 27 48 49,44,false
daily-lotto,2026-02-01,3 13 15 17 24,,false
daily-lotto,2026-02-02,1 2 24 27 30,,false
daily-lotto,2026-02-03,2 13 27 34 36,,false
powerball,2026-02-03,2 11 20 40 49,2,false
powerball-plus,2026-02-03,1 10 26 27 40,5,false
daily-lotto,2026-02-04,5 8 9 10 18,,false
lotto,2026-02-04,3 17 20 26 51 53,22,false
lotto-plus-1,2026-02-04,17 26 40 46 53 54,13,false
daily-lotto,2026-02-05,14 20 23 30 33,,false
daily-lotto,2026-02-06,1 7 15 16 24,,false
powerball,2026-02-06,6 13 21 28 31,5,false
powerball-plus,2026-02-06,2 6 35 36 46,2,false
daily-lotto,2026-02-07,6 17 25 27 32,,false
lotto,2026-02-07,1 3 12 21 48 51,30,false
lotto-plus-1,2026-02-07,15 16 25 28 31 46,1,false
daily-lotto,2026-02-08,12 16 23 33 35,,false
daily-lotto,2026-02-09,7 9 22 32 34,,false
daily-lotto,2026-02-10,3 7 21 22 26,,false
powerball,2026-02-10,17 23 25 39 49,11,false
powerball-plus,2026-02-10,4 20 37 41 42,11,false
daily-lotto,2026-02-11,5 18 19 33 35,,false
lotto,2026-02-11,14 16 22 24 29 35,3,false
lotto-plus-1,2026-02-11,4 8 12 18 28 38,20,false
daily-lotto,2026-02-12,4 5 16 22 23,,false
daily-lotto,2026-02-13,3 8 16 29 34,,false
powerball,2026-02-13,4 10 23 26 37,20,false
powerball-plus,2026-02-13,6 20 24 30 34,11,false
daily-lotto,2026-02-14,7 18 25 28 31,,false
lotto,2026-02-14,6 10 18 32 37 46,53,false
lotto-plus-1,2026-02-14,10 16 18 31 41 51,34,false
daily-lotto,2026-02-15,9 10 16 17 18,,false
daily-lotto,2026-02-16,7 8 12 14 20,,false
daily-lotto,2026-02-17,3 17 24 26 31,,false
powerball,2026-02-17,5 15 23 24 42,5,false
powerball-plus,2026-02-17,23 24 30 41 43,5,false
daily-lotto,2026-02-18,1 9 15 16 21,,false
lotto,2026-02-18,6 13 22 36 50 56,28,false
lotto-plus-1,2026-02-18,4 5 9 21 35 57,24,false
daily-lotto,2026-02-19,8 11 14 28 29,,false
daily-lotto,2026-02-20,5 7 12 27 30,,false
powerball,2026-02-20,17 19 25 28 35,17,false
powerball-plus,2026-02-20,7 8 23 36 41,17,false
daily-lotto,2026-02-21,1 14 24 30 34,,false
lotto,2026-02-21,2 8 39 43 45 55,6,false
lotto-plus-1,2026-02-21,16 27 32 40 48 56,8,false
daily-lotto,2026-02-22,1 4 5 6 21,,false
daily-lotto,2026-02-23,7 14 29 31 36,,false
daily-lotto,2026-02-24,16 17 21 26 35,,false
powerball,2026-02-24,19 23 33 34 41,9,false
powerball-plus,2026-02-24,9 14 39 41 48,10,false
daily-lotto,2026-02-25,2 9 10 14 32,,false
lotto,2026-02-25,7 11 12 32 38 55,20,false
lotto-plus-1,2026-02-25,8 16 31 33 44 45,27,false
daily-lotto,2026-02-26,2 4 8 25 33,,false
daily-lotto,2026-02-27,1 8 11 23 27,,false
powerball,2026-02-27,11 14 24 32 43,2,false
powerball-plus,2026-02-27,27 31 36 37 43,4,false
daily-lotto,2026-02-28,2 4 7 15 20,,false
lotto,2026-02-28,2 7 15 33 38 48,5,false
lotto-plus-1,2026-02-28,12 15 20 22 35 49,8,false
daily-lotto,2026-03-01,7 12 24 29 34,,false
daily-lotto,2026-03-02,2 3 6 14 31,,false
daily-lotto,2026-03-03,1 16 17 22 36,,false
powerball,2026-03-03,1 9 29 38 43,15,false
powerball-plus,2026-03-03,4 21 29 45 48,6,false
daily-lotto,2026-03-04,6 11 15 31 33,,false
lotto,2026-03-04,1 10 11 17 37 57,25,false
lotto-plus-1,2026-03-04,1 9 25 30 48 49,52,false
daily-lotto,2026-03-05,9 16 19 22 36,,false
daily-lotto,2026-03-06,8 9 14 19 27,,false
powerball,2026-03-06,10 11 15 18 50,11,false
powerball-plus,2026-03-06,15 21 25 44 49,1,false
daily-lotto,2026-03-07,13 20 27 30 32,,false
lotto,2026-03-07,4 13 14 20 22 47,29,false
lotto-plus-1,2026-03-07,13 16 18 20 42 50,5,false
daily-lotto,2026-03-08,6 8 11 25 36,,false
daily-lotto,2026-03-09,5 9 12 21 30,,false
daily-lotto,2026-03-10,4 7 9 13 30,,false
powerball,2026-03-10,1 5 13 20 25,14,false
powerball-plus,2026-03-10,2 23 27 32 49,11,false
daily-lotto,2026-03-11,15 26 31 34 35,,false
lotto,2026-03-11,2 5 49 54 56 58,46,false
lotto-plus-1,2026-03-11,3 22 25 38 46 56,39,false
daily-lotto,2026-03-12,8 10 25 33 35,,false
daily-lotto,2026-03-13,10 16 25 28 35,,false
powerball,2026-03-13,1 3 27 45 50,17,false
powerball-plus,2026-03-13,9 14 23 34 36,20,false
daily-lotto,2026-03-14,3 4 22 32 35,,false
lotto,2026-03-14,12 22 30 32 42 58,57,false
lotto-plus-1,2026-03-14,6 7 11 17 20 29,54,false
daily-lotto,2026-03-15,3 7 18 21 28,,false
daily-lotto,2026-03-16,8 15 19 23 28,,false
daily-lotto,2026-03-17,2 21 24 25 33,,false
powerball,2026-03-17,10 13 40 47 48,5,false
powerball-plus,2026-03-17,7 9 10 31 34,4,false
daily-lotto,2026-03-18,5 8 14 20 27,,false
lotto,2026-03-18,4 24 26 45 46 49,5,false
lotto-plus-1,2026-03-18,20 21 22 24 40 58,14,false
daily-lotto,2026-03-19,4 9 29 30 31,,false
daily-lotto,2026-03-20,16 19 24 31 32,,false
powerball,2026-03-20,5 8 11 17 41,2,false
powerball-plus,2026-03-20,12 18 28 40 45,15,false
daily-lotto,2026-03-21,5 7 8 12 21,,false
lotto,2026-03-21,3 7 16 22 42 53,9,false
lotto-plus-1,2026-03-21,6 8 13 32 56 58,18,false
daily-lotto,2026-03-22,5 28 31 32 33,,false
daily-lotto,2026-03-23,2 9 20 29 36,,false
daily-lotto,2026-03-24,7 8 11 20 21,,false
powerball,2026-03-24,11 13 19 22 39,1,false
powerball-plus,2026-03-24,7 15 19 31 44,20,false
daily-lotto,2026-03-25,15 20 23 26 33,,false
lotto,2026-03-25,1 12 19 28 31 52,38,false
lotto-plus-1,2026-03-25,2 11 38 39 47 55,10,false
daily-lotto,2026-03-26,7 23 25 27 36,,false
daily-lotto,2026-03-27,9 11 12 22 24,,false
powerball,2026-03-27,6 12 25 28 36,15,false
powerball-plus,2026-03-27,1 7 11 27 32,1,false
daily-lotto,2026-03-28,6 11 15 20 30,,false
lotto,2026-03-28,6 12 26 40 41 55,17,false
lotto-plus-1,2026-03-28,8 34 39 48 52 54,9,false
daily-lotto,2026-03-29,10 23 28 34 35,,false
daily-lotto,2026-03-30,1 4 25 26 34,,false
daily-lotto,2026-03-31,6 13 14 16 25,,false
powerball,2026-03-31,5 13 15 24 43,6,false
powerball-plus,2026-03-31,4 5 10 16 42,12,false
daily-lotto,2026-04-01,3 10 16 21 24,,false
lotto,2026-04-01,14 18 27 29 52 56,10,false
lotto-plus-1,2026-04-01,16 18 29 40 43 58,25,false
daily-lotto,2026-04-02,23 25 33 34 35,,false
daily-lotto,2026-04-03,3 12 25 27 28,,false
powerball,2026-04-03,1 14 25 29 41,18,false
powerball-plus,2026-04-03,16 20 21 24 25,6,false
daily-lotto,2026-04-04,9 13 17 21 34,,false
lotto,2026-04-04,11 13 15 30 39 48,8,false
lotto-plus-1,2026-04-04,6 8 13 31 50 54,56,false
daily-lotto,2026-04-05,13 19 22 23 31,,false
daily-lotto,2026-04-06,10 11 17 21 36,,false
daily-lotto,2026-04-07,10 13 34 35 36,,false
powerball,2026-04-07,16 17 18 22 41,10,false
powerball-plus,2026-04-07,22 29 30 43 46,9,false
daily-lotto,2026-04-08,6 10 16 17 34,,false
lotto,2026-04-08,2 23 40 43 48 53,55,false
lotto-plus-1,2026-04-08,11 29 30 36 44 55,17,false
daily-lotto,2026-04-09,6 9 12 15 29,,false
daily-lotto,2026-04-10,6 19 24 26 35,,false
powerball,2026-04-10,27 36 38 40 48,17,false
powerball-plus,2026-04-10,8 10 14 23 36,13,false
daily-lotto,2026-04-11,11 17 20 22 35,,false
lotto,2026-04-11,15 41 43 45 57 58,1,false
lotto-plus-1,2026-04-11,7 14 17 21 40 53,19,false
daily-lotto,2026-04-12,1 10 25 33 36,,false
daily-lotto,2026-04-13,11 14 24 29 35,,false
daily-lotto,2026-04-14,23 24 29 31 35,,false
powerball,2026-04-14,2 6 16 30 31,6,false
powerball-plus,2026-04-14,4 17 20 23 50,1,false
daily-lotto,2026-04-15,9 10 13 27 30,,false
lotto,2026-04-15,1 2 10 22 27 54,55,false
lotto-plus-1,2026-04-15,3 4 6 9 12 37,21,false
daily-lotto,2026-04-16,1 17 19 20 21,,false
daily-lotto,2026-04-17,4 9 18 20 32,,false
powerball,2026-04-17,17 26 39 43 45,2,false
powerball-plus,2026-04-17,8 36 43 44 48,3,false
daily-lotto,2026-04-18,1 2 4 20 31,,false
lotto,2026-04-18,23 25 31 48 52 53,8,false
lotto-plus-1,2026-04-18,1 4 8 40 41 57,19,false
daily-lotto,2026-04-19,1 5 6 26 28,,false
daily-lotto,2026-04-20,3 8 21 25 33,,false
daily-lotto,2026-04-21,8 13 14 20 22,,false
powerball,2026-04-21,5 13 31 32 47,3,false
powerball-plus,2026-04-21,1 7 16 31 36,7,false
daily-lotto,2026-04-22,1 12 25 27 30,,false
lotto,2026-04-22,10 12 23 26 27 37,5,false
lotto-plus-1,2026-04-22,20 26 32 48 50 57,34,false
daily-lotto,2026-04-23,8 21 22 23 33,,false
daily-lotto,2026-04-24,6 19 23 24 25,,false
powerball,2026-04-24,16 19 24 25 41,20,false
powerball-plus,2026-04-24,1 18 32 35 47,6,false
daily-lotto,2026-04-25,1 5 13 30 31,,false
lotto,2026-04-25,9 22 26 30 50 54,42,false
lotto-plus-1,2026-04-25,14 18 30 43 46 55,28,false
daily-lotto,2026-04-26,10 14 21 24 26,,false
daily-lotto,2026-04-27,1 10 21 26 35,,false
daily-lotto,2026-04-28,23 30 33 34 36,,false
powerball,2026-04-28,5 17 38 44 47,2,false
powerball-plus,2026-04-28,6 10 13 24 26,2,false
daily-lotto,2026-04-29,10 16 17 19 33,,false
daily-lotto,2026-04-30,2 22 24 30 31,,false
lotto,2026-04-30,3 9 15 32 36 49,40,false
lotto-plus-1,2026-04-30,12 29 31 37 40 47,54,false
daily-lotto,2026-05-01,11 12 20 22 35,,false
powerball,2026-05-01,15 17 27 29 35,12,false
powerball-plus,2026-05-01,7 8 33 38 45,13,false
daily-lotto,2026-05-02,10 13 18 34 36,,false
lotto,2026-05-02,7 28 32 40 44 49,37,false
lotto-plus-1,2026-05-02,17 30 33 35 39 41,28,false
daily-lotto,2026-05-03,3 9 12 22 36,,false
daily-lotto,2026-05-04,4 20 25 34 36,,false
daily-lotto,2026-05-05,6 21 30 33 35,,false
powerball,2026-05-05,1 4 5 22 28,5,false
powerball-plus,2026-05-05,19 37 39 40 45,3,false
daily-lotto,2026-05-06,4 7 10 30 35,,false
lotto,2026-05-06,6 8 23 40 42 44,10,false
lotto-plus-1,2026-05-06,11 22 26 31 49 53,20,false
daily-lotto,2026-05-07,1 6 14 18 35,,false
daily-lotto,2026-05-08,1 7 15 17 26,,false
powerball,2026-05-08,1 32 40 43 48,9,false
powerball-plus,2026-05-08,13 17 28 41 47,19,false
daily-lotto,2026-05-09,9 13 18 23 32,,false
lotto,2026-05-09,18 21 24 45 52 56,53,false
lotto-plus-1,2026-05-09,8 27 36 43 48 52,54,false
daily-lotto,2026-05-10,1 20 22 25 27,,false
daily-lotto,2026-05-11,1 11 23 27 28,,false
daily-lotto,2026-05-12,3 5 19 28 35,,false
powerball,2026-05-12,25 30 32 33 46,6,false
powerball-plus,2026-05-12,19 20 29 35 44,6,false
daily-lotto,2026-05-13,4 6 10 28 33,,false
lotto,2026-05-13,1 22 37 40 51 58,43,false
lotto-plus-1,2026-05-13,18 22 32 35 46 50,11,false
daily-lotto,2026-05-14,4 7 15 16 23,,false
daily-lotto,2026-05-15,2 6 13 22 30,,false
powerball,2026-05-15,20 24 29 38 39,11,false
powerball-plus,2026-05-15,17 21 25 35 37,11,false
daily-lotto,2026-05-16,14 19 21 22 31,,false
lotto,2026-05-16,34 40 42 45 56 58,52,false
lotto-plus-1,2026-05-16,9 11 15 34 49 53,38,false
daily-lotto,2026-05-17,8 10 14 15 16,,false
daily-lotto,2026-05-18,7 12 23 28 32,,false
daily-lotto,2026-05-19,18 19 21 27 30,,false
powerball,2026-05-19,19 24 29 47 48,4,false
powerball-plus,2026-05-19,5 21 23 41 43,11,false
daily-lotto,2026-05-20,2 6 14 20 21,,false
lotto,2026-05-20,1 4 12 13 24 58,53,false
lotto-plus-1,2026-05-20,14 46 47 51 54 55,41,false
daily-lotto,2026-05-21,10 14 15 27 28,,false
daily-lotto,2026-05-22,1 11 23 24 36,,false
powerball,2026-05-22,6 8 16 22 25,18,false
powerball-plus,2026-05-22,10 11 15 22 48,5,false
daily-lotto,2026-05-23,4 19 22 30 31,,false
lotto,2026-05-23,33 39 45 47 49 53,34,false
lotto-plus-1,2026-05-23,9 16 22 27 30 41,52,false
daily-lotto,2026-05-24,6 10 12 23 31,,false
daily-lotto,2026-05-25,1 7 8 25 36,,false
daily-lotto,2026-05-26,5 20 23 25 32,,false
powerball,2026-05-26,1 9 30 31 47,3,false
powerball-plus,2026-05-26,13 27 29 36 37,10,false
daily-lotto,2026-05-27,4 10 15 22 32,,false
lotto,2026-05-27,8 17 29 35 38 56,50,false
lotto-plus-1,2026-05-27,5 31 46 47 55 58,3,false
daily-lotto,2026-05-28,3 14 26 28 35,,false
daily-lotto,2026-05-29,11 20 22 26 36,,false
powerball,2026-05-29,9 14 16 25 30,14,false
powerball-plus,2026-05-29,14 17 22 27 36,20,false
daily-lotto,2026-05-30,5 9 10 16 24,,false
lotto,2026-05-30,21 35 39 46 51 56,4,false
lotto-plus-1,2026-05-30,9 16 25 44 50 54,53,false
daily-lotto,2026-05-31,1 7 10 17 29,,false
daily-lotto,2026-06-01,4 5 23 29 32,,false
daily-lotto,2026-06-02,5 6 10 24 32,,false
powerball,2026-06-02,2 10 22 28 49,7,false
powerball-plus,2026-06-02,4 12 27 35 41,15,false
daily-lotto,2026-06-03,15 21 22 26 36,,false
lotto,2026-06-03,5 8 19 30 44 46,13,false
lotto-plus-1,2026-06-03,2 28 45 49 51 52,23,false
daily-lotto,2026-06-04,16 18 26 29 30,,false
daily-lotto,2026-06-05,3 8 9 20 21,,false
powerball,2026-06-05,2 16 33 37 43,6,false
powerball-plus,2026-06-05,2 23 44 48 50,14,false
daily-lotto,2026-06-06,5 20 24 27 31,,false
lotto,2026-06-06,8 16 20 40 50 51,22,false
lotto-plus-1,2026-06-06,11 12 35 44 45 46,41,false
daily-lotto,2026-06-07,4 7 10 13 17,,false
daily-lotto,2026-06-08,2 6 9 11 34,,false
daily-lotto,2026-06-09,1 7 9 19 31,,false
powerball,2026-06-09,5 8 12 19 48,1,false
powerball-plus,2026-06-09,19 32 40 45 48,11,false
daily-lotto,2026-06-10,2 4 7 15 21,,false
lotto,2026-06-10,15 16 17 18 25 33,3,false
lotto-plus-1,2026-06-10,19 20 32 37 45 51,6,false
daily-lotto,2026-06-11,8 13 17 29 31,,false
daily-lotto,2026-06-12,20 25 30 32 34,,false
powerball,2026-06-12,7 23 27 30 45,6,false
powerball-plus,2026-06-12,3 9 32 42 46,1,false
daily-lotto,2026-06-13,1 5 8 15 36,,false
lotto,2026-06-13,4 7 19 26 49 50,46,false
lotto-plus-1,2026-06-13,6 12 24 32 36 47,49,false
daily-lotto,2026-06-14,4 18 25 30 36,,false
daily-lotto,2026-06-15,5 19 24 26 30,,false
daily-lotto,2026-06-16,4 8 16 29 31,,false
powerball,2026-06-16,2 19 20 40 43,11,false
powerball-plus,2026-06-16,5 12 17 20 43,1,false
daily-lotto,2026-06-17,3 4 12 16 17,,false
lotto,2026-06-17,8 34 36 42 51 52,18,false
lotto-plus-1,2026-06-17,1 12 19 26 27 28,13,false
daily-lotto,2026-06-18,7 9 14 18 36,,false
daily-lotto,2026-06-19,10 26 28 32 34,,false
powerball,2026-06-19,9 10 27 37 44,13,false
powerball-plus,2026-06-19,7 23 26 38 46,15,false
daily-lotto,2026-06-20,1 16 20 21 22,,false
lotto,2026-06-20,1 19 20 22 47 50,32,false
lotto-plus-1,2026-06-20,7 23 32 37 43 45,50,false
daily-lotto,2026-06-21,2 7 11 14 16,,false
daily-lotto,2026-06-22,5 7 9 31 32,,false
daily-lotto,2026-06-23,11 13 19 25 33,,false
powerball,2026-06-23,16 25 32 33 50,11,false
powerball-plus,2026-06-23,3 25 27 39 40,4,false
daily-lotto,2026-06-24,5 7 19 24 35,,false
lotto,2026-06-24,12 23 42 46 48 51,18,false
lotto-plus-1,2026-06-24,4 16 17 44 49 50,51,false
daily-lotto,2026-06-25,10 11 12 17 22,,false
daily-lotto,2026-06-26,1 3 13 20 25,,false
powerball,2026-06-26,17 26 37 40 45,13,false
powerball-plus,2026-06-26,16 20 31 33 47,8,false
daily-lotto,2026-06-27,9 10 14 25 28,,false
lotto,2026-06-27,2 10 21 37 42 43,34,false
lotto-plus-1,2026-06-27,3 9 10 13 23 47,52,false
daily-lotto,2026-06-28,2 8 20 28 34,,false
daily-lotto,2026-06-29,4 8 25 30 31,,false
daily-lotto,2026-06-30,2 3 16 21 36,,false
powerball,2026-06-30,21 26 40 42 44,15,false
powerball-plus,2026-06-30,8 14 16 25 44,15,false
daily-lotto,2026-07-01,4 8 18 25 30,,false
lotto,2026-07-01,5 10 20 23 43 52,28,false
lotto-plus-1,2026-07-01,3 4 5 6 19 33,18,false
daily-lotto,2026-07-02,2 6 7 13 27,,false
daily-lotto,2026-07-03,1 7 14 17 24,,false
powerball,2026-07-03,9 14 27 32 34,15,false
powerball-plus,2026-07-03,5 21 39 46 47,12,false
daily-lotto,2026-07-04,16 17 25 28 36,,false
lotto,2026-07-04,19 24 26 30 32 44,8,false
lotto-plus-1,2026-07-04,3 17 40 42 44 52,24,false
daily-lotto,2026-07-05,4 9 29 30 31,,false
daily-lotto,2026-07-06,10 12 13 25 30,,false
daily-lotto,2026-07-07,5 16 18 20 23,,false
powerball,2026-07-07,16 18 21 29 47,11,false
powerball-plus,2026-07-07,16 29 32 45 47,2,false
daily-lotto,2026-07-08,6 20 21 28 30,,false
lotto,2026-07-08,11 13 21 22 29 36,47,false
lotto-plus-1,2026-07-08,15 20 21 28 29 34,31,false
daily-lotto,2026-07-09,2 6 11 16 31,,false
daily-lotto,2026-07-10,10 16 23 32 34,,false
powerball,2026-07-10,2 12 13 20 23,12,false
powerball-plus,2026-07-10,3 8 10 28 48,12,false
daily-lotto,2026-07-11,3 10 14 21 25,,false
lotto,2026-07-11,8 14 20 33 34 47,42,false
lotto-plus-1,2026-07-11,3 22 25 38 40 46,23,false
daily-lotto,2026-07-12,1 13 16 18 34,,false
daily-lotto,2026-07-13,12 16 26 32 35,,false
daily-lotto,2026-07-14,3 7 19 29 34,,false
powerball,2026-07-14,9 13 21 36 40,4,false
powerball-plus,2026-07-14,10 23 34 35 37,2,false
daily-lotto,2026-07-15,9 10 29 31 36,,false
lotto,2026-07-15,23 39 47 48 49 51,21,false
lotto-plus-1,2026-07-15,11 12 22 35 48 50,26,false
daily-lotto,2026-07-16,3 12 25 28 32,,false
daily-lotto,2026-07-17,6 9 14 23 24,,false
powerball,2026-07-17,6 9 31 37 42,4,false
powerball-plus,2026-07-17,18 21 40 41 43,16,false
daily-lotto,2026-07-18,22 23 25 33 36,,false
lotto,2026-07-18,10 25 40 41 47 48,49,false
lotto-plus-1,2026-07-18,15 18 21 22 29 32,49,false
daily-lotto,2026-07-19,2 14 16 17 22,,false
daily-lotto,2026-07-20,3 13 19 25 31,,false
daily-lotto,2026-07-21,3 4 14 32 36,,false
powerball,2026-07-21,15 40 41 47 50,16,false
powerball-plus,2026-07-21,12 16 32 33 39,16,false
daily-lotto,2026-07-22,3 6 11 16 25,,false
lotto,2026-07-22,2 4 28 32 34 35,23,false
lotto-plus-1,2026-07-22,11 14 19 21 33 39,37,false
daily-lotto,2026-07-23,14 17 22 27 28,,false
daily-lotto,2026-07-24,2 6 9 20 34,,false
powerball,2026-07-24,4 8 13 22 38,1,false
powerball-plus,2026-07-24,14 16 22 37 42,10,false
daily-lotto,2026-07-25,4 10 26 30 32,,false
lotto,2026-07-25,9 13 26 28 29 43,5,false
lotto-plus-1,2026-07-25,7 13 31 43 46 52,32,false
daily-lotto,2026-07-26,7 8 10 14 26,,false
daily-lotto,2026-07-27,11 14 27 31 34,,false
daily-lotto,2026-07-28,11 15 28 30 32,,false
powerball,2026-07-28,3 12 27 36 47,15,false
powerball-plus,2026-07-28,23 26 29 44 49,5,false
daily-lotto,2026-07-29,7 9 15 26 33,,false
lotto,2026-07-29,4 15 22 24 41 52,48,false
lotto-plus-1,2026-07-29,3 10 14 18 26 49,38,false
daily-lotto,2026-07-30,8 17 20 24 29,,false
daily-lotto,2026-07-31,2 4 10 27 35,,false
powerball,2026-07-31,10 11 37 45 46,11,false
powerball-plus,2026-07-31,1 17 19 22 36,5,false
daily-lotto,2026-08-01,16 21 23 24 25,,false
lotto,2026-08-01,9 11 12 24 39 41,16,false
lotto-plus-1,2026-08-01,7 10 27 29 47 51,4,false
daily-lotto,2026-08-02,9 30 31 34 36,,false
daily-lotto,2026-08-03,5 19 24 25 31,,false
daily-lotto,2026-08-04,2 5 21 23 25,,false
powerball,2026-08-04,16 24 29 34 38,15,false
powerball-plus,2026-08-04,5 20 21 36 44,13,false
daily-lotto,2026-08-05,15 28 30 32 35,,false
lotto,2026-08-05,17 23 29 31 33 40,3,false
lotto-plus-1,2026-08-05,14 26 27 28 35 51,6,false
daily-lotto,2026-08-06,6 12 14 29 34,,false
daily-lotto,2026-08-07,2 5 8 14 31,,false
powerball,2026-08-07,8 22 31 39 40,5,false
powerball-plus,2026-08-07,10 11 21 46 47,6,false
daily-lotto,2026-08-08,1 14 16 23 27,,false
lotto,2026-08-08,7 10 13 18 24 42,30,false
lotto-plus-1,2026-08-08,2 3 13 25 30 51,34,false
daily-lotto,2026-08-09,4 10 12 15 35,,false
daily-lotto,2026-08-10,4 5 12 13 35,,false
daily-lotto,2026-08-11,6 9 25 26 32,,false
powerball,2026-08-11,3 14 26 40 48,10,false
powerball-plus,2026-08-11,15 21 31 42 50,2,false
daily-lotto,2026-08-12,3 12 25 31 36,,false
lotto,2026-08-12,6 11 27 28 34 45,1,false
lotto-plus-1,2026-08-12,13 16 17 28 42 46,18,false
daily-lotto,2026-08-13,3 4 18 26 36,,false
daily-lotto,2026-08-14,13 18 24 33 36,,false
powerball,2026-08-14,14 15 19 39 44,3,false
powerball-plus,2026-08-14,7 27 28 46 48,2,false
daily-lotto,2026-08-15,12 21 23 31 32,,false
lotto,2026-08-15,2 13 19 20 34 52,11,false
lotto-plus-1,2026-08-15,6 15 20 21 25 30,2,false
daily-lotto,2026-08-16,8 16 18 23 26,,false
daily-lotto,2026-08-17,2 7 14 26 33,,false
daily-lotto,2026-08-18,1 8 14 29 32,,false
powerball,2026-08-18,3 7 20 31 39,13,false
powerball-plus,2026-08-18,7 11 18 26 31,12,false
daily-lotto,2026-08-19,1 15 19 34 36,,false
lotto,2026-08-19,10 19 21 40 50 51,7,false
lotto-plus-1,2026-08-19,2 22 28 35 37 48,23,false
daily-lotto,2026-08-20,5 13 28 30 31,,false
daily-lotto,2026-08-21,3 6 9 25 32,,false
powerball,2026-08-21,2 4 5 24 49,4,false
powerball-plus,2026-08-21,17 23 37 39 48,2,false
daily-lotto,2026-08-22,4 17 21 25 30,,false
lotto,2026-08-22,5 10 12 14 23 41,20,false
lotto-plus-1,2026-08-22,7 27 29 37 38 48,5,false
daily-lotto,2026-08-23,2 14 26 27 29,,false
daily-lotto,2026-08-24,20 25 30 32 33,,false
daily-lotto,2026-08-25,2 12 18 19 23,,false
powerball,2026-08-25,5 34 39 43 45,1,false
powerball-plus,2026-08-25,4 7 15 18 29,16,false
daily-lotto,2026-08-26,6 13 23 29 36,,false
lotto,2026-08-26,3 8 17 19 26 46,12,true
lotto-plus-1,2026-08-26,13 18 23 32 33 45,5,true
daily-lotto,2026-08-27,3 15 24 29 33,,false
daily-lotto,2026-08-28,7 12 21 26 28,,true
powerball,2026-08-28,19 22 24 25 47,11,true
powerball-plus,2026-08-28,3 4 16 35 38,15,true
daily-lotto,2026-08-29,3 6 13 14 25,,true
lotto,2026-08-29,3 20 30 35 39 50,14,true
lotto-plus-1,2026-08-29,2 4 11 21 29 35,47,true
daily-lotto,2026-08-30,5 10 25 30 31,,true
daily-lotto,2026-08-31,14 15 23 25 33,,true
daily-lotto,2026-09-01,9 19 21 23 35,,true
powerball,2026-09-01,14 16 31 34 40,4,true
powerball-plus,2026-09-01,4 18 31 34 40,10,true
daily-lotto,2026-09-02,3 4 7 8 25,,true
lotto,2026-09-02,9 15 21 24 30 39,34,true
lotto-plus-1,2026-09-02,5 10 12 22 28 42,23,true
daily-lotto,2026-09-03,16 24 30 34 36,,true
daily-lotto,2026-09-04,8 12 30 31 35,,true
powerball,2026-09-04,4 7 27 38 50,10,true
powerball-plus,2026-09-04,31 37 39 41 49,15,true
daily-lotto,2026-09-05,1 20 23 24 29,,true
lotto,2026-09-05,3 4 7 31 42 46,1,true
lotto-plus-1,2026-09-05,1 3 8 24 26 32,19,true
daily-lotto,2026-09-06,5 10 16 17 21,,true
daily-lotto,2026-09-07,3 5 20 21 25,,true
daily-lotto,2026-09-08,2 6 21 23 34,,true
powerball,2026-09-08,4 8 13 37 49,7,true
powerball-plus,2026-09-08,14 18 33 49 50,2,true
daily-lotto,2026-09-09,5 7 11 20 28,,true
lotto,2026-09-09,12 22 24 34 45 47,50,true
lotto-plus-1,2026-09-09,2 13 17 22 23 43,51,true
daily-lotto,2026-09-10,7 17 20 21 31,,true
daily-lotto,2026-09-11,8 11 17 32 36,,true
powerball,2026-09-11,9 11 13 38 43,13,true
powerball-plus,2026-09-11,19 24 25 42 48,16,true
daily-lotto,2026-09-12,11 16 17 24 36,,true
lotto,2026-09-12,17 24 26 30 39 45,41,true
lotto-plus-1,2026-09-12,3 5 6 7 32 51,46,true
daily-lotto,2026-09-13,9 18 23 25 31,,true
daily-lotto,2026-09-14,1 17 19 22 29,,true
daily-lotto,2026-09-15,5 16 19 28 30,,true
powerball,2026-09-15,7 23 25 27 50,7,true
powerball-plus,2026-09-15,5 16 24 36 49,16,true
daily-lotto,2026-09-16,2 4 21 26 36,,true
lotto,2026-09-16,24 25 35 38 44 49,48,true
lotto-plus-1,2026-09-16,2 3 11 29 31 39,12,true
daily-lotto,2026-09-17,3 7 9 18 21,,true
daily-lotto,2026-09-18,15 20 27 32 34,,true
powerball,2026-09-18,2 4 6 8 43,15,true
powerball-plus,2026-09-18,4 13 21 32 48,1,true
daily-lotto,2026-09-19,5 8 12 21 24,,true
lotto,2026-09-19,6 23 24 32 44 46,48,true
lotto-plus-1,2026-09-19,8 17 23 34 37 38,41,true
daily-lotto,2026-09-20,6 14 21 23 28,,true
