date,draw,n1,n2,n3,n4,n5,n6,booster,official
2018-09-01,teatime,13,14,30,31,32,34,4,false
2018-09-02,teatime,7,10,11,14,40,44,32,false
2018-09-03,teatime,2,8,18,28,43,46,11,false
2018-09-04,teatime,6,7,11,21,40,41,25,false
2018-09-05,teatime,1,3,7,10,28,29,49,false
2018-09-06,teatime,6,9,26,41,46,48,34,false
2018-09-07,teatime,5,8,11,14,27,47,24,false
2018-09-08,teatime,2,11,12,20,30,40,21,false
2018-09-09,teatime,8,23,24,29,30,47,44,false
2018-09-10,teatime,4,17,27,29,41,46,8,false
2018-09-11,teatime,7,11,17,22,33,41,15,false
2018-09-12,teatime,2,5,19,23,30,40,3,false
2018-09-13,teatime,9,13,19,20,39,42,3,false
2018-09-14,teatime,10,15,25,28,45,47,18,false
2018-09-15,teatime,13,20,27,29,42,49,14,false
2018-09-16,teatime,2,14,15,19,34,35,16,false
2018-09-17,teatime,2,3,4,12,32,43,25,false
2018-09-18,teatime,1,4,6,24,26,39,42,false
2018-09-19,teatime,3,4,13,17,31,35,9,false
2018-09-20,teatime,2,17,18,33,38,43,25,false
2018-09-21,teatime,3,13,14,15,20,36,44,false
2018-09-22,teatime,1,13,19,35,40,47,21,false
2018-09-23,teatime,3,11,13,15,26,38,41,false
2018-09-24,teatime,15,26,29,30,33,46,45,false
2018-09-25,teatime,7,8,17,21,29,44,24,false
2018-09-26,teatime,12,26,27,32,41,44,24,false
2018-09-27,teatime,15,30,40,41,45,48,47,false
2018-09-28,teatime,1,13,20,25,34,43,38,false
2018-09-29,teatime,9,14,24,42,44,45,25,false
2018-09-30,teatime,16,30,32,33,38,49,48,false
2018-10-01,teatime,1,11,24,36,37,41,45,false
2018-10-02,teatime,11,16,18,19,28,33,7,false
2018-10-03,teatime,9,18,35,39,40,43,22,false
2018-10-04,teatime,2,4,10,18,35,36,20,false
2018-10-05,teatime,5,7,8,34,37,40,26,false
2018-10-06,teatime,6,14,22,26,30,36,10,false
2018-10-07,teatime,4,19,29,30,32,33,15,false
2018-10-08,teatime,3,6,11,15,22,29,47,false
2018-10-09,teatime,5,15,17,26,41,48,28,false
2018-10-10,teatime,7,12,17,21,23,25,36,false
2018-10-11,teatime,11,20,24,27,38,42,35,false
2018-10-12,teatime,12,18,22,28,32,42,35,false
2018-10-13,teatime,5,15,27,29,38,48,25,false
2018-10-14,teatime,11,13,14,32,34,40,6,false
2018-10-15,teatime,4,10,13,19,40,41,46,false
2018-10-16,teatime,3,8,20,23,24,49,26,false
2018-10-17,teatime,12,15,23,25,26,44,33,false
2018-10-18,teatime,10,15,24,32,35,48,27,false
2018-10-19,teatime,2,19,21,23,30,37,27,false
2018-10-20,teatime,11,17,19,27,34,43,18,false
2018-10-21,teatime,15,24,33,37,38,39,18,false
2018-10-22,teatime,26,28,30,39,42,49,45,false
2018-10-23,teatime,9,11,16,31,36,43,23,false
2018-10-24,teatime,14,19,30,34,39,43,42,false
2018-10-25,teatime,4,5,7,31,36,41,14,false
2018-10-26,teatime,11,20,27,37,41,47,8,false
2018-10-27,teatime,2,16,32,38,42,48,24,false
2018-10-28,teatime,1,12,27,34,42,44,31,false
2018-10-29,teatime,2,6,18,30,35,42,20,false
2018-10-30,teatime,8,15,18,26,33,44,14,false
2018-10-31,teatime,3,5,41,43,45,48,14,false
2018-11-01,teatime,3,6,11,19,41,46,47,false
2018-11-02,teatime,14,15,31,34,36,46,9,false
2018-11-03,teatime,9,22,33,35,43,49,44,false
2018-11-04,teatime,4,16,17,26,29,42,34,false
2018-11-05,teatime,4,15,21,31,42,48,8,false
2018-11-06,teatime,6,11,13,15,19,42,43,false
2018-11-07,teatime,11,12,13,22,29,33,46,false
2018-11-08,teatime,9,23,36,38,39,40,21,false
2018-11-09,teatime,2,5,23,24,29,49,3,false
2018-11-10,teatime,5,7,11,27,45,49,31,false
2018-11-11,teatime,18,20,36,38,45,48,41,false
2018-11-12,teatime,2,21,26,27,29,42,14,false
2018-11-13,teatime,21,27,30,31,37,45,16,false
2018-11-14,teatime,2,7,28,36,43,45,32,false
2018-11-15,teatime,6,28,37,39,42,48,41,false
2018-11-16,teatime,1,8,19,41,46,49,10,false
2018-11-17,teatime,2,14,21,40,42,46,34,false
2018-11-18,teatime,2,6,14,18,22,26,45,false
2018-11-19,teatime,1,12,19,31,36,42,18,false
2018-11-20,teatime,2,9,10,21,42,48,20,false
2018-11-21,teatime,8,11,24,36,40,49,38,false
2018-11-22,teatime,4,11,15,18,23,32,42,false
2018-11-23,teatime,5,6,22,27,32,48,38,false
2018-11-24,teatime,9,11,14,17,31,36,25,false
2018-11-25,teatime,9,19,20,25,32,47,12,false
2018-11-26,teatime,2,5,11,13,17,41,12,false
2018-11-27,teatime,5,13,36,37,38,41,42,false
2018-11-28,teatime,2,26,30,32,33,49,47,false
2018-11-29,teatime,2,4,5,7,11,18,38,false
2018-11-30,teatime,3,7,26,28,36,45,38,false
2018-12-01,teatime,1,12,14,26,37,42,8,false
2018-12-02,teatime,5,12,16,18,35,38,11,false
2018-12-03,teatime,1,19,23,34,36,37,11,false
2018-12-04,teatime,6,13,15,16,46,48,23,false
2018-12-05,teatime,1,6,27,28,33,41,31,false
2018-12-06,teatime,3,5,15,33,42,49,28,false
2018-12-07,teatime,1,8,23,34,42,48,16,false
2018-12-08,teatime,3,9,19,26,46,48,6,false
2018-12-09,teatime,2,8,12,20,29,40,21,false
2018-12-10,teatime,3,8,15,26,43,46,30,false
2018-12-11,teatime,2,3,12,33,38,39,10,false
2018-12-12,teatime,11,27,29,41,42,48,13,false
2018-12-13,teatime,16,23,26,34,36,46,6,false
2018-12-14,teatime,4,8,12,17,21,28,14,false
2018-12-15,teatime,6,14,18,26,27,49,46,false
2018-12-16,teatime,6,11,12,17,45,49,26,false
2018-12-17,teatime,6,13,19,31,41,46,45,false
2018-12-18,teatime,4,13,19,20,26,43,23,false
2018-12-19,teatime,14,16,25,33,35,38,17,false
2018-12-20,teatime,11,20,36,38,48,49,29,false
2018-12-21,teatime,1,2,22,27,31,37,6,false
2018-12-22,teatime,4,7,16,23,33,47,32,false
2018-12-23,teatime,9,10,13,18,27,41,45,false
2018-12-24,teatime,3,11,18,30,34,47,37,false
2018-12-26,teatime,7,10,18,37,46,47,25,false
2018-12-27,teatime,2,4,21,27,36,46,20,false
2018-12-28,teatime,15,16,24,28,36,40,1,false
2018-12-29,teatime,8,16,34,36,37,43,17,false
2018-12-30,teatime,21,25,32,34,42,45,6,false
2018-12-31,teatime,7,20,22,30,33,48,31,false
2019-01-01,teatime,8,11,16,25,29,37,13,false
2019-01-02,teatime,16,21,26,45,47,48,30,false
2019-01-03,teatime,12,20,26,32,41,48,47,false
2019-01-04,teatime,6,19,28,29,38,48,2,false
2019-01-05,teatime,4,5,14,18,44,48,34,false
2019-01-06,teatime,2,8,22,27,46,47,41,false
2019-01-07,teatime,20,24,30,40,44,45,25,false
2019-01-08,teatime,8,17,23,38,48,49,18,false
2019-01-09,teatime,7,10,13,15,22,46,45,false
2019-01-10,teatime,2,13,18,27,31,44,34,false
2019-01-11,teatime,3,9,10,13,37,39,34,false
2019-01-12,teatime,3,4,7,9,33,45,41,false
2019-01-13,teatime,10,11,12,38,39,46,43,false
2019-01-14,teatime,7,8,10,16,22,25,33,false
2019-01-15,teatime,5,6,14,33,35,47,26,false
2019-01-16,teatime,6,11,15,16,26,34,25,false
2019-01-17,teatime,15,16,25,29,32,39,35,false
2019-01-18,teatime,14,27,34,40,42,47,6,false
2019-01-19,teatime,3,5,10,16,26,45,36,false
2019-01-20,teatime,8,13,26,33,35,38,22,false
2019-01-21,teatime,23,24,30,37,44,46,38,false
2019-01-22,teatime,1,10,31,41,43,44,47,false
2019-01-23,teatime,13,15,25,29,39,43,40,false
2019-01-24,teatime,5,22,24,27,38,48,43,false
2019-01-25,teatime,4,27,33,34,38,46,40,false
2019-01-26,teatime,1,2,8,17,26,35,48,false
2019-01-27,teatime,3,9,22,23,37,42,5,false
2019-01-28,teatime,9,20,35,39,40,48,49,false
2019-01-29,teatime,3,8,31,32,34,44,17,false
2019-01-30,teatime,9,10,11,21,26,44,7,false
2019-01-31,teatime,13,15,21,25,28,29,49,false
2019-02-01,lunchtime,4,9,14,38,41,47,28,false
2019-02-01,teatime,1,2,3,8,30,36,23,false
2019-02-02,lunchtime,17,28,29,31,33,43,12,false
2019-02-02,teatime,6,11,16,20,39,42,28,false
2019-02-03,lunchtime,15,26,27,29,33,48,49,false
2019-02-03,teatime,6,9,21,24,44,46,31,false
2019-02-04,lunchtime,9,10,35,38,45,48,46,false
2019-02-04,teatime,4,9,13,34,36,43,42,false
2019-02-05,lunchtime,16,17,19,26,36,40,5,false
2019-02-05,teatime,5,15,19,27,28,30,49,false
2019-02-06,lunchtime,25,27,39,40,44,47,41,false
2019-02-06,teatime,8,15,26,30,40,42,10,false
2019-02-07,lunchtime,1,3,15,33,41,45,43,false
2019-02-07,teatime,5,8,13,27,33,47,24,false
2019-02-08,lunchtime,6,9,17,30,39,48,40,false
2019-02-08,teatime,4,25,30,32,45,47,38,false
2019-02-09,lunchtime,11,13,21,31,37,47,24,false
2019-02-09,teatime,1,5,18,27,45,46,33,false
2019-02-10,lunchtime,11,15,16,30,42,48,5,false
2019-02-10,teatime,14,17,27,30,41,48,33,false
2019-02-11,lunchtime,23,25,26,30,43,47,1,false
2019-02-11,teatime,9,19,22,30,37,49,5,false
2019-02-12,lunchtime,1,4,9,30,45,47,20,false
2019-02-12,teatime,11,14,19,24,41,49,43,false
2019-02-13,lunchtime,14,16,20,24,46,49,27,false
2019-02-13,teatime,21,29,30,37,46,49,36,false
2019-02-14,lunchtime,7,12,33,34,44,48,20,false
2019-02-14,teatime,2,18,31,32,40,49,36,false
2019-02-15,lunchtime,6,7,14,16,26,36,23,false
2019-02-15,teatime,5,24,33,42,45,47,30,false
2019-02-16,lunchtime,2,5,10,24,28,47,43,false
2019-02-16,teatime,18,21,22,39,43,46,33,false
2019-02-17,lunchtime,9,21,29,32,42,47,40,false
2019-02-17,teatime,20,25,27,31,42,43,35,false
2019-02-18,lunchtime,1,13,27,37,39,41,28,false
2019-02-18,teatime,23,26,29,33,34,38,20,false
2019-02-19,lunchtime,1,7,23,33,41,48,18,false
2019-02-19,teatime,4,7,8,23,31,40,47,false
2019-02-20,lunchtime,9,20,27,31,40,46,10,false
2019-02-20,teatime,5,19,27,38,42,48,2,false
2019-02-21,lunchtime,7,12,16,17,25,28,35,false
2019-02-21,teatime,9,11,21,28,29,35,44,false
2019-02-22,lunchtime,4,5,12,22,27,32,3,false
2019-02-22,teatime,9,13,16,23,24,49,27,false
2019-02-23,lunchtime,16,22,27,36,37,44,7,false
2019-02-23,teatime,1,14,29,41,46,49,42,false
2019-02-24,lunchtime,5,23,29,39,40,48,42,false
2019-02-24,teatime,2,3,8,14,42,48,13,false
2019-02-25,lunchtime,13,24,27,38,41,45,8,false
2019-02-25,teatime,2,5,16,24,27,38,13,false
2019-02-26,lunchtime,3,9,15,19,35,41,34,false
2019-02-26,teatime,3,9,15,17,29,41,25,false
2019-02-27,lunchtime,1,19,24,26,29,41,13,false
2019-02-27,teatime,5,9,15,24,32,39,43,false
2019-02-28,lunchtime,5,7,12,18,40,46,37,false
2019-02-28,teatime,14,27,29,38,43,48,10,false
2019-03-01,lunchtime,9,16,17,20,27,47,49,false
2019-03-01,teatime,7,18,21,22,25,26,8,false
2019-03-02,lunchtime,4,8,15,43,47,48,10,false
2019-03-02,teatime,3,7,17,27,31,40,38,false
2019-03-03,lunchtime,9,27,36,37,41,42,1,false
2019-03-03,teatime,12,16,28,31,38,43,17,false
2019-03-04,lunchtime,1,7,23,26,42,49,27,false
2019-03-04,teatime,13,19,38,40,45,47,39,false
2019-03-05,lunchtime,2,6,31,37,39,42,46,false
2019-03-05,teatime,5,8,17,19,31,35,47,false
2019-03-06,lunchtime,1,10,32,39,40,44,34,false
2019-03-06,teatime,3,19,32,38,39,44,6,false
2019-03-07,lunchtime,8,9,12,16,22,39,28,false
2019-03-07,teatime,9,13,15,37,38,40,1,false
2019-03-08,lunchtime,3,7,17,26,38,49,40,false
2019-03-08,teatime,10,13,24,25,30,48,3,false
2019-03-09,lunchtime,24,35,37,42,43,49,3,false
2019-03-09,teatime,2,8,9,16,25,26,18,false
2019-03-10,lunchtime,15,16,19,20,40,46,38,false
2019-03-10,teatime,3,9,15,21,27,43,49,false
2019-03-11,lunchtime,5,18,19,39,45,46,37,false
2019-03-11,teatime,11,15,29,40,43,47,36,false
2019-03-12,lunchtime,17,28,29,36,42,43,13,false
2019-03-12,teatime,3,6,21,33,34,46,49,false
2019-03-13,lunchtime,14,18,22,29,34,38,3,false
2019-03-13,teatime,18,25,29,34,40,44,24,false
2019-03-14,lunchtime,4,15,18,31,36,37,3,false
2019-03-14,teatime,5,21,26,32,38,42,39,false
2019-03-15,lunchtime,5,20,24,29,32,44,34,false
2019-03-15,teatime,4,13,33,39,44,49,11,false
2019-03-16,lunchtime,24,27,37,38,45,46,13,false
2019-03-16,teatime,3,10,17,23,25,46,16,false
2019-03-17,lunchtime,3,5,31,35,39,46,36,false
2019-03-17,teatime,11,23,25,33,43,49,17,false
2019-03-18,lunchtime,10,19,30,35,36,47,31,false
2019-03-18,teatime,9,12,23,29,43,45,30,false
2019-03-19,lunchtime,20,21,25,26,31,45,28,false
2019-03-19,teatime,2,5,19,33,45,48,14,false
2019-03-20,lunchtime,10,13,22,27,37,44,14,false
2019-03-20,teatime,3,8,11,18,27,35,6,false
2019-03-21,lunchtime,6,13,20,25,40,41,31,false
2019-03-21,teatime,16,17,18,34,38,46,1,false
2019-03-22,lunchtime,8,9,27,36,40,43,29,false
2019-03-22,teatime,2,7,12,20,23,27,21,false
2019-03-23,lunchtime,2,10,23,26,44,47,11,false
2019-03-23,teatime,21,24,30,38,40,44,9,false
2019-03-24,lunchtime,20,21,26,36,42,46,37,false
2019-03-24,teatime,2,8,21,23,32,35,39,false
2019-03-25,lunchtime,5,17,19,30,35,36,18,false
2019-03-25,teatime,3,18,27,37,39,47,43,false
2019-03-26,lunchtime,10,21,28,37,39,45,34,false
2019-03-26,teatime,8,13,20,34,37,46,35,false
2019-03-27,lunchtime,12,17,18,27,33,41,35,false
2019-03-27,teatime,1,9,14,29,31,35,48,false
2019-03-28,lunchtime,1,8,18,34,40,42,47,false
2019-03-28,teatime,4,7,9,20,45,48,2,false
2019-03-29,lunchtime,3,15,25,26,28,45,12,false
2019-03-29,teatime,7,35,36,39,41,49,24,false
2019-03-30,lunchtime,19,20,23,45,47,49,33,false
2019-03-30,teatime,1,14,15,19,44,48,38,false
2019-03-31,lunchtime,5,10,15,16,34,36,12,false
2019-03-31,teatime,7,8,37,41,45,49,33,false
2019-04-01,lunchtime,21,23,35,36,43,48,44,false
2019-04-01,teatime,3,8,9,10,21,23,35,false
2019-04-02,lunchtime,2,6,9,42,43,45,13,false
2019-04-02,teatime,3,4,8,36,41,46,34,false
2019-04-03,lunchtime,1,3,26,29,37,45,19,false
2019-04-03,teatime,2,8,14,27,29,46,26,false
2019-04-04,lunchtime,1,6,9,16,43,44,2,false
2019-04-04,teatime,8,16,19,24,28,37,38,false
2019-04-05,lunchtime,5,11,19,23,41,45,4,false
2019-04-05,teatime,9,16,28,29,32,34,25,false
2019-04-06,lunchtime,1,4,22,27,29,36,15,false
2019-04-06,teatime,6,11,24,25,33,34,48,false
2019-04-07,lunchtime,26,35,36,38,40,46,12,false
2019-04-07,teatime,10,15,20,22,33,45,12,false
2019-04-08,lunchtime,2,4,10,26,36,45,38,false
2019-04-08,teatime,4,11,21,29,47,49,8,false
2019-04-09,lunchtime,2,12,16,18,21,29,40,false
2019-04-09,teatime,12,19,26,30,33,37,7,false
2019-04-10,lunchtime,5,16,18,31,43,48,30,false
2019-04-10,teatime,3,14,17,26,29,49,1,false
2019-04-11,lunchtime,2,8,32,33,37,48,36,false
2019-04-11,teatime,3,14,21,22,29,47,42,false
2019-04-12,lunchtime,9,15,20,26,28,49,32,false
2019-04-12,teatime,7,19,25,35,41,47,38,false
2019-04-13,lunchtime,13,17,23,29,38,39,12,false
2019-04-13,teatime,7,8,9,14,21,28,32,false
2019-04-14,lunchtime,9,18,23,27,29,32,38,false
2019-04-14,teatime,14,18,20,27,31,47,49,false
2019-04-15,lunchtime,7,9,10,34,40,41,31,false
2019-04-15,teatime,2,10,12,17,36,37,19,false
2019-04-16,lunchtime,6,9,12,13,31,48,21,false
2019-04-16,teatime,13,18,32,44,45,47,29,false
2019-04-17,lunchtime,1,6,16,26,34,40,45,false
2019-04-17,teatime,10,19,27,29,37,49,41,false
2019-04-18,lunchtime,1,3,6,10,27,43,36,false
2019-04-18,teatime,5,15,16,35,37,46,6,false
2019-04-19,lunchtime,2,4,25,34,38,40,6,false
2019-04-19,teatime,1,5,21,26,36,38,17,false
2019-04-20,lunchtime,4,11,42,43,44,47,26,false
2019-04-20,teatime,1,8,12,15,32,41,10,false
2019-04-21,lunchtime,3,4,16,20,33,42,8,false
2019-04-21,teatime,4,22,28,33,36,47,32,false
2019-04-22,lunchtime,15,21,26,27,46,49,47,false
2019-04-22,teatime,21,35,43,45,47,48,41,false
2019-04-23,lunchtime,4,15,23,27,32,34,12,false
2019-04-23,teatime,7,17,23,28,34,48,29,false
2019-04-24,lunchtime,1,2,4,17,24,36,15,false
2019-04-24,teatime,3,6,13,16,48,49,46,false
2019-04-25,lunchtime,2,6,18,24,41,48,17,false
2019-04-25,teatime,2,19,20,28,34,48,15,false
2019-04-26,lunchtime,8,9,13,26,33,40,18,false
2019-04-26,teatime,2,16,42,43,45,46,10,false
2019-04-27,lunchtime,1,9,16,24,29,47,7,false
2019-04-27,teatime,3,13,14,28,45,47,29,false
2019-04-28,lunchtime,10,17,21,33,38,41,42,false
2019-04-28,teatime,5,10,13,25,35,49,6,false
2019-04-29,lunchtime,17,30,36,41,46,49,29,false
2019-04-29,teatime,10,13,15,27,41,42,12,false
2019-04-30,lunchtime,8,23,24,29,46,49,3,false
2019-04-30,teatime,4,14,30,35,38,43,5,false
2019-05-01,lunchtime,12,18,19,24,34,43,14,false
2019-05-01,teatime,1,4,15,31,36,49,41,false
2019-05-02,lunchtime,2,5,7,23,33,36,39,false
2019-05-02,teatime,12,17,26,31,36,45,27,false
2019-05-03,lunchtime,1,22,23,31,39,40,28,false
2019-05-03,teatime,19,21,25,29,35,45,18,false
2019-05-04,lunchtime,2,5,13,16,17,37,25,false
2019-05-04,teatime,15,18,19,26,33,49,24,false
2019-05-05,lunchtime,16,19,29,30,31,48,1,false
2019-05-05,teatime,2,5,7,17,35,47,33,false
2019-05-06,lunchtime,5,20,30,35,38,44,45,false
2019-05-06,teatime,12,13,26,29,30,33,19,false
2019-05-07,lunchtime,24,25,36,40,41,48,18,false
2019-05-07,teatime,11,22,36,43,48,49,46,false
2019-05-08,lunchtime,1,15,19,29,33,40,35,false
2019-05-08,teatime,3,9,11,28,35,47,25,false
2019-05-09,lunchtime,9,12,25,29,35,36,37,false
2019-05-09,teatime,10,15,18,24,34,41,5,false
2019-05-10,lunchtime,4,15,18,25,36,48,46,false
2019-05-10,teatime,10,16,17,23,30,34,14,false
2019-05-11,lunchtime,11,16,24,27,32,45,15,false
2019-05-11,teatime,3,17,19,30,31,40,38,false
2019-05-12,lunchtime,8,17,27,29,37,38,44,false
2019-05-12,teatime,10,13,19,30,44,47,22,false
2019-05-13,lunchtime,4,13,18,22,29,35,19,false
2019-05-13,teatime,9,11,24,36,40,49,31,false
2019-05-14,lunchtime,14,21,23,27,34,36,37,false
2019-05-14,teatime,5,25,27,37,38,41,46,false
2019-05-15,lunchtime,2,18,21,30,39,47,11,false
2019-05-15,teatime,2,15,16,17,34,49,40,false
2019-05-16,lunchtime,32,35,36,44,47,48,7,false
2019-05-16,teatime,13,30,36,44,47,49,10,false
2019-05-17,lunchtime,1,14,24,41,43,48,29,false
2019-05-17,teatime,11,12,19,20,28,36,41,false
2019-05-18,lunchtime,1,8,15,31,42,45,14,false
2019-05-18,teatime,1,15,20,40,47,48,43,false
2019-05-19,lunchtime,11,14,18,25,28,47,36,false
2019-05-19,teatime,11,14,15,24,28,47,12,false
2019-05-20,lunchtime,2,31,37,42,46,47,25,false
2019-05-20,teatime,5,19,29,34,41,46,13,false
2019-05-21,lunchtime,7,9,30,32,39,48,2,false
2019-05-21,teatime,10,13,32,44,45,49,5,false
2019-05-22,lunchtime,3,14,15,16,27,34,25,false
2019-05-22,teatime,3,7,11,21,24,43,23,false
2019-05-23,lunchtime,19,21,25,34,40,43,9,false
2019-05-23,teatime,1,4,5,7,27,28,14,false
2019-05-24,lunchtime,2,25,26,27,29,46,20,false
2019-05-24,teatime,3,4,28,33,43,48,19,false
2019-05-25,lunchtime,2,8,15,17,37,42,44,false
2019-05-25,teatime,1,18,20,33,46,48,37,false
2019-05-26,lunchtime,3,8,17,23,25,48,44,false
2019-05-26,teatime,22,23,24,26,41,49,33,false
2019-05-27,lunchtime,5,10,19,23,31,42,40,false
2019-05-27,teatime,1,8,17,28,32,45,18,false
2019-05-28,lunchtime,14,19,20,26,29,32,44,false
2019-05-28,teatime,5,9,14,20,21,38,28,false
2019-05-29,lunchtime,11,26,27,32,42,45,22,false
2019-05-29,teatime,12,15,17,22,35,41,6,false
2019-05-30,lunchtime,1,13,21,33,40,44,5,false
2019-05-30,teatime,9,16,19,30,31,37,24,false
2019-05-31,lunchtime,3,7,10,30,43,48,37,false
2019-05-31,teatime,6,7,13,25,37,47,27,false
2019-06-01,lunchtime,22,33,36,43,44,45,47,false
2019-06-01,teatime,11,14,18,37,47,48,25,false
2019-06-02,lunchtime,1,3,6,14,41,44,20,false
2019-06-02,teatime,4,5,23,28,33,34,9,false
2019-06-03,lunchtime,9,16,19,20,38,40,13,false
2019-06-03,teatime,16,19,22,38,44,47,28,false
2019-06-04,lunchtime,5,26,31,36,37,48,6,false
2019-06-04,teatime,6,32,36,44,46,47,35,false
2019-06-05,lunchtime,4,20,21,39,43,44,27,false
2019-06-05,teatime,9,20,29,32,33,39,38,false
2019-06-06,lunchtime,9,28,29,37,44,47,20,false
2019-06-06,teatime,12,14,16,25,27,43,8,false
2019-06-07,lunchtime,6,9,26,28,33,47,16,false
2019-06-07,teatime,12,32,35,36,39,41,4,false
2019-06-08,lunchtime,10,20,26,29,34,45,39,false
2019-06-08,teatime,5,20,22,31,40,45,35,false
2019-06-09,lunchtime,1,8,9,33,37,41,10,false
2019-06-09,teatime,1,13,33,35,39,46,28,false
2019-06-10,lunchtime,10,11,23,24,31,36,8,false
2019-06-10,teatime,5,6,7,8,9,46,10,false
2019-06-11,lunchtime,13,15,19,27,33,44,7,false
2019-06-11,teatime,5,8,17,26,29,34,22,false
2019-06-12,lunchtime,2,4,9,23,31,35,21,false
2019-06-12,teatime,5,7,17,42,43,45,33,false
2019-06-13,lunchtime,2,4,10,15,20,40,19,false
2019-06-13,teatime,8,18,32,39,43,48,4,false
2019-06-14,lunchtime,1,6,13,21,30,40,29,false
2019-06-14,teatime,11,12,14,16,36,49,32,false
2019-06-15,lunchtime,12,22,30,37,39,48,26,false
2019-06-15,teatime,3,5,7,17,33,39,38,false
2019-06-16,lunchtime,11,13,18,27,29,42,47,false
2019-06-16,teatime,1,9,20,30,41,49,42,false
2019-06-17,lunchtime,8,10,11,33,34,44,48,false
2019-06-17,teatime,5,17,19,39,46,48,41,false
2019-06-18,lunchtime,3,4,5,9,10,40,23,false
2019-06-18,teatime,1,5,11,17,22,27,3,false
2019-06-19,lunchtime,12,13,16,22,41,47,38,false
2019-06-19,teatime,2,9,11,20,26,33,48,false
2019-06-20,lunchtime,21,27,28,36,43,46,16,false
2019-06-20,teatime,4,6,7,8,34,48,3,false
2019-06-21,lunchtime,4,8,16,25,35,43,39,false
2019-06-21,teatime,2,3,4,24,45,47,49,false
2019-06-22,lunchtime,13,15,29,34,40,49,41,false
2019-06-22,teatime,11,12,19,39,48,49,24,false
2019-06-23,lunchtime,19,22,25,29,44,47,12,false
2019-06-23,teatime,1,7,17,21,23,26,19,false
2019-06-24,lunchtime,5,8,21,22,23,25,39,false
2019-06-24,teatime,2,17,18,31,38,39,8,false
2019-06-25,lunchtime,4,12,13,18,26,31,29,false
2019-06-25,teatime,11,15,17,22,39,47,27,false
2019-06-26,lunchtime,17,21,36,41,46,49,6,false
2019-06-26,teatime,10,12,38,39,40,45,13,false
2019-06-27,lunchtime,1,17,19,27,32,44,7,false
2019-06-27,teatime,3,5,7,24,30,35,19,false
2019-06-28,lunchtime,3,5,6,10,20,35,17,false
2019-06-28,teatime,6,12,16,24,29,35,44,false
2019-06-29,lunchtime,8,13,35,36,42,49,7,false
2019-06-29,teatime,5,9,12,19,22,26,14,false
2019-06-30,lunchtime,7,11,16,25,26,28,44,false
2019-06-30,teatime,6,15,20,38,39,48,35,false
2019-07-01,lunchtime,5,13,17,27,32,46,41,false
2019-07-01,teatime,1,2,7,18,22,41,3,false
2019-07-02,lunchtime,2,17,19,20,31,34,43,false
2019-07-02,teatime,3,10,20,39,41,48,32,false
2019-07-03,lunchtime,2,15,18,21,24,40,23,false
2019-07-03,teatime,1,3,29,35,42,47,18,false
2019-07-04,lunchtime,5,19,26,41,48,49,13,false
2019-07-04,teatime,17,31,33,34,35,48,37,false
2019-07-05,lunchtime,14,18,19,28,30,48,47,false
2019-07-05,teatime,8,23,28,30,34,47,19,false
2019-07-06,lunchtime,7,21,28,38,45,46,18,false
2019-07-06,teatime,1,15,20,28,32,49,25,false
2019-07-07,lunchtime,1,6,11,17,28,41,29,false
2019-07-07,teatime,10,12,34,42,47,48,21,false
2019-07-08,lunchtime,18,35,37,43,46,47,1,false
2019-07-08,teatime,1,2,19,38,39,47,21,false
2019-07-09,lunchtime,4,8,38,41,42,47,7,false
2019-07-09,teatime,2,10,11,26,27,36,42,false
2019-07-10,lunchtime,2,13,14,15,26,43,48,false
2019-07-10,teatime,1,7,10,11,19,25,26,false
2019-07-11,lunchtime,3,12,17,26,39,45,48,false
2019-07-11,teatime,13,18,23,24,31,36,2,false
2019-07-12,lunchtime,2,10,14,23,27,37,18,false
2019-07-12,teatime,16,26,30,32,45,46,6,false
2019-07-13,lunchtime,6,8,11,24,35,43,28,false
2019-07-13,teatime,4,13,27,32,33,43,44,false
2019-07-14,lunchtime,1,9,13,19,20,30,15,false
2019-07-14,teatime,13,15,19,20,23,33,24,false
2019-07-15,lunchtime,7,13,19,25,29,48,39,false
2019-07-15,teatime,5,10,30,33,34,43,47,false
2019-07-16,lunchtime,6,12,14,15,24,38,1,false
2019-07-16,teatime,3,4,5,13,21,47,30,false
2019-07-17,lunchtime,9,33,35,38,39,41,31,false
2019-07-17,teatime,6,13,14,25,36,38,3,false
2019-07-18,lunchtime,2,13,31,37,44,46,14,false
2019-07-18,teatime,2,7,27,31,35,43,49,false
2019-07-19,lunchtime,1,9,11,17,35,39,31,false
2019-07-19,teatime,8,12,13,15,24,31,36,false
2019-07-20,lunchtime,1,3,20,24,36,41,34,false
2019-07-20,teatime,1,10,20,34,35,44,27,false
2019-07-21,lunchtime,12,14,29,31,42,47,23,false
2019-07-21,teatime,1,5,10,13,20,33,21,false
2019-07-22,lunchtime,22,23,24,25,29,31,43,false
2019-07-22,teatime,3,5,16,25,37,49,33,false
2019-07-23,lunchtime,4,16,24,36,39,43,14,false
2019-07-23,teatime,11,20,25,42,46,49,6,false
2019-07-24,lunchtime,6,17,30,31,34,42,3,false
2019-07-24,teatime,14,23,27,40,43,47,18,false
2019-07-25,lunchtime,3,11,22,25,27,45,23,false
2019-07-25,teatime,8,21,25,35,39,40,2,false
2019-07-26,lunchtime,7,11,29,41,46,47,36,false
2019-07-26,teatime,19,29,31,38,39,44,47,false
2019-07-27,lunchtime,5,6,7,11,24,37,8,false
2019-07-27,teatime,15,16,31,38,40,47,18,false
2019-07-28,lunchtime,20,28,30,33,46,47,21,false
2019-07-28,teatime,9,22,27,38,43,44,19,false
2019-07-29,lunchtime,12,18,20,25,37,45,5,false
2019-07-29,teatime,6,8,29,38,44,45,41,false
2019-07-30,lunchtime,4,13,24,27,46,47,21,false
2019-07-30,teatime,14,16,27,33,39,42,7,false
2019-07-31,lunchtime,5,12,13,15,21,23,35,false
2019-07-31,teatime,6,14,19,33,46,49,48,false
2019-08-01,lunchtime,10,12,15,18,27,28,21,false
2019-08-01,teatime,2,4,9,19,46,48,41,false
2019-08-02,lunchtime,5,25,28,31,36,45,8,false
2019-08-02,teatime,10,16,22,30,38,47,49,false
2019-08-03,lunchtime,19,24,33,45,46,47,16,false
2019-08-03,teatime,9,21,22,24,33,34,12,false
2019-08-04,lunchtime,5,15,26,29,30,33,37,false
2019-08-04,teatime,16,21,25,32,33,34,41,false
2019-08-05,lunchtime,5,26,31,44,46,48,10,false
2019-08-05,teatime,14,24,29,30,37,44,6,false
2019-08-06,lunchtime,2,28,29,37,38,41,40,false
2019-08-06,teatime,21,26,32,38,39,42,11,false
2019-08-07,lunchtime,7,10,11,23,25,38,22,false
2019-08-07,teatime,4,8,11,33,39,41,19,false
2019-08-08,lunchtime,8,10,13,21,26,43,34,false
2019-08-08,teatime,7,23,24,26,41,43,46,false
2019-08-09,lunchtime,20,26,31,32,45,46,30,false
2019-08-09,teatime,12,17,23,25,38,46,8,false
2019-08-10,lunchtime,22,24,29,38,43,45,19,false
2019-08-10,teatime,2,21,36,40,44,49,25,false
2019-08-11,lunchtime,2,6,19,20,30,38,12,false
2019-08-11,teatime,5,13,30,33,37,38,46,false
2019-08-12,lunchtime,3,5,14,29,45,47,16,false
2019-08-12,teatime,2,3,28,38,39,48,22,false
2019-08-13,lunchtime,30,38,39,40,45,46,35,false
2019-08-13,teatime,10,22,26,30,34,35,9,false
2019-08-14,lunchtime,3,14,23,25,31,49,43,false
2019-08-14,teatime,4,23,35,36,39,41,43,false
2019-08-15,lunchtime,4,15,26,37,40,44,1,false
2019-08-15,teatime,17,19,20,21,28,44,8,false
2019-08-16,lunchtime,17,20,38,41,45,49,2,false
2019-08-16,teatime,4,13,14,18,19,49,20,false
2019-08-17,lunchtime,2,13,14,15,18,47,34,false
2019-08-17,teatime,11,14,18,19,40,46,13,false
2019-08-18,lunchtime,1,7,16,30,36,43,4,false
2019-08-18,teatime,5,17,31,32,39,44,16,false
2019-08-19,lunchtime,9,15,25,34,36,43,24,false
2019-08-19,teatime,10,23,25,29,33,38,18,false
2019-08-20,lunchtime,13,16,27,30,34,43,38,false
2019-08-20,teatime,14,33,37,39,46,48,44,false
2019-08-21,lunchtime,12,13,31,32,37,40,25,false
2019-08-21,teatime,12,21,29,33,41,47,15,false
2019-08-22,lunchtime,16,23,33,36,38,46,41,false
2019-08-22,teatime,3,4,7,17,22,24,19,false
2019-08-23,lunchtime,1,4,11,24,35,42,5,false
2019-08-23,teatime,17,19,31,41,44,48,20,false
2019-08-24,lunchtime,1,12,19,21,23,35,20,false
2019-08-24,teatime,9,11,13,15,22,35,19,false
2019-08-25,lunchtime,13,18,21,27,33,45,19,false
2019-08-25,teatime,6,14,20,28,31,43,9,false
2019-08-26,lunchtime,3,7,14,16,17,34,44,false
2019-08-26,teatime,6,8,16,21,25,32,38,false
2019-08-27,lunchtime,10,14,15,16,39,46,7,false
2019-08-27,teatime,2,22,24,35,42,43,26,false
2019-08-28,lunchtime,6,9,20,34,38,47,16,false
2019-08-28,teatime,5,8,11,15,35,37,44,false
2019-08-29,lunchtime,2,9,16,21,39,42,40,false
2019-08-29,teatime,11,15,18,28,35,37,31,false
2019-08-30,lunchtime,10,22,23,30,34,47,18,false
2019-08-30,teatime,3,7,10,15,22,36,35,false
2019-08-31,lunchtime,1,2,9,30,38,48,46,false
2019-08-31,teatime,3,5,15,33,35,40,47,false
2019-09-01,lunchtime,6,7,16,21,22,33,23,false
2019-09-01,teatime,25,30,33,40,43,47,16,false
2019-09-02,lunchtime,25,26,27,29,39,49,9,false
2019-09-02,teatime,1,3,19,28,42,44,8,false
2019-09-03,lunchtime,10,21,30,33,44,47,37,false
2019-09-03,teatime,9,14,18,20,39,42,44,false
2019-09-04,lunchtime,1,5,9,11,24,48,30,false
2019-09-04,teatime,2,6,8,10,40,48,15,false
2019-09-05,lunchtime,11,12,13,36,40,46,21,false
2019-09-05,teatime,2,19,23,24,26,48,37,false
2019-09-06,lunchtime,20,21,33,35,44,47,25,false
2019-09-06,teatime,3,12,13,18,25,35,29,false
2019-09-07,lunchtime,2,4,6,18,30,38,23,false
2019-09-07,teatime,6,10,17,21,23,49,41,false
2019-09-08,lunchtime,6,13,18,28,43,49,27,false
2019-09-09,lunchtime,10,12,22,34,43,46,41,false
2019-09-09,teatime,7,20,31,45,46,49,25,false
2019-09-10,lunchtime,9,14,23,26,41,49,32,false
2019-09-10,teatime,10,17,23,34,46,48,40,false
2019-09-11,lunchtime,2,5,24,30,33,45,10,false
2019-09-11,teatime,7,12,16,17,26,32,9,false
2019-09-12,lunchtime,20,30,36,37,38,44,21,false
2019-09-12,teatime,1,11,25,29,35,44,40,false
2019-09-13,lunchtime,19,22,23,39,43,44,12,false
2019-09-13,teatime,4,14,15,19,38,46,29,false
2019-09-14,lunchtime,5,19,23,31,33,40,29,false
2019-09-14,teatime,9,18,21,30,33,42,3,false
2019-09-15,lunchtime,6,15,19,20,22,49,16,false
2019-09-15,teatime,3,6,12,25,37,49,10,false
2019-09-16,lunchtime,10,21,22,39,41,47,20,false
2019-09-16,teatime,10,11,24,27,33,34,22,false
2019-09-17,lunchtime,4,7,20,25,37,43,47,false
2019-09-17,teatime,2,17,26,30,34,38,14,false
2019-09-18,lunchtime,1,2,17,20,28,43,48,false
2019-09-18,teatime,4,8,17,20,26,47,27,false
2019-09-19,lunchtime,5,22,33,35,36,45,7,false
2019-09-19,teatime,8,17,18,28,30,41,33,false
2019-09-20,lunchtime,1,7,11,18,27,28,31,false
2019-09-20,teatime,5,6,21,24,35,46,42,false
2019-09-21,lunchtime,10,12,16,22,34,48,46,false
2019-09-21,teatime,3,15,17,19,39,42,25,false
2019-09-22,lunchtime,2,11,12,19,36,38,24,false
2019-09-22,teatime,2,19,21,22,41,45,25,false
2019-09-23,lunchtime,7,16,23,24,35,42,29,false
2019-09-23,teatime,1,3,27,35,38,49,42,false
2019-09-24,lunchtime,3,11,17,19,20,48,34,false
2019-09-24,teatime,1,2,24,28,30,44,40,false
2019-09-25,lunchtime,4,7,14,26,32,48,17,false
2019-09-25,teatime,20,22,23,25,34,40,37,false
2019-09-26,lunchtime,13,16,26,35,44,46,14,false
2019-09-26,teatime,6,16,20,25,40,46,23,false
2019-09-27,lunchtime,3,4,9,14,22,29,33,false
2019-09-27,teatime,8,22,25,36,42,45,27,false
2019-09-28,lunchtime,2,7,30,33,40,47,44,false
2019-09-28,teatime,12,15,37,43,44,46,23,false
2019-09-29,lunchtime,20,22,23,30,39,43,31,false
2019-09-29,teatime,4,21,26,30,44,46,13,false
2019-09-30,lunchtime,10,14,21,27,31,37,45,false
2019-09-30,teatime,1,7,12,30,40,41,10,false
2019-10-01,lunchtime,5,10,14,29,33,44,32,false
2019-10-01,teatime,12,13,14,36,39,49,20,false
2019-10-02,lunchtime,3,5,11,17,21,23,6,false
2019-10-02,teatime,3,13,14,36,37,40,34,false
2019-10-03,lunchtime,11,20,24,32,33,41,1,false
2019-10-03,teatime,2,13,14,30,36,46,10,false
2019-10-04,lunchtime,8,21,27,32,45,49,29,false
2019-10-04,teatime,23,33,34,40,44,45,8,false
2019-10-05,lunchtime,3,10,12,14,39,43,24,false
2019-10-05,teatime,5,15,44,46,48,49,20,false
2019-10-06,lunchtime,9,24,34,37,43,47,32,false
2019-10-06,teatime,6,10,18,41,44,47,5,false
2019-10-07,lunchtime,9,17,18,21,33,48,38,false
2019-10-07,teatime,3,15,18,19,28,43,46,false
2019-10-08,lunchtime,1,16,19,24,32,37,27,false
2019-10-08,teatime,18,19,22,27,43,49,6,false
2019-10-09,lunchtime,1,2,11,15,41,44,12,false
2019-10-09,teatime,2,4,6,26,35,38,45,false
2019-10-10,lunchtime,2,6,22,28,31,32,33,false
2019-10-10,teatime,1,17,24,26,41,44,2,false
2019-10-11,lunchtime,3,4,20,24,28,48,7,false
2019-10-11,teatime,7,23,27,39,45,48,9,false
2019-10-12,lunchtime,1,3,10,28,30,38,44,false
2019-10-12,teatime,5,24,28,30,35,47,36,false
2019-10-13,lunchtime,4,23,30,34,43,45,49,false
2019-10-13,teatime,15,16,22,32,37,39,10,false
2019-10-14,lunchtime,26,34,37,46,47,48,41,false
2019-10-14,teatime,5,12,17,25,40,44,26,false
2019-10-15,lunchtime,3,15,27,34,37,43,10,false
2019-10-15,teatime,1,11,19,22,35,45,12,false
2019-10-16,lunchtime,4,18,37,38,43,45,46,false
2019-10-16,teatime,4,18,30,31,43,47,2,false
2019-10-17,lunchtime,9,19,26,29,35,41,45,false
2019-10-17,teatime,9,16,32,43,44,47,39,false
2019-10-18,lunchtime,1,8,19,22,38,44,42,false
2019-10-18,teatime,2,25,27,28,34,41,36,false
2019-10-19,lunchtime,5,25,28,31,36,47,8,false
2019-10-19,teatime,9,10,31,39,48,49,25,false
2019-10-20,lunchtime,6,14,18,22,24,49,3,false
2019-10-20,teatime,3,7,12,24,35,45,14,false
2019-10-21,lunchtime,18,26,30,36,39,46,15,false
2019-10-21,teatime,4,21,24,27,33,34,9,false
2019-10-22,lunchtime,18,24,30,43,47,48,33,false
2019-10-22,teatime,7,11,12,26,43,46,24,false
2019-10-23,lunchtime,6,7,22,41,44,46,43,false
2019-10-23,teatime,22,27,28,33,34,49,46,false
2019-10-24,lunchtime,15,17,21,26,28,38,42,false
2019-10-24,teatime,16,17,22,34,35,42,45,false
2019-10-25,lunchtime,6,19,26,29,40,48,24,false
2019-10-25,teatime,8,10,12,27,31,42,28,false
2019-10-26,lunchtime,14,24,39,40,42,48,38,false
2019-10-26,teatime,13,24,33,35,41,43,28,false
2019-10-27,lunchtime,17,19,20,22,25,36,35,false
2019-10-27,teatime,2,15,23,40,44,48,22,false
2019-10-28,lunchtime,12,15,16,28,29,34,37,false
2019-10-28,teatime,10,15,28,36,44,47,25,false
2019-10-29,lunchtime,1,13,15,17,23,30,35,false
2019-10-29,teatime,4,7,9,11,46,48,35,false
2019-10-30,lunchtime,9,11,18,19,40,46,48,false
2019-10-30,teatime,2,8,10,11,36,39,30,false
2019-10-31,lunchtime,9,13,22,23,28,42,47,false
2019-10-31,teatime,10,11,20,31,37,49,48,false
2019-11-01,lunchtime,2,8,14,27,31,42,22,false
2019-11-01,teatime,12,19,21,23,46,49,9,false
2019-11-02,lunchtime,11,13,20,23,25,46,1,false
2019-11-02,teatime,5,9,22,23,45,46,33,false
2019-11-03,lunchtime,11,25,31,37,39,47,44,false
2019-11-03,teatime,3,4,6,7,12,15,24,false
2019-11-04,lunchtime,14,16,17,23,41,49,31,false
2019-11-04,teatime,4,19,23,26,27,29,48,false
2019-11-05,lunchtime,4,14,19,35,38,47,24,false
2019-11-05,teatime,3,25,29,38,40,49,44,false
2019-11-06,lunchtime,4,6,13,33,43,48,34,false
2019-11-06,teatime,2,7,29,30,34,40,24,false
2019-11-07,lunchtime,8,15,18,26,30,33,44,false
2019-11-07,teatime,6,11,24,25,40,49,4,false
2019-11-08,lunchtime,6,7,8,17,28,40,49,false
2019-11-08,teatime,2,13,23,32,33,48,46,false
2019-11-09,lunchtime,1,2,5,28,41,49,36,false
2019-11-09,teatime,16,24,30,31,37,45,15,false
2019-11-10,lunchtime,3,4,13,30,37,43,49,false
2019-11-10,teatime,4,10,26,28,36,38,27,false
2019-11-11,lunchtime,2,4,28,29,35,36,39,false
2019-11-11,teatime,1,25,30,34,36,39,15,false
2019-11-12,lunchtime,3,14,15,17,33,43,27,false
2019-11-12,teatime,9,35,38,42,43,44,5,false
2019-11-13,lunchtime,5,15,23,30,38,39,41,false
2019-11-13,teatime,4,5,19,21,37,47,22,false
2019-11-14,lunchtime,7,20,24,37,38,47,48,false
2019-11-14,teatime,9,20,24,37,42,46,5,false
2019-11-15,lunchtime,6,13,24,38,44,49,4,false
2019-11-15,teatime,7,36,38,39,47,49,37,false
2019-11-16,lunchtime,16,32,43,44,46,49,18,false
2019-11-16,teatime,1,4,16,19,30,31,23,false
2019-11-17,lunchtime,7,11,12,31,43,48,10,false
2019-11-17,teatime,17,19,33,40,45,49,23,false
2019-11-18,lunchtime,9,15,22,24,25,35,26,false
2019-11-18,teatime,6,9,21,27,32,36,5,false
2019-11-19,lunchtime,11,20,21,24,27,37,9,false
2019-11-19,teatime,4,26,34,37,45,46,32,false
2019-11-20,lunchtime,6,37,39,40,45,48,23,false
2019-11-20,teatime,20,21,23,27,46,49,17,false
2019-11-21,lunchtime,8,21,30,32,34,49,19,false
2019-11-21,teatime,7,11,14,24,28,43,45,false
2019-11-22,lunchtime,4,9,12,24,39,41,42,false
2019-11-22,teatime,10,22,24,26,35,37,39,false
2019-11-23,lunchtime,6,14,26,39,46,47,30,false
2019-11-23,teatime,16,18,27,33,34,39,23,false
2019-11-24,lunchtime,1,16,29,30,32,48,20,false
2019-11-24,teatime,4,6,21,26,29,41,28,false
2019-11-25,lunchtime,25,34,35,36,40,41,23,false
2019-11-25,teatime,2,10,14,20,35,45,34,false
2019-11-26,lunchtime,9,15,16,23,35,42,20,false
2019-11-26,teatime,12,19,21,35,40,46,27,false
2019-11-27,lunchtime,1,5,13,17,22,28,45,false
2019-11-27,teatime,3,11,13,19,32,33,10,false
2019-11-28,lunchtime,6,21,22,30,35,45,3,false
2019-11-28,teatime,13,25,39,40,41,49,43,false
2019-11-29,lunchtime,10,13,17,18,19,32,4,false
2019-11-29,teatime,8,11,22,23,30,47,5,false
2019-11-30,lunchtime,4,17,22,23,38,45,40,false
2019-11-30,teatime,29,31,34,37,45,48,18,false
2019-12-01,lunchtime,10,21,22,26,37,44,12,false
2019-12-01,teatime,1,11,19,23,32,45,48,false
2019-12-02,lunchtime,3,6,14,16,20,47,18,false
2019-12-02,teatime,26,29,38,40,45,47,48,false
2019-12-03,lunchtime,10,23,24,26,47,49,2,false
2019-12-03,teatime,9,12,24,27,34,48,16,false
2019-12-04,lunchtime,8,12,17,20,31,34,16,false
2019-12-04,teatime,3,20,23,26,31,39,8,false
2019-12-05,lunchtime,23,31,32,35,38,48,5,false
2019-12-05,teatime,5,8,12,31,32,34,45,false
2019-12-06,lunchtime,3,7,18,30,44,49,2,false
2019-12-06,teatime,15,17,27,34,45,47,33,false
2019-12-07,lunchtime,3,13,14,19,24,48,16,false
2019-12-07,teatime,3,5,8,12,32,41,13,false
2019-12-08,lunchtime,1,15,20,24,41,42,34,false
2019-12-08,teatime,1,7,24,29,37,41,49,false
2019-12-09,lunchtime,7,14,17,21,38,48,10,false
2019-12-09,teatime,13,14,22,23,28,35,27,false
2019-12-10,lunchtime,3,6,8,12,31,35,21,false
2019-12-10,teatime,1,7,13,30,42,46,21,false
2019-12-11,lunchtime,5,20,39,43,44,46,13,false
2019-12-11,teatime,6,8,24,31,33,39,49,false
2019-12-12,lunchtime,14,15,38,40,43,47,29,false
2019-12-12,teatime,3,6,26,35,44,48,36,false
2019-12-13,lunchtime,12,15,24,26,38,46,19,false
2019-12-13,teatime,3,12,35,39,43,47,36,false
2019-12-14,lunchtime,2,9,33,35,42,45,19,false
2019-12-14,teatime,19,27,28,31,34,46,33,false
2019-12-15,lunchtime,1,8,17,18,37,40,36,false
2019-12-15,teatime,18,25,26,40,42,48,45,false
2019-12-16,lunchtime,8,18,29,37,42,45,7,false
2019-12-16,teatime,22,24,26,33,38,41,9,false
2019-12-17,lunchtime,1,22,30,35,43,49,47,false
2019-12-17,teatime,9,14,18,32,36,39,48,false
2019-12-18,lunchtime,18,20,31,34,35,43,27,false
2019-12-18,teatime,12,14,21,28,46,49,25,false
2019-12-19,lunchtime,1,5,19,22,30,43,6,false
2019-12-19,teatime,14,21,29,30,34,36,18,false
2019-12-20,lunchtime,13,18,20,25,26,48,21,false
2019-12-20,teatime,2,5,8,16,23,35,20,false
2019-12-21,lunchtime,7,9,12,27,31,42,11,false
2019-12-21,teatime,14,15,24,26,28,36,20,false
2019-12-22,lunchtime,3,5,20,22,23,25,42,false
2019-12-22,teatime,17,21,24,26,27,41,35,false
2019-12-23,lunchtime,5,13,15,26,32,49,33,false
2019-12-23,teatime,1,11,34,41,45,46,36,false
2019-12-24,lunchtime,22,23,42,43,46,48,37,false
2019-12-24,teatime,1,11,25,26,38,40,39,false
2019-12-26,lunchtime,6,15,22,25,29,48,17,false
2019-12-26,teatime,3,15,23,28,38,42,39,false
2019-12-27,lunchtime,18,30,32,33,38,43,22,false
2019-12-27,teatime,1,7,28,34,42,47,36,false
2019-12-28,lunchtime,1,5,9,17,26,30,12,false
2019-12-28,teatime,19,24,26,42,44,45,13,false
2019-12-29,lunchtime,1,10,34,35,42,46,19,false
2019-12-29,teatime,4,12,14,23,33,41,40,false
2019-12-30,lunchtime,1,2,5,16,31,39,42,false
2019-12-30,teatime,1,3,6,33,39,49,23,false
2019-12-31,lunchtime,14,24,25,26,32,35,40,false
2019-12-31,teatime,1,4,13,35,40,49,21,false
2020-01-01,lunchtime,11,12,35,46,47,48,31,false
2020-01-01,teatime,9,15,19,22,32,47,37,false
2020-01-02,lunchtime,2,17,33,35,36,41,11,false
2020-01-02,teatime,5,24,32,38,40,44,15,false
2020-01-03,lunchtime,13,24,29,32,33,36,25,false
2020-01-03,teatime,9,10,13,29,40,47,31,false
2020-01-04,lunchtime,14,18,28,29,33,39,32,false
2020-01-04,teatime,1,8,12,17,43,44,48,false
2020-01-05,lunchtime,3,16,18,22,44,45,36,false
2020-01-05,teatime,2,22,26,34,39,41,8,false
2020-01-06,lunchtime,3,19,20,27,29,32,30,false
2020-01-06,teatime,7,17,28,35,43,48,46,false
2020-01-07,lunchtime,1,22,30,39,44,46,14,false
2020-01-07,teatime,26,38,44,45,46,49,2,false
2020-01-08,lunchtime,2,9,12,22,24,42,19,false
2020-01-08,teatime,8,10,16,22,30,39,21,false
2020-01-09,lunchtime,16,20,34,38,47,48,2,false
2020-01-09,teatime,2,6,10,24,27,39,17,false
2020-01-10,lunchtime,3,5,18,34,43,44,24,false
2020-01-10,teatime,2,4,7,22,26,42,31,false
2020-01-11,lunchtime,1,22,29,33,34,45,30,false
2020-01-11,teatime,26,31,34,36,37,39,5,false
2020-01-12,lunchtime,22,24,32,33,35,41,49,false
2020-01-12,teatime,3,6,12,19,25,37,35,false
2020-01-13,lunchtime,2,3,12,21,43,48,26,false
2020-01-13,teatime,2,23,31,37,41,47,22,false
2020-01-14,lunchtime,12,14,15,26,31,43,45,false
2020-01-14,teatime,14,15,25,26,38,45,21,false
2020-01-15,lunchtime,1,7,16,22,31,44,15,false
2020-01-15,teatime,2,26,27,39,44,46,12,false
2020-01-16,lunchtime,2,23,29,34,47,49,16,false
2020-01-16,teatime,9,12,18,20,26,43,14,false
2020-01-17,lunchtime,12,21,24,30,40,45,8,false
2020-01-17,teatime,7,9,11,17,19,24,4,false
2020-01-18,lunchtime,9,31,35,39,42,45,20,false
2020-01-18,teatime,2,15,16,27,43,46,48,false
2020-01-19,lunchtime,20,25,27,36,37,42,5,false
2020-01-19,teatime,6,14,34,35,36,46,18,false
2020-01-20,lunchtime,12,22,30,41,44,46,36,false
2020-01-20,teatime,4,7,22,30,35,38,34,false
2020-01-21,lunchtime,13,21,22,30,38,40,18,false
2020-01-21,teatime,2,6,14,34,35,48,44,false
2020-01-22,lunchtime,3,10,14,24,25,44,21,false
2020-01-22,teatime,3,10,14,22,32,49,7,false
2020-01-23,lunchtime,2,10,19,31,36,43,14,false
2020-01-23,teatime,9,15,18,43,46,47,5,false
2020-01-24,lunchtime,3,6,10,17,38,42,26,false
2020-01-24,teatime,5,7,8,38,43,49,45,false
2020-01-25,lunchtime,1,3,16,25,28,34,22,false
2020-01-25,teatime,6,11,27,28,35,45,38,false
2020-01-26,lunchtime,18,26,28,29,37,43,24,false
2020-01-26,teatime,3,11,28,34,36,46,12,false
2020-01-27,lunchtime,4,5,22,27,39,46,34,false
2020-01-27,teatime,1,5,6,18,25,33,31,false
2020-01-28,lunchtime,12,24,32,34,37,46,4,false
2020-01-28,teatime,6,7,12,19,23,39,24,false
2020-01-29,lunchtime,2,8,13,19,25,32,23,false
2020-01-29,teatime,4,22,27,37,43,45,2,false
2020-01-30,lunchtime,4,11,13,14,47,48,39,false
2020-01-30,teatime,5,8,32,35,44,47,18,false
2020-01-31,lunchtime,5,11,12,32,40,42,15,false
2020-01-31,teatime,10,17,23,35,41,47,18,false
2020-02-01,lunchtime,7,13,21,37,40,44,43,false
2020-02-01,teatime,4,10,19,25,35,45,29,false
2020-02-02,lunchtime,17,23,25,28,29,42,39,false
2020-02-02,teatime,2,3,5,17,22,32,10,false
2020-02-03,lunchtime,8,11,19,26,32,48,46,false
2020-02-03,teatime,13,18,30,35,40,41,26,false
2020-02-04,lunchtime,6,12,16,35,42,46,45,false
2020-02-04,teatime,7,11,14,15,38,42,28,false
2020-02-05,lunchtime,3,25,26,33,39,41,37,false
2020-02-05,teatime,3,13,26,33,34,44,8,false
2020-02-06,lunchtime,4,7,15,19,25,27,33,false
2020-02-06,teatime,17,18,19,41,44,45,37,false
2020-02-07,lunchtime,1,12,14,28,32,46,49,false
2020-02-07,teatime,15,22,32,34,36,49,23,false
2020-02-08,lunchtime,1,3,4,6,8,12,49,false
2020-02-08,teatime,8,9,10,25,35,48,7,false
2020-02-09,lunchtime,1,5,35,37,39,48,44,false
2020-02-09,teatime,2,14,16,24,35,43,41,false
2020-02-10,lunchtime,1,8,12,29,43,49,15,false
2020-02-10,teatime,2,23,28,29,37,40,41,false
2020-02-11,lunchtime,1,11,17,43,45,47,42,false
2020-02-11,teatime,8,24,29,32,34,46,20,false
2020-02-12,lunchtime,3,10,24,27,33,34,21,false
2020-02-12,teatime,2,14,27,31,32,46,24,false
2020-02-13,lunchtime,5,21,31,36,37,44,14,false
2020-02-13,teatime,14,25,27,42,44,47,41,false
2020-02-14,lunchtime,11,14,16,26,31,33,21,false
2020-02-14,teatime,10,25,27,29,39,45,36,false
2020-02-15,lunchtime,12,15,20,21,23,47,40,false
2020-02-15,teatime,10,12,16,29,40,41,39,false
2020-02-16,lunchtime,1,7,14,23,25,35,43,false
2020-02-16,teatime,6,13,15,17,33,36,48,false
2020-02-17,lunchtime,5,6,7,14,25,42,28,false
2020-02-17,teatime,2,7,29,31,44,49,24,false
2020-02-18,lunchtime,13,14,30,33,34,42,40,false
2020-02-18,teatime,4,6,10,12,14,32,27,false
2020-02-19,lunchtime,10,24,25,27,43,46,28,false
2020-02-19,teatime,11,12,43,45,47,49,22,false
2020-02-20,lunchtime,6,16,21,37,38,47,22,false
2020-02-20,teatime,7,20,28,35,38,44,15,false
2020-02-21,lunchtime,24,32,34,35,43,48,27,false
2020-02-21,teatime,4,13,42,43,46,49,8,false
2020-02-22,lunchtime,2,10,14,21,37,49,19,false
2020-02-22,teatime,6,14,19,24,30,34,20,false
2020-02-23,lunchtime,15,17,35,37,42,46,43,false
2020-02-23,teatime,3,11,25,30,31,34,15,false
2020-02-24,lunchtime,14,15,16,28,30,37,41,false
2020-02-24,teatime,1,3,9,36,37,46,42,false
2020-02-25,lunchtime,1,10,12,24,39,44,2,false
2020-02-25,teatime,14,16,18,23,40,42,6,false
2020-02-26,lunchtime,7,12,24,31,32,33,5,false
2020-02-26,teatime,16,23,27,32,36,49,4,false
2020-02-27,lunchtime,6,7,15,35,39,42,14,false
2020-02-27,teatime,3,5,7,31,34,46,4,false
2020-02-28,lunchtime,2,9,22,26,28,33,31,false
2020-02-28,teatime,4,10,20,24,26,44,28,false
2020-02-29,lunchtime,8,13,23,24,26,27,32,false
2020-02-29,teatime,9,12,21,23,31,37,8,false
2020-03-01,lunchtime,2,8,9,19,29,42,12,false
2020-03-01,teatime,2,12,15,20,22,39,32,false
2020-03-02,lunchtime,7,13,20,24,32,37,18,false
2020-03-02,teatime,3,9,12,31,32,45,36,false
2020-03-03,lunchtime,4,11,12,13,36,48,14,false
2020-03-03,teatime,3,10,11,18,24,48,45,false
2020-03-04,lunchtime,3,9,19,24,26,31,48,false
2020-03-04,teatime,7,10,14,22,27,31,26,false
2020-03-05,lunchtime,4,5,10,17,19,21,13,false
2020-03-05,teatime,12,18,20,25,37,49,9,false
2020-03-06,lunchtime,3,10,12,15,24,34,17,false
2020-03-06,teatime,2,19,33,39,47,48,7,false
2020-03-07,lunchtime,2,18,22,26,39,49,3,false
2020-03-07,teatime,5,17,29,31,34,43,24,false
2020-03-08,lunchtime,10,12,14,18,36,40,41,false
2020-03-08,teatime,7,16,31,32,33,47,36,false
2020-03-09,lunchtime,4,25,33,39,40,41,7,false
2020-03-09,teatime,9,10,14,15,26,43,24,false
2020-03-10,lunchtime,3,13,26,36,41,47,30,false
2020-03-10,teatime,15,20,32,39,41,49,47,false
2020-03-11,lunchtime,1,6,19,33,42,49,4,false
2020-03-11,teatime,6,15,16,30,36,37,9,false
2020-03-12,lunchtime,8,15,17,28,32,42,34,false
2020-03-12,teatime,1,3,14,16,43,48,38,false
2020-03-13,lunchtime,12,17,19,21,22,30,35,false
2020-03-13,teatime,8,12,22,26,31,35,21,false
2020-03-14,lunchtime,12,14,19,32,34,43,45,false
2020-03-14,teatime,20,26,30,36,37,41,45,false
2020-03-15,lunchtime,6,8,9,12,24,35,28,false
2020-03-15,teatime,12,13,16,31,47,48,21,false
2020-03-16,lunchtime,8,9,10,20,31,48,23,false
2020-03-16,teatime,1,16,20,37,41,49,22,false
2020-03-17,lunchtime,6,10,21,24,37,39,29,false
2020-03-17,teatime,21,22,31,38,46,48,29,false
2020-03-18,lunchtime,23,34,36,39,44,46,31,false
2020-03-18,teatime,24,28,33,40,42,43,25,false
2020-03-19,lunchtime,7,10,13,22,30,37,29,false
2020-03-19,teatime,10,16,19,23,24,46,12,false
2020-03-20,lunchtime,1,2,13,19,21,28,35,false
2020-03-20,teatime,7,16,20,37,43,49,48,false
2020-03-21,lunchtime,6,10,19,35,39,41,31,false
2020-03-21,teatime,6,7,9,25,35,42,29,false
2020-03-22,lunchtime,8,19,21,28,32,41,7,false
2020-03-22,teatime,13,20,35,37,45,46,19,false
2020-06-15,lunchtime,9,10,15,25,28,37,40,false
2020-06-15,teatime,9,11,12,14,34,37,3,false
2020-06-16,lunchtime,1,8,26,30,31,32,5,false
2020-06-16,teatime,7,8,13,23,43,44,18,false
2020-06-17,lunchtime,5,16,19,30,44,49,20,false
2020-06-17,teatime,10,14,27,34,45,48,29,false
2020-06-18,lunchtime,17,18,20,34,41,42,30,false
2020-06-18,teatime,13,21,27,29,31,34,46,false
2020-06-19,lunchtime,1,5,18,21,41,43,44,false
2020-06-19,teatime,8,10,16,27,35,36,38,false
2020-06-20,lunchtime,11,12,13,17,22,36,30,false
2020-06-20,teatime,2,11,26,36,39,46,6,false
2020-06-21,lunchtime,4,6,8,19,20,42,5,false
2020-06-21,teatime,4,14,16,24,36,47,43,false
2020-06-22,lunchtime,2,3,5,15,20,49,41,false
2020-06-22,teatime,1,8,19,30,38,47,42,false
2020-06-23,lunchtime,3,5,8,11,23,31,41,false
2020-06-23,teatime,16,20,22,24,25,47,27,false
2020-06-24,lunchtime,4,12,23,30,40,48,26,false
2020-06-24,teatime,1,20,33,35,43,45,23,false
2020-06-25,lunchtime,3,6,10,28,29,32,18,false
2020-06-25,teatime,4,8,21,22,40,46,27,false
2020-06-26,lunchtime,4,20,21,39,47,48,24,false
2020-06-26,teatime,10,13,15,33,40,48,42,false
2020-06-27,lunchtime,5,10,26,33,41,47,45,false
2020-06-27,teatime,2,4,18,22,30,46,27,false
2020-06-28,lunchtime,18,19,28,33,41,45,35,false
2020-06-28,teatime,1,15,26,27,32,49,45,false
2020-06-29,lunchtime,20,21,23,29,41,48,33,false
2020-06-29,teatime,5,6,11,27,35,36,33,false
2020-06-30,lunchtime,15,19,21,23,37,39,10,false
2020-06-30,teatime,7,10,37,42,43,49,38,false
2020-07-01,lunchtime,1,2,27,40,45,48,43,false
2020-07-01,teatime,7,10,23,24,30,33,2,false
2020-07-02,lunchtime,5,6,17,20,35,46,23,false
2020-07-02,teatime,2,14,22,28,40,49,32,false
2020-07-03,lunchtime,1,11,22,25,27,40,46,false
2020-07-03,teatime,6,15,18,23,40,44,47,false
2020-07-04,lunchtime,6,10,15,37,47,49,2,false
2020-07-04,teatime,6,7,13,23,42,43,22,false
2020-07-05,lunchtime,2,10,20,35,36,45,13,false
2020-07-05,teatime,4,15,30,31,41,43,40,false
2020-07-06,lunchtime,3,9,23,32,39,49,21,false
2020-07-06,teatime,5,11,13,24,44,49,21,false
2020-07-07,lunchtime,5,20,23,25,26,33,48,false
2020-07-07,teatime,10,11,29,31,32,43,35,false
2020-07-08,lunchtime,12,14,23,24,25,29,20,false
2020-07-08,teatime,3,9,12,17,28,32,22,false
2020-07-09,lunchtime,6,19,25,28,37,48,26,false
2020-07-09,teatime,3,4,5,20,30,39,31,false
2020-07-10,lunchtime,2,23,32,33,46,48,27,false
2020-07-10,teatime,5,18,19,27,28,32,8,false
2020-07-11,lunchtime,5,13,24,28,30,48,4,false
2020-07-11,teatime,1,3,14,35,41,49,19,false
2020-07-12,lunchtime,3,16,22,26,30,39,33,false
2020-07-12,teatime,1,6,19,24,33,39,48,false
2020-07-13,lunchtime,6,18,22,24,35,46,36,false
2020-07-13,teatime,10,13,23,29,36,37,40,false
2020-07-14,lunchtime,5,6,18,29,39,44,25,false
2020-07-14,teatime,1,16,23,37,44,45,27,false
2020-07-15,lunchtime,1,3,11,26,34,44,32,false
2020-07-15,teatime,14,23,29,31,46,47,27,false
2020-07-16,lunchtime,11,18,28,34,44,49,2,false
2020-07-16,teatime,8,24,25,37,40,45,9,false
2020-07-17,lunchtime,3,10,12,23,28,40,35,false
2020-07-17,teatime,6,7,8,14,26,42,3,false
2020-07-18,lunchtime,5,9,19,29,40,47,32,false
2020-07-18,teatime,17,20,21,27,43,49,44,false
2020-07-19,lunchtime,21,22,30,35,37,42,43,false
2020-07-19,teatime,1,8,12,17,37,38,23,false
2020-07-20,lunchtime,10,15,16,39,40,42,20,false
2020-07-20,teatime,11,15,16,26,37,40,8,false
2020-07-21,lunchtime,16,32,36,37,39,40,47,false
2020-07-21,teatime,1,8,13,16,22,34,4,false
2020-07-22,lunchtime,6,21,26,28,39,48,13,false
2020-07-22,teatime,7,16,19,34,43,47,22,false
2020-07-23,lunchtime,5,9,11,25,26,45,37,false
2020-07-23,teatime,8,29,34,44,46,48,20,false
2020-07-24,lunchtime,3,13,28,36,43,49,26,false
2020-07-24,teatime,3,5,15,23,25,27,21,false
2020-07-25,lunchtime,1,12,19,23,40,44,14,false
2020-07-25,teatime,6,19,21,26,32,47,31,false
2020-07-26,lunchtime,9,15,27,28,31,42,37,false
2020-07-26,teatime,2,14,20,28,44,47,34,false
2020-07-27,lunchtime,6,8,14,15,21,45,41,false
2020-07-27,teatime,2,9,15,21,46,49,47,false
2020-07-28,lunchtime,1,3,16,20,22,30,32,false
2020-07-28,teatime,13,16,26,35,46,47,49,false
2020-07-29,lunchtime,14,16,34,37,39,48,21,false
2020-07-29,teatime,2,4,10,37,40,46,45,false
2020-07-30,lunchtime,9,29,33,38,42,45,12,false
2020-07-30,teatime,13,20,22,37,38,44,28,false
2020-07-31,lunchtime,6,27,36,38,40,45,28,false
2020-07-31,teatime,6,15,19,22,28,42,41,false
2020-08-01,lunchtime,1,24,27,32,37,42,25,false
2020-08-01,teatime,9,14,25,26,27,36,23,false
2020-08-02,lunchtime,2,4,13,25,27,31,18,false
2020-08-02,teatime,1,7,11,23,27,45,2,false
2020-08-03,lunchtime,1,5,21,29,47,49,32,false
2020-08-03,teatime,1,2,7,14,30,34,27,false
2020-08-04,lunchtime,6,15,27,35,47,48,24,false
2020-08-04,teatime,2,8,9,17,22,29,31,false
2020-08-05,lunchtime,7,18,19,29,36,44,12,false
2020-08-05,teatime,4,17,23,24,28,42,26,false
2020-08-06,lunchtime,12,15,29,36,38,44,17,false
2020-08-06,teatime,12,35,37,40,48,49,28,false
2020-08-07,lunchtime,9,19,26,39,41,47,37,false
2020-08-07,teatime,7,14,20,25,26,29,48,false
2020-08-08,lunchtime,10,13,23,28,30,32,6,false
2020-08-08,teatime,8,9,12,23,44,46,42,false
2020-08-09,lunchtime,3,18,20,26,29,42,25,false
2020-08-09,teatime,5,7,11,20,36,42,14,false
2020-08-10,lunchtime,1,23,30,38,44,46,20,false
2020-08-10,teatime,4,14,19,27,35,39,16,false
2020-08-11,lunchtime,16,27,45,46,47,48,21,false
2020-08-11,teatime,5,12,13,24,38,40,26,false
2020-08-12,lunchtime,12,13,41,44,48,49,43,false
2020-08-12,teatime,5,7,15,21,25,40,23,false
2020-08-13,lunchtime,21,22,29,32,48,49,13,false
2020-08-13,teatime,3,20,25,26,44,47,35,false
2020-08-14,lunchtime,13,14,22,30,32,38,31,false
2020-08-14,teatime,6,8,11,14,37,40,2,false
2020-08-15,lunchtime,15,16,32,40,43,49,17,false
2020-08-15,teatime,3,8,10,17,35,39,38,false
2020-08-16,lunchtime,3,22,23,24,27,42,7,false
2020-08-16,teatime,5,23,37,38,47,49,24,false
2020-08-17,lunchtime,2,6,22,31,36,42,23,false
2020-08-17,teatime,2,10,20,31,38,49,18,false
2020-08-18,lunchtime,1,5,16,38,46,49,40,false
2020-08-18,teatime,19,23,30,36,46,47,24,false
2020-08-19,lunchtime,15,18,37,39,45,47,6,false
2020-08-19,teatime,14,16,17,19,30,37,4,false
2020-08-20,lunchtime,1,2,8,31,32,40,13,false
2020-08-20,teatime,18,21,35,40,41,44,34,false
2020-08-21,lunchtime,8,13,16,19,27,34,49,false
2020-08-21,teatime,1,2,12,22,40,49,23,false
2020-08-22,lunchtime,6,12,26,27,41,49,5,false
2020-08-22,teatime,11,29,37,45,46,48,31,false
2020-08-23,lunchtime,2,25,27,30,32,45,33,false
2020-08-23,teatime,5,11,12,17,18,27,31,false
2020-08-24,lunchtime,2,11,20,21,35,42,34,false
2020-08-24,teatime,1,12,23,28,34,41,24,false
2020-08-25,lunchtime,8,20,28,35,38,45,6,false
2020-08-25,teatime,5,6,7,39,42,44,19,false
2020-08-26,lunchtime,1,3,18,24,37,49,19,false
2020-08-26,teatime,2,3,6,9,25,30,35,false
2020-08-27,lunchtime,17,28,31,32,34,44,29,false
2020-08-27,teatime,4,13,19,23,36,41,38,false
2020-08-28,lunchtime,10,12,15,19,44,49,6,false
2020-08-28,teatime,7,17,18,27,41,42,39,false
2020-08-29,lunchtime,3,6,23,31,33,35,25,false
2020-08-29,teatime,13,25,38,44,45,48,28,false
2020-08-30,lunchtime,15,26,29,30,36,45,19,false
2020-08-30,teatime,17,19,35,39,40,48,47,false
2020-08-31,lunchtime,4,5,17,25,42,44,20,false
2020-08-31,teatime,12,13,30,34,41,42,29,false
2020-09-01,lunchtime,6,15,20,28,32,47,45,false
2020-09-01,teatime,6,7,8,19,25,44,34,false
2020-09-02,lunchtime,3,8,9,11,27,44,31,false
2020-09-02,teatime,3,5,23,30,31,49,32,false
2020-09-03,lunchtime,11,16,25,37,38,43,24,false
2020-09-03,teatime,5,31,34,36,46,48,6,false
2020-09-04,lunchtime,12,13,18,21,34,35,15,false
2020-09-04,teatime,6,13,34,35,42,46,2,false
2020-09-05,lunchtime,9,12,13,26,32,45,27,false
2020-09-05,teatime,2,9,10,12,17,24,36,false
2020-09-06,lunchtime,3,6,10,20,22,40,28,false
2020-09-06,teatime,7,12,14,18,27,39,44,false
2020-09-07,lunchtime,1,30,40,47,48,49,46,false
2020-09-07,teatime,6,18,19,20,41,44,16,false
2020-09-08,lunchtime,4,7,8,14,34,42,9,false
2020-09-08,teatime,4,6,7,8,27,38,30,false
2020-09-09,lunchtime,2,9,10,23,28,39,19,false
2020-09-09,teatime,1,8,12,38,46,49,44,false
2020-09-10,lunchtime,1,6,11,19,34,37,24,false
2020-09-10,teatime,15,22,25,39,41,46,37,false
2020-09-11,lunchtime,7,10,12,19,22,46,30,false
2020-09-11,teatime,3,19,35,45,48,49,44,false
2020-09-12,lunchtime,9,16,17,36,39,48,8,false
2020-09-12,teatime,14,19,31,32,34,39,8,false
2020-09-13,lunchtime,11,24,30,36,45,47,42,false
2020-09-13,teatime,5,6,18,35,44,46,12,false
2020-09-14,lunchtime,2,16,29,34,39,46,10,false
2020-09-14,teatime,5,6,8,25,35,46,48,false
2020-09-15,lunchtime,1,10,30,39,43,45,14,false
2020-09-15,teatime,1,2,4,11,24,42,44,false
2020-09-16,lunchtime,6,14,25,43,47,49,10,false
2020-09-16,teatime,2,8,25,38,44,47,6,false
2020-09-17,lunchtime,11,13,22,26,39,46,3,false
2020-09-17,teatime,8,12,22,28,30,46,5,false
2020-09-18,lunchtime,6,17,36,42,46,49,11,false
2020-09-18,teatime,4,24,26,33,38,46,21,false
2020-09-19,lunchtime,1,15,27,39,44,45,19,false
2020-09-19,teatime,4,7,16,24,31,47,34,false
2020-09-20,lunchtime,6,21,29,38,43,45,5,false
2020-09-20,teatime,1,9,11,13,16,32,40,false
2020-09-21,lunchtime,15,19,27,31,32,45,34,false
2020-09-21,teatime,2,6,18,41,43,48,13,false
2020-09-22,lunchtime,7,20,23,27,28,44,21,false
2020-09-22,teatime,6,17,34,36,41,49,1,false
2020-09-23,lunchtime,17,18,20,37,40,48,19,false
2020-09-23,teatime,9,18,25,30,31,38,10,false
2020-09-24,lunchtime,6,12,16,28,34,43,35,false
2020-09-24,teatime,14,25,27,31,38,39,15,false
2020-09-25,lunchtime,8,15,28,34,38,42,21,false
2020-09-25,teatime,17,20,21,24,30,31,3,false
2020-09-26,lunchtime,6,7,8,10,28,39,21,false
2020-09-26,teatime,19,22,27,39,46,49,14,false
2020-09-27,lunchtime,11,14,20,22,24,28,39,false
2020-09-27,teatime,9,16,17,21,27,48,4,false
2020-09-28,lunchtime,9,17,20,35,41,48,25,false
2020-09-28,teatime,7,12,16,29,31,34,41,false
2020-09-29,lunchtime,13,15,25,28,29,38,8,false
2020-09-29,teatime,14,28,33,38,40,44,16,false
2020-09-30,lunchtime,3,6,8,27,32,40,30,false
2020-09-30,teatime,5,8,15,36,41,43,40,false
2020-10-01,lunchtime,1,11,31,41,46,49,5,false
2020-10-01,teatime,5,9,15,19,42,46,36,false
2020-10-02,lunchtime,3,7,17,18,29,41,43,false
2020-10-02,teatime,3,8,22,28,34,41,33,false
2020-10-03,lunchtime,9,31,34,37,41,48,17,false
2020-10-03,teatime,3,9,20,36,37,46,22,false
2020-10-04,lunchtime,11,12,27,29,35,44,26,false
2020-10-04,teatime,8,9,21,26,29,37,48,false
2020-10-05,lunchtime,6,7,18,26,31,43,14,false
2020-10-05,teatime,3,16,20,21,26,28,4,false
2020-10-06,lunchtime,31,34,41,42,45,46,9,false
2020-10-06,teatime,12,21,32,34,40,46,20,false
2020-10-07,lunchtime,1,6,14,17,35,49,45,false
2020-10-07,teatime,3,13,22,30,38,46,43,false
2020-10-08,lunchtime,13,26,32,39,43,44,15,false
2020-10-08,teatime,7,9,21,24,28,43,4,false
2020-10-09,lunchtime,9,12,23,28,37,49,48,false
2020-10-09,teatime,2,12,32,33,34,44,39,false
2020-10-10,lunchtime,3,4,8,12,22,48,35,false
2020-10-10,teatime,20,29,30,31,33,37,39,false
2020-10-11,lunchtime,4,19,23,24,36,47,32,false
2020-10-11,teatime,1,4,14,24,32,45,36,false
2020-10-12,lunchtime,4,13,14,23,38,39,5,false
2020-10-12,teatime,25,28,29,32,46,48,43,false
2020-10-13,lunchtime,11,20,27,36,37,46,1,false
2020-10-13,teatime,3,10,11,16,21,27,13,false
2020-10-14,lunchtime,4,8,18,39,45,46,47,false
2020-10-14,teatime,4,13,16,19,32,38,39,false
2020-10-15,lunchtime,5,18,23,26,28,41,33,false
2020-10-15,teatime,2,13,24,27,28,32,11,false
2020-10-16,lunchtime,10,16,20,24,33,38,2,false
2020-10-16,teatime,8,12,24,26,38,45,20,false
2020-10-17,lunchtime,5,10,27,36,38,45,11,false
2020-10-17,teatime,3,9,18,25,26,36,28,false
2020-10-18,lunchtime,20,25,26,27,29,37,36,false
2020-10-18,teatime,1,3,4,14,24,43,38,false
2020-10-19,lunchtime,1,6,17,31,32,40,34,false
2020-10-19,teatime,17,19,22,28,35,47,36,false
2020-10-20,lunchtime,2,6,7,8,25,36,47,false
2020-10-20,teatime,3,4,18,21,33,47,10,false
2020-10-21,lunchtime,4,19,22,27,29,43,15,false
2020-10-21,teatime,3,14,22,24,34,36,30,false
2020-10-22,lunchtime,4,14,24,26,38,39,16,false
2020-10-22,teatime,2,29,31,38,39,41,1,false
2020-10-23,lunchtime,1,20,21,38,47,49,45,false
2020-10-23,teatime,4,10,15,20,25,35,17,false
2020-10-24,lunchtime,9,10,11,12,14,38,1,false
2020-10-24,teatime,2,10,13,24,32,37,8,false
2020-10-25,lunchtime,11,14,17,22,44,46,10,false
2020-10-25,teatime,3,22,29,34,42,45,21,false
2020-10-26,lunchtime,3,6,18,26,30,32,4,false
2020-10-26,teatime,1,3,17,25,39,41,23,false
2020-10-27,lunchtime,2,24,28,35,39,47,27,false
2020-10-27,teatime,8,11,17,23,29,35,30,false
2020-10-28,lunchtime,6,13,26,34,36,41,31,false
2020-10-28,teatime,5,6,10,17,22,31,43,false
2020-10-29,lunchtime,8,17,35,41,44,46,9,false
2020-10-29,teatime,2,4,24,25,43,46,38,false
2020-10-30,lunchtime,2,6,8,18,21,40,22,false
2020-10-30,teatime,3,12,27,38,41,45,42,false
2020-10-31,lunchtime,3,8,12,18,21,30,48,false
2020-10-31,teatime,17,20,30,35,40,43,39,false
2020-11-01,lunchtime,15,22,37,40,41,49,48,false
2020-11-01,teatime,14,24,29,38,41,48,10,false
2020-11-02,lunchtime,5,19,20,21,28,48,46,false
2020-11-02,teatime,3,5,17,25,39,47,21,false
2020-11-03,lunchtime,1,3,17,19,26,48,33,false
2020-11-03,teatime,2,3,19,37,39,45,15,false
2020-11-04,lunchtime,1,18,25,30,40,43,35,false
2020-11-04,teatime,25,30,35,41,42,47,28,false
2020-11-05,lunchtime,9,11,18,24,36,37,47,false
2020-11-05,teatime,4,7,22,37,41,42,49,false
2020-11-06,lunchtime,8,28,30,31,43,46,13,false
2020-11-06,teatime,2,11,15,20,46,48,41,false
2020-11-07,lunchtime,1,13,26,29,41,46,14,false
2020-11-07,teatime,1,4,18,31,38,44,33,false
2020-11-08,lunchtime,14,16,27,33,36,37,22,false
2020-11-08,teatime,6,8,12,14,20,24,42,false
2020-11-09,lunchtime,6,9,14,29,30,37,15,false
2020-11-09,teatime,19,25,33,37,44,46,34,false
2020-11-10,lunchtime,11,18,32,36,43,49,16,false
2020-11-10,teatime,19,34,37,40,44,47,20,false
2020-11-11,lunchtime,7,13,18,24,35,39,6,false
2020-11-11,teatime,15,28,37,40,43,48,7,false
2020-11-12,lunchtime,11,19,36,37,42,48,2,false
2020-11-12,teatime,4,5,12,28,33,39,44,false
2020-11-13,lunchtime,1,10,15,21,23,28,48,false
2020-11-13,teatime,15,18,22,28,46,48,34,false
2020-11-14,lunchtime,8,12,14,16,24,31,26,false
2020-11-14,teatime,3,9,20,26,36,40,14,false
2020-11-15,lunchtime,10,26,34,41,43,46,14,false
2020-11-15,teatime,3,20,23,26,42,48,49,false
2020-11-16,lunchtime,20,32,39,47,48,49,18,false
2020-11-16,teatime,4,13,16,26,32,47,21,false
2020-11-17,lunchtime,2,10,19,23,34,35,41,false
2020-11-17,teatime,4,9,13,28,45,48,30,false
2020-11-18,lunchtime,3,6,9,24,28,41,16,false
2020-11-18,teatime,1,7,31,36,40,45,38,false
2020-11-19,lunchtime,2,3,4,17,33,38,42,false
2020-11-19,teatime,18,19,28,32,40,47,44,false
2020-11-20,lunchtime,7,12,24,34,37,48,23,false
2020-11-20,teatime,10,12,16,18,43,48,49,false
2020-11-21,lunchtime,4,29,42,45,47,49,7,false
2020-11-21,teatime,5,6,10,24,31,38,3,false
2020-11-22,lunchtime,5,13,16,17,23,42,27,false
2020-11-22,teatime,9,14,22,28,33,36,39,false
2020-11-23,lunchtime,12,17,18,20,27,34,10,false
2020-11-23,teatime,3,8,34,37,39,48,45,false
2020-11-24,lunchtime,2,4,20,25,28,31,26,false
2020-11-24,teatime,6,15,19,24,29,42,13,false
2020-11-25,lunchtime,4,20,25,32,39,47,8,false
2020-11-25,teatime,2,7,29,39,46,49,13,false
2020-11-26,lunchtime,5,11,26,32,38,44,25,false
2020-11-26,teatime,8,9,12,16,17,37,23,false
2020-11-27,lunchtime,2,16,21,34,36,48,30,false
2020-11-27,teatime,17,18,19,23,34,43,15,false
2020-11-28,lunchtime,12,25,28,36,41,43,22,false
2020-11-28,teatime,22,24,35,36,39,40,1,false
2020-11-29,lunchtime,3,4,40,44,46,48,19,false
2020-11-29,teatime,17,19,24,27,38,47,42,false
2020-11-30,lunchtime,1,35,37,42,44,48,33,false
2020-11-30,teatime,4,17,18,21,23,39,14,false
2020-12-01,lunchtime,3,8,19,35,43,48,10,false
2020-12-01,teatime,16,22,29,32,41,48,44,false
2020-12-02,lunchtime,7,19,25,42,45,48,13,false
2020-12-02,teatime,2,11,20,29,43,49,21,false
2020-12-03,lunchtime,4,8,14,29,42,43,32,false
2020-12-03,teatime,1,6,13,16,18,19,24,false
2020-12-04,lunchtime,3,5,17,27,31,40,16,false
2020-12-04,teatime,18,21,22,33,36,44,12,false
2020-12-05,lunchtime,4,17,25,27,30,38,23,false
2020-12-05,teatime,7,9,20,21,28,39,17,false
2020-12-06,lunchtime,16,17,26,33,35,49,42,false
2020-12-06,teatime,1,7,10,21,31,35,45,false
2020-12-07,lunchtime,5,17,18,19,23,32,11,false
2020-12-07,teatime,2,4,13,39,44,47,20,false
2020-12-08,lunchtime,1,17,20,30,34,39,32,false
2020-12-08,teatime,16,25,28,35,42,45,47,false
2020-12-09,lunchtime,5,20,22,27,44,45,7,false
2020-12-09,teatime,6,7,9,29,32,42,14,false
2020-12-10,lunchtime,3,5,27,34,40,41,9,false
2020-12-10,teatime,3,15,17,28,37,42,33,false
2020-12-11,lunchtime,17,19,29,30,42,45,13,false
2020-12-11,teatime,20,26,42,43,45,47,2,false
2020-12-12,lunchtime,10,16,26,33,45,46,12,false
2020-12-12,teatime,7,9,14,16,18,26,32,false
2020-12-13,lunchtime,12,13,17,34,39,42,49,false
2020-12-13,teatime,4,24,29,39,43,44,15,false
2020-12-14,lunchtime,11,27,30,34,40,44,48,false
2020-12-14,teatime,3,13,22,28,32,34,29,false
2020-12-15,lunchtime,8,22,23,36,40,43,42,false
2020-12-15,teatime,10,16,33,37,40,49,17,false
2020-12-16,lunchtime,1,4,27,29,37,48,43,false
2020-12-16,teatime,4,10,13,25,27,33,30,false
2020-12-17,lunchtime,2,12,13,28,33,47,38,false
2020-12-17,teatime,17,22,26,27,31,34,18,false
2020-12-18,lunchtime,3,20,22,27,29,49,13,false
2020-12-18,teatime,15,17,20,29,34,46,2,false
2020-12-19,lunchtime,4,8,15,31,34,44,9,false
2020-12-19,teatime,4,8,17,45,46,48,9,false
2020-12-20,lunchtime,2,4,20,31,32,45,44,false
2020-12-20,teatime,6,13,23,30,40,42,4,false
2020-12-21,lunchtime,21,25,43,44,46,47,7,false
2020-12-21,teatime,8,20,21,22,33,48,34,false
2020-12-22,lunchtime,6,20,31,41,46,47,39,false
2020-12-22,teatime,8,17,21,31,34,40,41,false
2020-12-23,lunchtime,14,18,34,39,45,48,42,false
2020-12-23,teatime,2,6,18,35,39,43,19,false
2020-12-24,lunchtime,8,9,15,16,19,20,34,false
2020-12-24,teatime,2,6,20,23,30,31,43,false
2020-12-26,lunchtime,3,12,19,22,32,37,20,false
2020-12-26,teatime,10,12,13,20,34,35,11,false
2020-12-27,lunchtime,3,5,23,26,35,36,16,false
2020-12-27,teatime,1,10,21,25,29,47,2,false
2020-12-28,lunchtime,12,15,18,23,28,39,49,false
2020-12-28,teatime,9,18,31,34,35,43,20,false
2020-12-29,lunchtime,12,17,27,29,37,49,1,false
2020-12-29,teatime,7,15,22,37,42,45,25,false
2020-12-30,lunchtime,6,9,12,17,42,49,45,false
2020-12-30,teatime,3,11,18,19,32,41,37,false
2020-12-31,lunchtime,7,19,35,37,38,49,46,false
2020-12-31,teatime,17,18,23,28,35,42,48,false
2021-01-01,lunchtime,12,26,31,34,42,44,19,false
2021-01-01,teatime,3,5,17,27,34,40,37,false
2021-01-02,lunchtime,2,4,17,26,31,37,15,false
2021-01-02,teatime,2,3,18,32,33,48,47,false
2021-01-03,lunchtime,4,15,21,25,30,39,22,false
2021-01-03,teatime,3,7,8,15,19,42,21,false
2021-01-04,lunchtime,1,3,11,17,24,28,14,false
2021-01-04,teatime,2,12,30,31,34,45,21,false
2021-01-05,lunchtime,15,17,19,23,35,45,11,false
2021-01-05,teatime,3,4,10,17,35,48,6,false
2021-01-06,lunchtime,11,16,22,26,30,40,13,false
2021-01-06,teatime,3,9,23,36,42,47,8,false
2021-01-07,lunchtime,6,8,12,26,37,47,38,false
2021-01-07,teatime,2,8,22,30,36,42,31,false
2021-01-08,lunchtime,4,7,20,44,45,46,6,false
2021-01-08,teatime,8,17,25,31,34,45,24,false
2021-01-09,lunchtime,3,4,7,9,20,32,1,false
2021-01-09,teatime,2,4,5,9,11,27,20,false
2021-01-10,lunchtime,1,11,16,28,39,44,42,false
2021-01-10,teatime,2,18,31,39,41,48,34,false
2021-01-11,lunchtime,6,23,26,32,33,49,16,false
2021-01-11,teatime,9,18,19,33,40,42,24,false
2021-01-12,lunchtime,13,28,29,31,32,41,9,false
2021-01-12,teatime,15,17,30,32,43,44,42,false
2021-01-13,lunchtime,9,12,19,25,46,48,29,false
2021-01-13,teatime,1,14,21,33,36,47,39,false
2021-01-14,lunchtime,3,10,22,29,31,44,19,false
2021-01-14,teatime,3,12,18,34,37,43,15,false
2021-01-15,lunchtime,2,6,22,24,39,45,27,false
2021-01-15,teatime,1,8,13,19,32,36,37,false
2021-01-16,lunchtime,3,7,17,20,30,35,15,false
2021-01-16,teatime,5,6,11,20,22,39,17,false
2021-01-17,lunchtime,2,16,26,28,39,45,36,false
2021-01-17,teatime,11,20,21,28,40,47,34,false
2021-01-18,lunchtime,9,23,25,29,35,47,22,false
2021-01-18,teatime,5,9,13,24,29,35,30,false
2021-01-19,lunchtime,2,15,20,27,28,47,23,false
2021-01-19,teatime,6,7,16,22,23,49,19,false
2021-01-20,lunchtime,8,12,15,31,42,44,10,false
2021-01-20,teatime,4,6,18,38,39,45,49,false
2021-01-21,lunchtime,2,7,9,23,46,47,27,false
2021-01-21,teatime,5,10,11,17,20,44,26,false
2021-01-22,lunchtime,8,9,10,13,34,47,19,false
2021-01-22,teatime,11,12,13,24,45,48,3,false
2021-01-23,lunchtime,6,7,8,9,14,29,3,false
2021-01-23,teatime,3,9,10,36,37,49,7,false
2021-01-24,lunchtime,6,12,16,26,43,49,8,false
2021-01-24,teatime,8,12,31,40,46,47,30,false
2021-01-25,lunchtime,15,17,18,24,36,45,13,false
2021-01-25,teatime,22,28,37,38,39,42,17,false
2021-01-26,lunchtime,7,14,24,30,31,44,12,false
2021-01-26,teatime,6,22,41,45,46,47,12,false
2021-01-27,lunchtime,10,11,12,23,38,47,40,false
2021-01-27,teatime,6,17,29,30,37,40,31,false
2021-01-28,lunchtime,8,25,35,42,45,49,9,false
2021-01-28,teatime,16,19,24,39,41,44,43,false
2021-01-29,lunchtime,12,33,41,43,45,46,48,false
2021-01-29,teatime,13,18,32,33,46,48,25,false
2021-01-30,lunchtime,2,3,5,13,30,38,15,false
2021-01-30,teatime,6,10,19,26,39,42,30,false
2021-01-31,lunchtime,1,6,12,13,24,33,16,false
2021-01-31,teatime,1,3,4,8,10,38,14,false
2021-02-01,lunchtime,1,17,20,22,25,26,48,false
2021-02-01,teatime,2,12,14,21,36,43,30,false
2021-02-02,lunchtime,18,20,27,36,40,49,47,false
2021-02-02,teatime,2,5,12,27,28,33,4,false
2021-02-03,lunchtime,1,17,19,22,40,41,18,false
2021-02-03,teatime,2,18,22,40,42,49,15,false
2021-02-04,lunchtime,6,15,31,45,47,48,42,false
2021-02-04,teatime,5,16,17,20,30,33,47,false
2021-02-05,lunchtime,7,19,26,29,34,37,39,false
2021-02-05,teatime,6,8,15,23,24,27,3,false
2021-02-06,lunchtime,1,12,21,30,34,43,2,false
2021-02-06,teatime,11,15,28,34,37,44,38,false
2021-02-07,lunchtime,14,24,30,39,43,45,33,false
2021-02-07,teatime,5,10,12,15,35,36,25,false
2021-02-08,lunchtime,8,12,14,17,31,47,48,false
2021-02-08,teatime,1,18,22,30,36,46,24,false
2021-02-09,lunchtime,5,18,21,26,32,35,24,false
2021-02-09,teatime,1,10,11,21,26,28,17,false
2021-02-10,lunchtime,5,12,26,43,44,48,49,false
2021-02-10,teatime,3,14,16,17,27,33,49,false
2021-02-11,lunchtime,12,23,24,40,42,44,3,false
2021-02-11,teatime,2,3,16,38,43,49,44,false
2021-02-12,lunchtime,6,13,14,17,28,48,12,false
2021-02-12,teatime,1,4,10,30,34,36,33,false
2021-02-13,lunchtime,1,17,18,23,31,45,12,false
2021-02-13,teatime,2,11,15,25,29,34,8,false
2021-02-14,lunchtime,17,22,30,32,36,49,39,false
2021-02-14,teatime,6,10,34,38,40,44,11,false
2021-02-15,lunchtime,2,3,4,12,25,40,32,false
2021-02-15,teatime,6,11,17,33,36,39,27,false
2021-02-16,lunchtime,14,22,31,45,48,49,26,false
2021-02-16,teatime,5,7,9,23,45,48,30,false
2021-02-17,lunchtime,11,18,19,40,46,49,31,false
2021-02-17,teatime,17,26,28,30,35,48,25,false
2021-02-18,lunchtime,3,9,20,27,37,42,34,false
2021-02-18,teatime,9,10,23,24,36,45,40,false
2021-02-19,lunchtime,3,20,34,38,41,46,32,false
2021-02-19,teatime,7,13,19,28,31,41,26,false
2021-02-20,lunchtime,2,11,18,23,27,33,48,false
2021-02-20,teatime,1,6,11,17,31,33,22,false
2021-02-21,lunchtime,7,15,25,39,42,45,43,false
2021-02-21,teatime,23,24,25,34,44,49,26,false
2021-02-22,lunchtime,16,17,19,21,32,41,36,false
2021-02-22,teatime,2,7,19,24,32,43,6,false
2021-02-23,lunchtime,4,6,13,15,21,37,11,false
2021-02-23,teatime,6,11,13,20,33,42,22,false
2021-02-24,lunchtime,1,7,12,18,29,47,15,false
2021-02-24,teatime,4,16,31,33,47,48,22,false
2021-02-25,lunchtime,3,18,39,45,46,49,27,false
2021-02-25,teatime,9,16,19,31,37,49,41,false
2021-02-26,lunchtime,2,9,15,27,38,45,49,false
2021-02-26,teatime,8,11,25,40,43,47,9,false
2021-02-27,lunchtime,5,13,27,30,37,43,19,false
2021-02-27,teatime,2,5,33,37,46,47,49,false
2021-02-28,lunchtime,9,17,22,28,42,49,7,false
2021-02-28,teatime,20,26,36,37,40,44,49,false
2021-03-01,lunchtime,10,11,33,35,43,46,1,false
2021-03-01,teatime,3,14,25,26,35,36,11,false
2021-03-02,lunchtime,5,8,19,25,40,45,38,false
2021-03-02,teatime,5,8,19,39,41,45,31,false
2021-03-03,lunchtime,1,15,22,24,27,39,37,false
2021-03-03,teatime,4,6,7,24,26,49,18,false
2021-03-04,lunchtime,3,11,18,24,41,48,14,false
2021-03-04,teatime,2,9,12,18,43,45,41,false
2021-03-05,lunchtime,1,3,6,35,39,43,38,false
2021-03-05,teatime,2,8,9,10,18,27,16,false
2021-03-06,lunchtime,4,23,36,41,42,45,17,false
2021-03-06,teatime,2,5,7,21,25,44,34,false
2021-03-07,lunchtime,8,11,12,28,35,41,17,false
2021-03-07,teatime,16,24,27,30,45,49,7,false
2021-03-08,lunchtime,6,7,22,32,33,35,11,false
2021-03-08,teatime,2,10,20,22,28,31,7,false
2021-03-09,lunchtime,4,20,24,25,36,38,22,false
2021-03-09,teatime,4,7,14,15,24,44,45,false
2021-03-10,lunchtime,8,13,20,23,36,48,29,false
2021-03-10,teatime,15,19,22,37,38,40,10,false
2021-03-11,lunchtime,2,11,14,22,40,43,9,false
2021-03-11,teatime,6,9,28,29,31,33,16,false
2021-03-12,lunchtime,8,9,18,32,33,35,41,false
2021-03-12,teatime,17,23,27,28,29,46,24,false
2021-03-13,lunchtime,12,13,17,21,24,38,36,false
2021-03-13,teatime,2,34,36,42,44,46,33,false
2021-03-14,lunchtime,15,37,39,40,41,47,48,false
2021-03-14,teatime,18,21,32,41,47,48,20,false
2021-03-15,lunchtime,7,16,18,31,38,43,42,false
2021-03-15,teatime,8,13,22,24,33,47,11,false
2021-03-16,lunchtime,5,6,11,19,32,39,25,false
2021-03-16,teatime,2,16,17,19,23,40,42,false
2021-03-17,lunchtime,8,17,20,21,22,35,33,false
2021-03-17,teatime,4,13,15,27,38,44,25,false
2021-03-18,lunchtime,17,22,42,43,44,49,28,false
2021-03-18,teatime,4,7,21,25,39,45,16,false
2021-03-19,lunchtime,1,18,25,26,30,47,5,false
2021-03-19,teatime,9,10,23,31,41,43,36,false
2021-03-20,lunchtime,4,10,15,34,36,39,44,false
2021-03-20,teatime,11,12,13,25,27,42,35,false
2021-03-21,lunchtime,9,14,19,25,31,35,45,false
2021-03-21,teatime,9,30,37,38,40,49,44,false
2021-03-22,lunchtime,6,22,23,30,42,48,44,false
2021-03-22,teatime,2,5,20,27,40,46,48,false
2021-03-23,lunchtime,18,23,29,33,41,47,5,false
2021-03-23,teatime,3,12,19,26,27,43,25,false
2021-03-24,lunchtime,2,10,12,39,41,42,6,false
2021-03-24,teatime,5,9,21,22,41,44,23,false
2021-03-25,lunchtime,5,6,20,21,32,40,35,false
2021-03-25,teatime,4,11,14,15,40,48,25,false
2021-03-26,lunchtime,20,22,24,30,32,46,49,false
2021-03-26,teatime,3,19,30,36,42,45,10,false
2021-03-27,lunchtime,5,8,13,24,34,49,22,false
2021-03-27,teatime,3,7,15,20,25,33,22,false
2021-03-28,lunchtime,4,8,25,30,38,47,10,false
2021-03-28,teatime,4,25,26,28,38,49,34,false
2021-03-29,lunchtime,3,22,24,25,30,42,49,false
2021-03-29,teatime,9,21,28,31,42,48,25,false
2021-03-30,lunchtime,11,16,24,26,39,41,25,false
2021-03-30,teatime,10,15,21,38,41,45,28,false
2021-03-31,lunchtime,2,18,25,32,37,47,45,false
2021-03-31,teatime,9,14,17,21,27,47,42,false
2021-04-01,lunchtime,19,32,36,37,38,49,35,false
2021-04-01,teatime,5,24,27,33,38,45,1,false
2021-04-02,lunchtime,1,3,5,9,25,38,43,false
2021-04-02,teatime,8,12,17,43,46,49,6,false
2021-04-03,lunchtime,1,4,31,33,43,45,21,false
2021-04-03,teatime,16,19,23,32,40,41,13,false
2021-04-04,lunchtime,3,13,20,32,42,44,24,false
2021-04-04,teatime,4,9,10,16,26,32,1,false
2021-04-05,lunchtime,26,29,37,41,43,44,3,false
2021-04-05,teatime,14,23,27,31,40,42,34,false
2021-04-06,lunchtime,9,15,22,27,29,40,25,false
2021-04-06,teatime,5,9,15,16,25,34,7,false
2021-04-07,lunchtime,24,34,36,41,43,44,48,false
2021-04-07,teatime,3,19,24,28,41,46,2,false
2021-04-08,lunchtime,2,6,7,22,35,41,31,false
2021-04-08,teatime,11,23,24,33,35,43,18,false
2021-04-09,lunchtime,1,8,12,24,26,27,34,false
2021-04-09,teatime,1,9,20,25,31,40,30,false
2021-04-10,lunchtime,18,20,21,27,29,47,4,false
2021-04-10,teatime,4,7,14,30,39,47,11,false
2021-04-11,lunchtime,1,2,6,15,17,25,39,false
2021-04-11,teatime,1,2,18,24,29,31,40,false
2021-04-12,lunchtime,16,19,27,34,44,46,17,false
2021-04-12,teatime,19,28,29,39,42,47,49,false
2021-04-13,lunchtime,25,31,37,44,46,47,49,false
2021-04-13,teatime,9,11,20,31,41,46,15,false
2021-04-14,lunchtime,18,20,31,37,38,44,43,false
2021-04-14,teatime,8,11,14,28,32,35,15,false
2021-04-15,lunchtime,1,7,11,22,29,33,9,false
2021-04-15,teatime,21,22,26,27,34,40,30,false
2021-04-16,lunchtime,7,11,22,27,35,46,21,false
2021-04-16,teatime,10,12,20,30,44,46,43,false
2021-04-17,lunchtime,2,9,17,21,27,42,6,false
2021-04-17,teatime,9,11,18,19,31,41,37,false
2021-04-18,lunchtime,5,16,17,22,43,47,10,false
2021-04-18,teatime,3,21,26,28,34,38,2,false
2021-04-19,lunchtime,5,7,11,19,22,40,25,false
2021-04-19,teatime,9,30,37,44,48,49,5,false
2021-04-20,lunchtime,2,13,18,42,46,47,14,false
2021-04-20,teatime,1,8,35,40,43,47,28,false
2021-04-21,lunchtime,1,6,7,13,24,37,47,false
2021-04-21,teatime,2,12,25,40,48,49,17,false
2021-04-22,lunchtime,4,5,11,15,18,40,39,false
2021-04-22,teatime,2,8,12,15,43,47,46,false
2021-04-23,lunchtime,2,8,16,30,39,43,20,false
2021-04-23,teatime,1,16,24,25,43,47,3,false
2021-04-24,lunchtime,7,11,18,32,40,44,13,false
2021-04-24,teatime,6,25,26,38,39,40,23,false
2021-04-25,lunchtime,17,19,24,25,37,42,18,false
2021-04-25,teatime,4,9,10,13,37,43,20,false
2021-04-26,lunchtime,16,23,25,31,48,49,6,false
2021-04-26,teatime,1,3,15,38,40,45,13,false
2021-04-27,lunchtime,1,10,29,38,39,46,27,false
2021-04-27,teatime,6,12,21,31,37,44,16,false
2021-04-28,lunchtime,4,15,17,22,43,47,13,false
2021-04-28,teatime,5,12,29,33,34,47,17,false
2021-04-29,lunchtime,2,16,29,31,37,49,28,false
2021-04-29,teatime,2,6,8,12,25,49,34,false
2021-04-30,lunchtime,9,14,15,19,46,47,20,false
2021-04-30,teatime,10,18,20,31,44,45,47,false
2021-05-01,lunchtime,4,27,30,32,36,46,47,false
2021-05-01,teatime,6,7,34,35,48,49,37,false
2021-05-02,lunchtime,16,34,35,40,48,49,12,false
2021-05-02,teatime,4,18,19,24,26,37,27,false
2021-05-03,lunchtime,1,6,8,12,14,17,43,false
2021-05-03,teatime,9,12,19,36,44,45,10,false
2021-05-04,lunchtime,4,21,29,32,33,38,47,false
2021-05-04,teatime,3,6,8,24,29,45,28,false
2021-05-05,lunchtime,1,8,12,18,42,45,13,false
2021-05-05,teatime,1,3,6,14,19,34,21,false
2021-05-06,lunchtime,6,11,20,28,40,45,44,false
2021-05-06,teatime,2,22,29,42,45,46,39,false
2021-05-07,lunchtime,13,14,27,37,38,45,34,false
2021-05-07,teatime,14,24,31,33,40,49,17,false
2021-05-08,lunchtime,3,12,32,34,42,48,21,false
2021-05-08,teatime,2,16,17,26,39,49,25,false
2021-05-09,lunchtime,8,13,16,18,31,32,7,false
2021-05-09,teatime,2,7,16,33,35,45,31,false
2021-05-10,lunchtime,2,6,9,16,25,37,15,false
2021-05-10,teatime,10,14,29,35,40,48,1,false
2021-05-11,lunchtime,16,30,31,36,41,42,4,false
2021-05-11,teatime,14,23,30,33,36,40,27,false
2021-05-12,lunchtime,4,10,26,31,46,49,27,false
2021-05-12,teatime,15,19,28,35,39,44,24,false
2021-05-13,lunchtime,4,8,18,39,43,45,29,false
2021-05-13,teatime,2,29,30,39,45,47,16,false
2021-05-14,lunchtime,20,21,34,35,37,40,29,false
2021-05-14,teatime,2,6,15,25,34,36,14,false
2021-05-15,lunchtime,8,12,19,20,21,32,46,false
2021-05-15,teatime,2,5,9,23,32,36,18,false
2021-05-16,lunchtime,1,16,28,34,40,47,27,false
2021-05-16,teatime,4,6,12,16,44,46,25,false
2021-05-17,lunchtime,11,12,23,27,42,45,19,false
2021-05-17,teatime,3,10,13,25,31,49,30,false
2021-05-18,lunchtime,1,7,8,14,41,46,30,false
2021-05-18,teatime,4,19,26,27,30,37,29,false
2021-05-19,lunchtime,4,7,31,33,34,36,14,false
2021-05-19,teatime,5,13,14,24,31,46,7,false
2021-05-20,lunchtime,4,14,31,32,39,48,2,false
2021-05-20,teatime,5,8,26,28,37,39,48,false
2021-05-21,lunchtime,6,25,32,33,35,48,38,false
2021-05-21,teatime,9,14,26,31,37,45,13,false
2021-05-22,lunchtime,5,30,40,44,45,47,18,false
2021-05-22,teatime,3,9,28,34,41,47,5,false
2021-05-23,lunchtime,8,11,20,34,42,46,28,false
2021-05-23,teatime,4,11,16,29,31,40,49,false
2021-05-24,lunchtime,15,17,24,28,33,48,37,false
2021-05-24,teatime,4,13,15,19,40,48,7,false
2021-05-25,lunchtime,1,7,9,22,31,47,26,false
2021-05-25,teatime,1,4,27,31,38,44,3,false
2021-05-26,lunchtime,8,11,12,25,28,42,16,false
2021-05-26,teatime,1,22,26,36,37,38,34,false
2021-05-27,lunchtime,2,7,13,16,38,46,39,false
2021-05-27,teatime,4,15,19,31,32,45,8,false
2021-05-28,lunchtime,2,5,7,13,37,45,16,false
2021-05-28,teatime,6,7,20,22,27,29,14,false
2021-05-29,lunchtime,12,29,33,36,37,46,32,false
2021-05-29,teatime,7,16,25,28,29,32,27,false
2021-05-30,lunchtime,7,29,40,43,45,49,4,false
2021-05-30,teatime,3,18,19,25,28,45,41,false
2021-05-31,lunchtime,4,7,12,37,38,39,48,false
2021-05-31,teatime,10,20,36,38,45,48,14,false
2021-06-01,lunchtime,6,9,11,31,39,47,25,false
2021-06-01,teatime,3,8,32,38,42,47,14,false
2021-06-02,lunchtime,20,24,25,26,31,43,28,false
2021-06-02,teatime,5,6,28,32,40,47,36,false
2021-06-03,lunchtime,1,7,12,22,32,37,8,false
2021-06-03,teatime,10,15,22,23,34,46,26,false
2021-06-04,lunchtime,16,25,26,40,43,46,41,false
2021-06-04,teatime,11,14,15,30,34,40,21,false
2021-06-05,lunchtime,7,10,27,29,35,45,13,false
2021-06-05,teatime,7,24,44,47,48,49,41,false
2021-06-06,lunchtime,11,12,33,35,37,46,28,false
2021-06-06,teatime,3,7,24,29,44,48,23,false
2021-06-07,lunchtime,4,6,14,18,34,41,7,false
2021-06-07,teatime,7,18,21,31,39,46,35,false
2021-06-08,lunchtime,17,19,39,43,47,49,30,false
2021-06-08,teatime,14,17,31,32,33,48,7,false
2021-06-09,lunchtime,29,34,39,40,46,47,12,false
2021-06-09,teatime,3,10,24,33,35,46,17,false
2021-06-10,lunchtime,18,22,25,32,40,49,26,false
2021-06-10,teatime,3,11,12,23,29,47,18,false
2021-06-11,lunchtime,8,17,23,24,29,49,9,false
2021-06-11,teatime,10,23,29,34,43,44,8,false
2021-06-12,lunchtime,9,17,19,28,35,48,18,false
2021-06-12,teatime,3,14,18,33,43,44,2,false
2021-06-13,lunchtime,12,19,29,34,46,48,42,false
2021-06-13,teatime,15,16,23,32,34,47,8,false
2021-06-14,lunchtime,3,13,15,22,33,36,30,false
2021-06-14,teatime,7,14,15,16,22,26,8,false
2021-06-15,lunchtime,10,14,19,24,25,47,17,false
2021-06-15,teatime,6,10,15,31,44,46,19,false
2021-06-16,lunchtime,5,7,12,27,31,42,45,false
2021-06-16,teatime,2,4,9,20,27,31,39,false
2021-06-17,lunchtime,1,4,10,22,36,42,45,false
2021-06-17,teatime,1,7,8,18,24,33,32,false
2021-06-18,lunchtime,3,4,10,14,41,48,31,false
2021-06-18,teatime,4,5,10,26,36,45,39,false
2021-06-19,lunchtime,3,11,14,16,28,41,49,false
2021-06-19,teatime,3,7,9,19,38,40,41,false
2021-06-20,lunchtime,2,4,24,33,37,46,9,false
2021-06-20,teatime,9,12,17,25,38,39,33,false
2021-06-21,lunchtime,2,4,17,19,22,39,11,false
2021-06-21,teatime,16,17,35,36,40,42,48,false
2021-06-22,lunchtime,19,20,37,39,41,45,10,false
2021-06-22,teatime,1,6,15,21,40,44,46,false
2021-06-23,lunchtime,7,22,24,37,44,49,1,false
2021-06-23,teatime,25,29,32,37,39,44,1,false
2021-06-24,lunchtime,4,21,28,31,33,40,20,false
2021-06-24,teatime,3,4,17,24,32,35,5,false
2021-06-25,lunchtime,6,10,19,31,41,43,34,false
2021-06-25,teatime,5,9,18,33,35,40,22,false
2021-06-26,lunchtime,4,23,39,44,48,49,36,false
2021-06-26,teatime,7,13,20,25,36,42,21,false
2021-06-27,lunchtime,3,13,20,21,40,46,41,false
2021-06-27,teatime,9,12,31,36,46,49,32,false
2021-06-28,lunchtime,5,8,10,36,39,43,41,false
2021-06-28,teatime,11,15,16,20,23,39,12,false
2021-06-29,lunchtime,3,4,21,22,24,46,7,false
2021-06-29,teatime,6,9,25,35,41,47,13,false
2021-06-30,lunchtime,4,6,33,34,36,39,13,false
2021-06-30,teatime,2,14,25,36,41,45,42,false
2021-07-01,lunchtime,1,16,37,41,42,49,30,false
2021-07-01,teatime,9,17,20,39,40,42,33,false
2021-07-02,lunchtime,2,7,19,23,34,47,30,false
2021-07-02,teatime,1,4,8,24,31,39,23,false
2021-07-03,lunchtime,5,12,15,29,32,34,36,false
2021-07-03,teatime,5,8,9,19,25,34,36,false
2021-07-04,lunchtime,2,13,16,32,36,42,19,false
2021-07-04,teatime,3,12,23,37,38,47,8,false
2021-07-05,lunchtime,7,18,20,21,27,29,11,false
2021-07-05,teatime,3,9,21,24,28,43,5,false
2021-07-06,lunchtime,24,35,40,41,45,46,16,false
2021-07-06,teatime,8,14,16,27,31,35,30,false
2021-07-07,lunchtime,2,3,6,14,36,40,39,false
2021-07-07,teatime,7,29,33,34,38,42,23,false
2021-07-08,lunchtime,2,7,16,17,18,42,33,false
2021-07-08,teatime,17,18,23,27,29,30,12,false
2021-07-09,lunchtime,2,4,8,25,27,28,5,false
2021-07-09,teatime,3,7,11,13,44,46,49,false
2021-07-10,lunchtime,2,17,22,26,40,42,1,false
2021-07-10,teatime,11,16,20,24,27,37,17,false
2021-07-11,lunchtime,2,3,10,13,22,30,40,false
2021-07-11,teatime,1,6,17,37,38,43,35,false
2021-07-12,lunchtime,5,23,32,38,41,47,45,false
2021-07-12,teatime,11,12,22,34,39,44,5,false
2021-07-13,lunchtime,14,21,23,26,33,42,39,false
2021-07-13,teatime,5,9,13,17,27,44,18,false
2021-07-14,lunchtime,18,29,39,42,45,48,5,false
2021-07-14,teatime,2,9,28,35,39,40,33,false
2021-07-15,lunchtime,2,17,18,19,44,49,7,false
2021-07-15,teatime,13,19,27,36,45,49,46,false
2021-07-16,lunchtime,1,6,12,16,19,25,49,false
2021-07-16,teatime,23,27,33,40,45,46,38,false
2021-07-17,lunchtime,3,12,13,20,21,24,31,false
2021-07-17,teatime,14,17,26,30,34,44,4,false
2021-07-18,lunchtime,11,15,24,31,34,44,14,false
2021-07-18,teatime,6,11,12,14,30,43,22,false
2021-07-19,lunchtime,10,16,23,26,37,39,41,false
2021-07-19,teatime,2,7,8,27,28,34,36,false
2021-07-20,lunchtime,11,14,28,33,39,48,35,false
2021-07-20,teatime,2,3,6,7,33,40,22,false
2021-07-21,lunchtime,6,14,25,28,29,45,22,false
2021-07-21,teatime,7,9,12,26,44,46,10,false
2021-07-22,lunchtime,10,13,16,19,40,49,46,false
2021-07-22,teatime,5,10,12,21,39,45,27,false
2021-07-23,lunchtime,7,11,21,36,38,45,27,false
2021-07-23,teatime,1,5,12,17,36,48,10,false
2021-07-24,lunchtime,12,16,26,35,44,49,47,false
2021-07-24,teatime,1,3,4,8,13,34,18,false
2021-07-25,lunchtime,6,7,12,20,22,45,38,false
2021-07-25,teatime,8,16,17,19,20,49,33,false
2021-07-26,lunchtime,3,15,35,36,40,46,16,false
2021-07-26,teatime,3,9,12,22,42,48,29,false
2021-07-27,lunchtime,15,20,28,32,42,45,31,false
2021-07-27,teatime,3,4,32,36,37,38,48,false
2021-07-28,lunchtime,5,19,23,31,36,41,20,false
2021-07-28,teatime,9,14,16,20,28,37,4,false
2021-07-29,lunchtime,1,6,11,41,44,49,15,false
2021-07-29,teatime,12,17,21,33,46,47,29,false
2021-07-30,lunchtime,25,30,38,43,44,47,49,false
2021-07-30,teatime,8,22,27,34,36,40,17,false
2021-07-31,lunchtime,16,25,38,39,40,45,49,false
2021-07-31,teatime,2,4,8,19,47,49,37,false
2021-08-01,teatime,7,10,16,22,33,41,17,false
2021-08-02,teatime,12,18,22,29,39,47,19,false
2021-08-03,teatime,10,17,19,27,30,35,28,false
2021-08-04,teatime,4,11,12,34,35,38,22,false
2021-08-05,teatime,5,8,20,29,31,33,45,false
2021-08-06,teatime,2,9,22,27,41,48,20,false
2021-08-07,teatime,5,6,18,34,35,45,37,false
2021-08-08,teatime,1,2,25,29,30,37,39,false
2021-08-09,teatime,5,23,29,33,37,46,44,false
2021-08-10,teatime,8,19,25,27,34,45,24,false
2021-08-11,teatime,18,23,25,30,33,35,3,false
2021-08-12,teatime,6,37,39,41,44,49,8,false
2021-08-13,teatime,6,11,25,26,29,45,18,false
2021-08-14,teatime,1,9,17,19,22,42,44,false
2021-08-15,teatime,23,31,36,39,44,46,34,false
2021-08-16,teatime,18,23,37,39,41,45,4,false
2021-08-17,teatime,3,11,26,31,33,41,36,false
2021-08-18,teatime,15,17,23,32,41,43,35,false
2021-08-19,teatime,8,9,11,21,42,49,20,false
2021-08-20,teatime,3,7,14,31,35,47,37,false
2021-08-21,teatime,4,7,20,22,24,30,29,false
2021-08-22,teatime,9,15,19,22,31,43,20,false
2021-08-23,teatime,14,16,19,26,33,39,49,false
2021-08-24,teatime,1,9,13,33,38,44,39,false
2021-08-25,teatime,7,9,18,34,35,36,28,false
2021-08-26,teatime,2,11,14,25,26,36,37,false
2021-08-27,teatime,7,22,24,34,36,41,23,false
2021-08-28,teatime,19,23,35,37,42,48,8,false
2021-08-29,teatime,3,5,16,25,26,30,22,false
2021-08-30,teatime,6,11,17,25,36,44,16,false
2021-08-31,teatime,18,21,25,28,30,36,33,false
2021-09-01,lunchtime,3,17,26,31,34,38,1,false
2021-09-01,teatime,2,18,23,30,31,43,42,false
2021-09-02,lunchtime,3,6,9,15,40,41,45,false
2021-09-02,teatime,1,5,6,24,25,38,3,false
2021-09-03,lunchtime,2,4,18,26,38,46,24,false
2021-09-03,teatime,4,5,34,42,46,49,44,false
2021-09-04,lunchtime,14,16,17,35,39,49,4,false
2021-09-04,teatime,12,15,18,33,45,48,19,false
2021-09-05,lunchtime,1,10,37,38,39,44,17,false
2021-09-05,teatime,4,5,14,16,19,42,10,false
2021-09-06,lunchtime,2,13,15,25,39,42,47,false
2021-09-06,teatime,2,14,19,30,38,48,43,false
2021-09-07,lunchtime,4,13,19,21,23,41,20,false
2021-09-07,teatime,9,12,17,35,48,49,18,false
2021-09-08,lunchtime,7,10,35,39,41,42,3,false
2021-09-08,teatime,8,9,14,15,29,47,46,false
2021-09-09,lunchtime,8,10,15,20,25,30,19,false
2021-09-09,teatime,5,10,12,16,18,45,35,false
2021-09-10,lunchtime,19,24,26,35,36,41,39,false
2021-09-10,teatime,20,26,31,32,36,40,46,false
2021-09-11,lunchtime,2,7,25,30,43,47,12,false
2021-09-11,teatime,14,26,39,40,41,46,49,false
2021-09-12,lunchtime,13,21,23,32,35,39,27,false
2021-09-12,teatime,10,16,31,33,38,49,18,false
2021-09-13,lunchtime,4,12,16,17,43,48,28,false
2021-09-13,teatime,2,10,12,28,35,39,1,false
2021-09-14,lunchtime,3,15,16,26,47,49,34,false
2021-09-14,teatime,11,32,34,38,39,46,43,false
2021-09-15,lunchtime,4,5,6,32,34,43,48,false
2021-09-15,teatime,2,18,22,42,43,47,45,false
2021-09-16,lunchtime,4,14,23,27,45,46,44,false
2021-09-16,teatime,15,17,23,24,45,48,16,false
2021-09-17,lunchtime,12,13,19,26,35,39,43,false
2021-09-17,teatime,1,3,9,38,39,47,12,false
2021-09-18,lunchtime,13,19,31,42,43,45,5,false
2021-09-18,teatime,8,9,10,11,17,39,16,false
2021-09-19,lunchtime,1,9,16,35,43,45,2,false
2021-09-19,teatime,6,9,15,18,38,47,13,false
2021-09-20,lunchtime,4,9,26,35,39,40,25,false
2021-09-20,teatime,2,21,25,34,44,49,27,false
2021-09-21,lunchtime,2,16,28,34,36,40,10,false
2021-09-21,teatime,6,9,13,16,37,47,18,false
2021-09-22,lunchtime,16,17,22,25,35,37,46,false
2021-09-22,teatime,7,26,28,41,47,48,32,false
2021-09-23,lunchtime,7,10,22,37,38,45,39,false
2021-09-23,teatime,9,21,25,33,40,43,22,false
2021-09-24,lunchtime,7,14,17,34,40,47,18,false
2021-09-24,teatime,2,6,10,23,29,39,41,false
2021-09-25,lunchtime,12,20,27,34,39,43,29,false
2021-09-25,teatime,5,19,21,39,42,46,30,false
2021-09-26,lunchtime,3,6,12,20,36,47,39,false
2021-09-26,teatime,6,11,27,29,41,44,20,false
2021-09-27,lunchtime,2,3,8,13,21,45,44,false
2021-09-27,teatime,7,22,24,26,36,41,42,false
2021-09-28,lunchtime,1,23,28,43,45,49,3,false
2021-09-28,teatime,1,27,30,35,36,49,21,false
2021-09-29,lunchtime,6,13,30,33,36,47,43,false
2021-09-29,teatime,11,12,26,33,40,43,3,false
2021-09-30,lunchtime,4,17,20,36,43,44,2,false
2021-09-30,teatime,12,17,29,37,38,40,6,false
2021-10-01,lunchtime,3,12,30,33,40,41,9,false
2021-10-01,teatime,1,11,12,15,16,31,25,false
2021-10-02,lunchtime,15,17,20,26,39,43,29,false
2021-10-02,teatime,7,20,29,36,38,39,45,false
2021-10-03,lunchtime,3,6,7,24,40,48,33,false
2021-10-03,teatime,23,27,30,37,40,42,16,false
2021-10-04,lunchtime,7,22,27,40,41,49,13,false
2021-10-04,teatime,2,25,38,39,41,48,4,false
2021-10-05,lunchtime,3,12,18,32,33,43,11,false
2021-10-05,teatime,12,21,27,34,37,49,23,false
2021-10-06,lunchtime,1,2,7,20,40,46,41,false
2021-10-06,teatime,8,21,24,36,39,41,42,false
2021-10-07,lunchtime,3,13,37,38,39,46,25,false
2021-10-07,teatime,6,21,25,36,42,47,32,false
2021-10-08,lunchtime,9,19,27,30,40,47,22,false
2021-10-08,teatime,9,22,32,33,40,49,13,false
2021-10-09,lunchtime,13,16,18,20,25,49,28,false
2021-10-09,teatime,4,6,7,13,20,41,31,false
2021-10-10,lunchtime,4,11,12,18,29,36,47,false
2021-10-10,teatime,3,8,13,34,36,44,4,false
2021-10-11,lunchtime,2,14,31,32,46,47,24,false
2021-10-11,teatime,22,26,30,32,33,34,41,false
2021-10-12,lunchtime,2,4,5,7,14,32,24,false
2021-10-12,teatime,1,25,30,32,39,42,23,false
2021-10-13,lunchtime,20,24,31,38,39,47,44,false
2021-10-13,teatime,1,4,10,28,33,41,44,false
2021-10-14,lunchtime,1,3,14,18,20,41,42,false
2021-10-14,teatime,13,18,28,33,37,39,10,false
2021-10-15,lunchtime,2,3,16,39,41,47,11,false
2021-10-15,teatime,2,9,26,34,35,36,40,false
2021-10-16,lunchtime,14,18,20,33,34,40,22,false
2021-10-16,teatime,15,22,27,34,36,44,31,false
2021-10-17,lunchtime,2,11,24,27,33,38,44,false
2021-10-17,teatime,2,11,22,29,38,47,17,false
2021-10-18,lunchtime,13,22,28,40,44,48,23,false
2021-10-18,teatime,8,10,15,16,18,39,23,false
2021-10-19,lunchtime,8,11,20,28,32,44,26,false
2021-10-19,teatime,4,18,22,28,37,40,25,false
2021-10-20,lunchtime,4,9,24,30,40,44,23,false
2021-10-20,teatime,3,10,13,18,29,43,5,false
2021-10-21,lunchtime,8,10,31,38,45,47,21,false
2021-10-21,teatime,24,27,42,44,47,48,45,false
2021-10-22,lunchtime,2,12,16,18,39,46,36,false
2021-10-22,teatime,9,31,33,35,44,48,25,false
2021-10-23,lunchtime,1,2,7,18,20,46,37,false
2021-10-23,teatime,2,10,11,12,33,45,37,false
2021-10-24,lunchtime,2,3,10,15,34,39,22,false
2021-10-24,teatime,13,16,19,39,40,44,46,false
2021-10-25,lunchtime,14,19,21,31,40,41,28,false
2021-10-25,teatime,3,5,6,21,23,49,27,false
2021-10-26,lunchtime,3,6,9,24,39,48,14,false
2021-10-26,teatime,6,26,32,34,39,46,14,false
2021-10-27,lunchtime,2,4,5,12,22,38,45,false
2021-10-27,teatime,20,28,32,35,41,48,49,false
2021-10-28,lunchtime,8,21,23,27,38,46,14,false
2021-10-28,teatime,23,31,35,37,42,47,36,false
2021-10-29,lunchtime,2,18,25,26,36,40,11,false
2021-10-29,teatime,12,13,18,33,34,38,9,false
2021-10-30,lunchtime,7,14,16,33,43,49,41,false
2021-10-30,teatime,2,22,25,33,43,49,10,false
2021-10-31,lunchtime,10,25,32,33,36,43,37,false
2021-10-31,teatime,2,3,4,26,27,40,9,false
2021-11-01,lunchtime,17,20,34,45,46,48,49,false
2021-11-01,teatime,2,10,11,18,44,47,7,false
2021-11-02,lunchtime,3,11,13,24,43,45,42,false
2021-11-02,teatime,3,12,20,35,36,48,13,false
2021-11-03,lunchtime,7,15,29,30,47,49,20,false
2021-11-03,teatime,20,21,39,41,48,49,43,false
2021-11-04,lunchtime,4,16,17,21,33,47,2,false
2021-11-04,teatime,22,23,35,36,37,49,43,false
2021-11-05,lunchtime,11,13,16,27,32,42,3,false
2021-11-05,teatime,2,7,13,21,40,49,5,false
2021-11-06,lunchtime,5,11,18,28,36,43,15,false
2021-11-06,teatime,5,7,18,28,32,41,29,false
2021-11-07,lunchtime,1,2,3,28,41,46,6,false
2021-11-07,teatime,1,10,16,19,30,48,35,false
2021-11-08,lunchtime,7,10,11,19,22,39,3,false
2021-11-08,teatime,2,10,21,29,43,49,47,false
2021-11-09,lunchtime,4,6,11,15,16,45,21,false
2021-11-09,teatime,1,14,38,40,44,47,37,false
2021-11-10,lunchtime,1,4,28,29,36,42,5,false
2021-11-10,teatime,24,33,37,40,41,42,25,false
2021-11-11,lunchtime,7,18,23,24,27,46,35,false
2021-11-11,teatime,6,22,27,34,35,37,23,false
2021-11-12,lunchtime,6,22,27,34,36,44,23,false
2021-11-12,teatime,4,5,30,42,48,49,40,false
2021-11-13,lunchtime,4,6,19,26,35,45,49,false
2021-11-13,teatime,3,16,20,25,42,48,33,false
2021-11-14,lunchtime,1,2,10,31,40,46,6,false
2021-11-14,teatime,6,14,27,35,41,42,22,false
2021-11-15,lunchtime,13,18,30,32,41,43,26,false
2021-11-15,teatime,4,14,18,27,33,47,7,false
2021-11-16,lunchtime,10,13,16,34,41,47,23,false
2021-11-16,teatime,4,8,15,18,19,45,24,false
2021-11-17,lunchtime,1,4,16,34,35,40,41,false
2021-11-17,teatime,6,18,19,24,29,37,41,false
2021-11-18,lunchtime,10,34,36,44,46,49,24,false
2021-11-18,teatime,5,13,24,27,30,41,8,false
2021-11-19,lunchtime,5,8,10,43,44,47,46,false
2021-11-19,teatime,6,7,18,22,40,47,44,false
2021-11-20,lunchtime,4,7,29,36,42,46,22,false
2021-11-20,teatime,10,32,37,38,40,45,31,false
2021-11-21,lunchtime,11,14,25,28,37,41,35,false
2021-11-21,teatime,3,8,12,14,26,47,35,false
2021-11-22,lunchtime,13,21,37,38,43,45,39,false
2021-11-22,teatime,7,13,17,19,23,41,38,false
2021-11-23,lunchtime,15,31,34,45,46,49,48,false
2021-11-23,teatime,18,19,22,36,39,49,11,false
2021-11-24,lunchtime,2,3,28,37,39,49,9,false
2021-11-24,teatime,4,18,27,29,40,46,44,false
2021-11-25,lunchtime,4,5,22,31,40,43,13,false
2021-11-25,teatime,13,19,27,33,34,41,38,false
2021-11-26,lunchtime,5,10,16,23,25,29,30,false
2021-11-26,teatime,7,14,16,24,42,47,27,false
2021-11-27,lunchtime,9,11,24,26,27,38,28,false
2021-11-27,teatime,7,26,28,32,40,41,39,false
2021-11-28,lunchtime,7,11,24,30,35,46,19,false
2021-11-28,teatime,1,13,16,19,34,44,2,false
2021-11-29,lunchtime,6,15,31,32,43,46,3,false
2021-11-29,teatime,10,11,21,26,33,37,9,false
2021-11-30,lunchtime,7,16,30,32,36,49,10,false
2021-11-30,teatime,4,16,17,26,28,39,25,false
2021-12-01,lunchtime,2,5,8,12,14,41,3,false
2021-12-01,teatime,2,8,16,20,33,39,28,false
2021-12-02,lunchtime,1,2,14,24,28,47,12,false
2021-12-02,teatime,1,15,20,31,33,46,43,false
2021-12-03,lunchtime,2,4,24,28,35,46,10,false
2021-12-03,teatime,11,12,14,19,42,44,2,false
2021-12-04,lunchtime,3,9,13,26,34,45,27,false
2021-12-04,teatime,3,20,22,35,43,49,48,false
2021-12-05,lunchtime,1,3,23,40,48,49,38,false
2021-12-05,teatime,2,13,18,28,47,48,31,false
2021-12-06,lunchtime,1,3,16,19,23,29,35,false
2021-12-06,teatime,10,17,20,28,34,37,19,false
2021-12-07,lunchtime,3,23,35,36,42,47,43,false
2021-12-07,teatime,16,20,30,42,44,47,46,false
2021-12-08,lunchtime,4,8,16,36,46,48,9,false
2021-12-08,teatime,1,3,10,14,22,43,32,false
2021-12-09,lunchtime,3,22,23,31,43,45,38,false
2021-12-09,teatime,2,15,32,41,43,49,8,false
2021-12-10,lunchtime,1,8,9,19,38,47,42,false
2021-12-10,teatime,4,6,11,12,33,35,40,false
2021-12-11,lunchtime,18,21,22,33,39,43,15,false
2021-12-11,teatime,2,5,20,22,35,38,10,false
2021-12-12,lunchtime,2,3,23,35,46,48,31,false
2021-12-12,teatime,5,13,19,26,27,46,12,false
2021-12-13,lunchtime,6,9,20,25,33,36,31,false
2021-12-13,teatime,8,13,19,43,45,49,38,false
2021-12-14,lunchtime,1,8,9,12,28,44,39,false
2021-12-14,teatime,13,25,32,35,39,46,11,false
2021-12-15,lunchtime,10,12,14,39,47,48,43,false
2021-12-15,teatime,3,4,21,39,40,46,5,false
2021-12-16,lunchtime,15,19,33,35,37,39,17,false
2021-12-16,teatime,3,6,8,14,15,29,40,false
2021-12-17,lunchtime,5,7,10,11,28,34,15,false
2021-12-17,teatime,4,13,18,20,30,39,44,false
2021-12-18,lunchtime,2,3,24,32,35,46,27,false
2021-12-18,teatime,10,16,17,33,38,42,15,false
2021-12-19,lunchtime,6,20,33,44,45,47,36,false
2021-12-19,teatime,9,18,21,22,25,44,30,false
2021-12-20,lunchtime,8,16,20,26,29,47,6,false
2021-12-20,teatime,2,14,15,24,36,45,19,false
2021-12-21,lunchtime,11,12,22,28,29,32,10,false
2021-12-21,teatime,1,23,32,36,40,48,9,false
2021-12-22,lunchtime,3,7,11,13,19,20,33,false
2021-12-22,teatime,1,15,20,36,38,41,42,false
2021-12-23,lunchtime,20,24,27,41,43,47,29,false
2021-12-23,teatime,5,14,16,17,19,31,23,false
2021-12-24,lunchtime,3,5,18,23,30,34,20,false
2021-12-24,teatime,9,12,16,28,31,37,6,false
2021-12-26,lunchtime,12,15,31,35,45,47,5,false
2021-12-26,teatime,7,9,19,24,26,40,41,false
2021-12-27,lunchtime,17,18,20,27,39,48,9,false
2021-12-27,teatime,3,12,21,36,41,45,6,false
2021-12-28,lunchtime,3,15,22,25,26,37,36,false
2021-12-28,teatime,12,19,36,38,43,46,11,false
2021-12-29,lunchtime,5,6,7,12,40,47,39,false
2021-12-29,teatime,5,15,16,33,34,39,21,false
2021-12-30,lunchtime,2,31,37,38,44,47,1,false
2021-12-30,teatime,4,15,20,27,36,39,47,false
2021-12-31,lunchtime,11,14,29,30,31,36,35,false
2021-12-31,teatime,3,8,18,35,44,49,1,false
2022-01-01,lunchtime,5,8,25,31,42,44,26,false
2022-01-01,teatime,5,18,28,33,41,47,39,false
2022-01-02,lunchtime,24,31,37,42,47,49,41,false
2022-01-02,teatime,5,20,29,30,44,49,3,false
2022-01-03,lunchtime,12,16,19,30,44,45,14,false
2022-01-03,teatime,17,25,33,35,41,47,1,false
2022-01-04,lunchtime,7,12,23,25,27,30,45,false
2022-01-04,teatime,24,28,29,30,35,42,6,false
2022-01-05,lunchtime,2,8,11,21,33,41,24,false
2022-01-05,teatime,11,16,28,31,36,49,4,false
2022-01-06,lunchtime,1,6,8,14,41,42,29,false
2022-01-06,teatime,4,17,23,35,37,47,18,false
2022-01-07,lunchtime,12,23,31,37,44,49,24,false
2022-01-07,teatime,5,7,17,28,30,37,15,false
2022-01-08,lunchtime,6,14,29,37,44,48,22,false
2022-01-08,teatime,13,19,24,27,31,39,16,false
2022-01-09,lunchtime,3,10,20,32,33,43,44,false
2022-01-09,teatime,4,5,6,21,33,39,17,false
2022-01-10,lunchtime,23,25,35,41,45,49,5,false
2022-01-10,teatime,23,25,35,41,45,49,5,false
2022-01-11,lunchtime,26,30,33,42,43,48,8,false
2022-01-11,teatime,2,5,22,33,34,45,1,false
2022-01-12,lunchtime,15,23,32,38,41,46,17,false
2022-01-12,teatime,2,9,24,26,39,41,33,false
2022-01-13,lunchtime,2,29,32,38,41,44,14,false
2022-01-13,teatime,2,13,25,30,44,46,47,false
2022-01-14,lunchtime,10,14,22,36,37,48,47,false
2022-01-14,teatime,2,3,6,9,38,48,27,false
2022-01-15,lunchtime,4,5,19,29,37,44,12,false
2022-01-15,teatime,1,4,24,26,32,41,42,false
2022-01-16,lunchtime,4,6,8,25,37,43,31,false
2022-01-16,teatime,3,14,16,24,29,49,22,false
2022-01-17,lunchtime,15,19,26,36,45,48,29,false
2022-01-17,teatime,4,5,14,16,25,35,1,false
2022-01-18,lunchtime,15,23,29,36,37,46,27,false
2022-01-18,teatime,2,7,15,18,25,35,1,false
2022-01-19,lunchtime,5,25,38,41,43,45,40,false
2022-01-19,teatime,2,26,29,37,42,49,48,false
2022-01-20,lunchtime,6,10,15,30,33,47,13,false
2022-01-20,teatime,9,24,27,39,40,44,10,false
2022-01-21,lunchtime,4,14,19,22,30,35,29,false
2022-01-21,teatime,3,22,30,31,34,48,21,false
2022-01-22,lunchtime,5,10,21,26,37,41,40,false
2022-01-22,teatime,7,8,15,16,20,24,32,false
2022-01-23,lunchtime,15,22,31,36,44,45,20,false
2022-01-23,teatime,1,4,14,18,21,29,2,false
2022-01-24,lunchtime,7,11,13,27,46,49,33,false
2022-01-24,teatime,3,11,20,27,31,32,48,false
2022-01-25,lunchtime,5,19,22,23,24,39,18,false
2022-01-25,teatime,3,25,42,43,44,47,21,false
2022-01-26,lunchtime,9,15,19,29,37,47,39,false
2022-01-26,teatime,1,6,10,17,22,44,45,false
2022-01-27,lunchtime,7,9,11,31,33,35,19,false
2022-01-27,teatime,2,7,12,32,37,46,15,false
2022-01-28,lunchtime,3,12,28,36,39,42,5,false
2022-01-28,teatime,4,20,22,24,41,44,31,false
2022-01-29,lunchtime,14,30,34,37,40,41,8,false
2022-01-29,teatime,1,22,23,25,28,35,29,false
2022-01-30,lunchtime,10,15,22,24,29,39,23,false
2022-01-30,teatime,5,13,16,24,31,48,20,false
2022-01-31,lunchtime,3,15,20,38,42,49,4,false
2022-01-31,teatime,13,18,30,41,46,49,44,false
2022-02-01,lunchtime,17,24,37,40,45,47,9,false
2022-02-01,teatime,3,4,8,22,46,49,1,false
2022-02-02,lunchtime,3,5,20,24,30,45,37,false
2022-02-02,teatime,7,20,22,26,38,45,37,false
2022-02-03,lunchtime,8,16,23,31,36,38,41,false
2022-02-03,teatime,10,11,12,18,25,43,8,false
2022-02-04,lunchtime,4,12,13,16,17,28,44,false
2022-02-04,teatime,3,6,11,13,22,33,14,false
2022-02-05,lunchtime,1,17,18,22,23,39,20,false
2022-02-05,teatime,2,4,9,12,17,43,40,false
2022-02-06,lunchtime,2,3,6,21,28,49,41,false
2022-02-06,teatime,6,8,11,13,32,34,12,false
2022-02-07,lunchtime,7,10,33,43,44,47,42,false
2022-02-07,teatime,7,13,19,38,43,47,26,false
2022-02-08,lunchtime,2,3,15,19,32,38,29,false
2022-02-08,teatime,17,27,34,35,42,45,15,false
2022-02-09,lunchtime,8,19,20,32,35,48,44,false
2022-02-09,teatime,10,12,19,28,40,42,32,false
2022-02-10,lunchtime,2,9,37,39,43,48,21,false
2022-02-10,teatime,12,21,28,36,44,48,8,false
2022-02-11,lunchtime,13,16,23,28,35,44,38,false
2022-02-11,teatime,17,30,31,33,47,48,18,false
2022-02-12,lunchtime,2,10,17,24,28,40,8,false
2022-02-12,teatime,3,14,16,21,28,40,24,false
2022-02-13,lunchtime,1,6,11,12,23,42,35,false
2022-02-13,teatime,6,9,25,31,39,42,21,false
2022-02-14,lunchtime,9,11,15,18,33,36,28,false
2022-02-14,teatime,2,8,16,20,29,31,43,false
2022-02-15,lunchtime,6,7,8,10,16,28,15,false
2022-02-15,teatime,1,15,20,32,33,42,27,false
2022-02-16,lunchtime,3,12,26,32,40,46,39,false
2022-02-16,teatime,3,12,26,32,40,46,39,false
2022-02-17,lunchtime,11,13,18,28,38,47,39,false
2022-02-17,teatime,1,26,29,30,44,47,38,false
2022-02-18,lunchtime,2,3,9,25,33,45,44,false
2022-02-18,teatime,2,15,20,38,40,47,18,false
2022-02-19,lunchtime,12,25,32,43,44,47,23,false
2022-02-19,teatime,5,30,33,40,43,45,18,false
2022-02-20,lunchtime,7,11,24,38,43,47,9,false
2022-02-20,teatime,8,14,19,31,45,48,16,false
2022-02-21,lunchtime,7,11,12,18,31,35,5,false
2022-02-21,teatime,6,12,19,27,37,48,28,false
2022-02-22,lunchtime,7,10,36,39,42,44,8,false
2022-02-22,teatime,1,5,11,16,32,35,27,false
2022-02-23,lunchtime,1,2,15,24,31,42,48,false
2022-02-23,teatime,2,12,22,24,33,39,37,false
2022-02-24,lunchtime,4,5,9,16,20,40,3,false
2022-02-24,teatime,16,18,39,46,48,49,4,false
2022-02-25,lunchtime,3,4,14,16,34,40,39,false
2022-02-25,teatime,6,8,23,24,46,47,32,false
2022-02-26,lunchtime,5,6,7,8,30,31,15,false
2022-02-26,teatime,1,5,6,28,36,40,41,false
2022-02-27,lunchtime,1,8,18,20,23,38,34,false
2022-02-27,teatime,18,23,32,35,41,46,17,false
2022-02-28,lunchtime,4,5,8,16,29,40,36,false
2022-02-28,teatime,6,17,20,22,30,37,27,false
2022-03-01,lunchtime,8,22,29,38,44,45,31,false
2022-03-01,teatime,3,16,17,36,43,46,24,false
2022-03-02,lunchtime,11,30,39,44,45,49,5,false
2022-03-02,teatime,21,23,39,43,45,46,8,false
2022-03-03,lunchtime,8,9,18,22,30,49,45,false
2022-03-03,teatime,3,11,12,20,24,48,27,false
2022-03-04,lunchtime,21,25,28,32,37,47,20,false
2022-03-04,teatime,2,5,21,37,38,43,17,false
2022-03-05,lunchtime,6,9,13,21,26,49,4,false
2022-03-05,teatime,1,9,12,27,36,48,25,false
2022-03-06,lunchtime,1,6,10,13,21,39,36,false
2022-03-06,teatime,8,22,30,31,42,48,38,false
2022-03-07,lunchtime,3,7,26,30,37,39,38,false
2022-03-07,teatime,6,17,25,26,41,49,19,false
2022-03-08,lunchtime,8,13,16,28,32,48,17,false
2022-03-08,teatime,9,27,30,31,41,47,10,false
2022-03-09,lunchtime,1,21,28,30,44,47,37,false
2022-03-09,teatime,12,18,27,30,32,45,24,false
2022-03-10,lunchtime,1,4,6,9,17,41,7,false
2022-03-10,teatime,11,22,30,34,36,47,32,false
2022-03-11,lunchtime,23,28,40,44,48,49,10,false
2022-03-11,teatime,6,20,31,32,38,48,28,false
2022-03-12,lunchtime,28,33,34,38,40,48,25,false
2022-03-12,teatime,4,17,21,26,27,47,31,false
2022-03-13,lunchtime,1,9,15,16,36,38,41,false
2022-03-13,teatime,6,7,14,23,27,35,29,false
2022-03-14,lunchtime,5,20,28,37,42,45,6,false
2022-03-14,teatime,13,15,28,29,32,37,44,false
2022-03-15,lunchtime,5,14,22,27,29,30,31,false
2022-03-15,teatime,16,19,32,38,41,46,29,false
2022-03-16,lunchtime,6,16,22,26,35,40,9,false
2022-03-16,teatime,13,14,30,40,41,47,38,false
2022-03-17,lunchtime,8,11,15,23,30,47,42,false
2022-03-17,teatime,4,9,15,34,46,49,28,false
2022-03-18,lunchtime,22,35,40,44,45,47,34,false
2022-03-18,teatime,3,19,31,33,37,46,26,false
2022-03-19,lunchtime,9,11,20,34,38,42,29,false
2022-03-19,teatime,10,11,15,24,26,42,22,false
2022-03-20,lunchtime,1,11,19,35,45,47,42,false
2022-03-20,teatime,3,13,14,26,32,46,49,false
2022-03-21,lunchtime,8,16,32,33,37,42,4,false
2022-03-21,teatime,1,17,18,38,42,48,7,false
2022-03-22,lunchtime,1,23,25,38,39,43,12,false
2022-03-22,teatime,2,23,28,33,44,49,30,false
2022-03-23,lunchtime,4,10,11,15,27,32,45,false
2022-03-23,teatime,9,23,35,38,41,42,27,false
2022-03-24,lunchtime,16,19,22,26,32,34,3,false
2022-03-24,teatime,7,12,36,37,42,46,21,false
2022-03-25,lunchtime,17,27,33,40,42,47,35,false
2022-03-25,teatime,22,23,26,27,37,47,19,false
2022-03-26,lunchtime,4,12,27,37,44,45,26,false
2022-03-26,teatime,15,18,32,40,47,48,2,false
2022-03-27,lunchtime,6,14,22,30,43,45,34,false
2022-03-27,teatime,12,13,20,22,28,38,15,false
2022-03-28,lunchtime,19,21,22,30,31,49,1,false
2022-03-28,teatime,9,19,25,31,38,45,24,false
2022-03-29,lunchtime,7,8,14,19,22,27,46,false
2022-03-29,teatime,7,9,19,20,34,46,39,false
2022-03-30,lunchtime,3,15,20,28,31,47,4,false
2022-03-30,teatime,7,15,32,35,46,48,4,false
2022-03-31,lunchtime,11,16,26,28,29,46,24,false
2022-03-31,teatime,2,10,33,35,38,41,25,false
2022-04-01,lunchtime,5,7,13,19,32,47,21,false
2022-04-01,teatime,3,4,9,33,37,39,14,false
2022-04-02,lunchtime,1,2,18,23,43,44,42,false
2022-04-02,teatime,13,18,28,36,39,45,33,false
2022-04-03,lunchtime,5,6,18,25,33,42,32,false
2022-04-03,teatime,4,24,25,41,42,49,21,false
2022-04-04,lunchtime,1,5,15,26,29,41,31,false
2022-04-04,teatime,2,4,5,14,31,36,15,false
2022-04-05,lunchtime,1,5,10,17,21,43,26,false
2022-04-05,teatime,8,11,24,25,26,44,29,false
2022-04-06,lunchtime,8,9,18,25,33,43,7,false
2022-04-06,teatime,5,24,29,33,40,47,38,false
2022-04-07,lunchtime,1,6,9,31,32,40,17,false
2022-04-07,teatime,14,22,31,34,38,41,17,false
2022-04-08,lunchtime,2,10,11,18,47,48,7,false
2022-04-08,teatime,4,6,14,30,36,39,12,false
2022-04-09,lunchtime,10,18,31,34,42,48,4,false
2022-04-09,teatime,1,4,17,23,43,45,38,false
2022-04-10,lunchtime,4,6,11,18,28,36,9,false
2022-04-10,teatime,16,21,37,39,43,46,41,false
2022-04-11,lunchtime,7,10,13,32,38,46,17,false
2022-04-11,teatime,7,9,13,19,25,45,16,false
2022-04-12,lunchtime,5,10,19,35,43,48,22,false
2022-04-12,teatime,3,9,11,16,25,37,29,false
2022-04-13,lunchtime,11,15,24,26,43,46,33,false
2022-04-13,teatime,2,12,29,30,40,44,14,false
2022-04-14,lunchtime,12,13,18,23,34,47,11,false
2022-04-14,teatime,9,14,20,36,39,46,35,false
2022-04-15,lunchtime,1,3,20,32,35,36,14,false
2022-04-15,teatime,1,23,38,41,46,47,49,false
2022-04-16,lunchtime,10,27,35,38,45,48,18,false
2022-04-16,teatime,4,7,9,11,13,33,21,false
2022-04-17,lunchtime,1,8,23,29,30,34,2,false
2022-04-17,teatime,17,25,30,33,43,44,1,false
2022-04-18,lunchtime,7,22,34,36,37,49,32,false
2022-04-18,teatime,11,21,23,36,44,46,12,false
2022-04-19,lunchtime,1,3,4,7,27,34,28,false
2022-04-19,teatime,3,12,15,33,45,46,7,false
2022-04-20,lunchtime,16,26,27,37,43,49,30,false
2022-04-20,teatime,2,6,11,18,36,38,34,false
2022-04-21,lunchtime,8,9,31,41,47,49,13,false
2022-04-21,teatime,4,8,20,29,35,48,46,false
2022-04-22,lunchtime,5,10,13,19,42,48,43,false
2022-04-22,teatime,1,3,4,5,38,42,46,false
2022-04-23,lunchtime,10,16,19,30,32,43,14,false
2022-04-23,teatime,21,24,25,35,43,49,17,false
2022-04-24,lunchtime,7,8,27,31,36,37,34,false
2022-04-24,teatime,1,9,13,14,24,44,29,false
2022-04-25,lunchtime,8,20,33,34,35,37,24,false
2022-04-25,teatime,3,11,14,17,42,46,6,false
2022-04-26,lunchtime,18,21,33,41,47,48,2,false
2022-04-26,teatime,1,5,36,38,45,48,11,false
2022-04-27,lunchtime,17,22,29,34,36,48,16,false
2022-04-27,teatime,1,7,12,14,15,31,46,false
2022-04-28,lunchtime,11,16,17,24,38,41,30,false
2022-04-28,teatime,1,6,21,24,35,47,45,false
2022-04-29,lunchtime,19,20,26,32,37,45,49,false
2022-04-29,teatime,6,9,21,30,38,40,41,false
2022-04-30,lunchtime,2,3,31,32,37,42,7,false
2022-04-30,teatime,2,21,22,24,43,49,29,false
2022-05-01,lunchtime,3,14,15,25,28,46,21,false
2022-05-01,teatime,10,14,17,28,30,32,39,false
2022-05-02,lunchtime,14,20,23,25,34,38,5,false
2022-05-02,teatime,4,6,12,21,30,47,11,false
2022-05-03,lunchtime,10,17,22,24,41,42,45,false
2022-05-03,teatime,11,23,27,42,48,49,26,false
2022-05-04,lunchtime,5,17,20,32,38,48,2,false
2022-05-04,teatime,7,23,33,37,40,43,9,false
2022-05-05,lunchtime,24,29,33,38,40,46,48,false
2022-05-05,teatime,11,17,23,28,30,43,1,false
2022-05-06,lunchtime,9,29,37,40,42,49,27,false
2022-05-06,teatime,1,3,14,25,41,44,9,false
2022-05-07,lunchtime,2,4,9,11,17,22,20,false
2022-05-07,teatime,4,14,19,24,31,40,17,false
2022-05-08,lunchtime,6,28,30,32,36,37,47,false
2022-05-08,teatime,3,12,22,34,35,48,36,false
2022-05-09,lunchtime,3,14,16,22,39,47,15,false
2022-05-09,teatime,9,10,21,35,38,39,25,false
2022-05-10,lunchtime,2,10,23,36,40,49,32,false
2022-05-10,teatime,2,9,17,20,22,39,8,false
2022-05-11,lunchtime,5,10,13,24,25,36,48,false
2022-05-11,teatime,6,10,14,17,28,45,12,false
2022-05-12,lunchtime,2,6,27,32,34,43,38,false
2022-05-12,teatime,2,8,17,38,39,40,21,false
2022-05-13,lunchtime,2,4,17,24,30,31,5,false
2022-05-13,teatime,20,24,27,29,33,37,25,false
2022-05-14,lunchtime,10,17,20,23,35,45,18,false
2022-05-14,teatime,10,12,22,28,30,35,3,false
2022-05-15,lunchtime,4,13,14,18,34,38,35,false
2022-05-15,teatime,19,23,30,33,45,47,48,false
2022-05-16,lunchtime,10,17,18,27,37,39,8,false
2022-05-16,teatime,4,10,25,30,34,37,14,false
2022-05-17,lunchtime,8,15,20,21,22,43,6,false
2022-05-17,teatime,15,23,24,33,34,48,4,false
2022-05-18,lunchtime,3,6,8,21,27,30,11,false
2022-05-18,teatime,1,7,22,33,35,37,9,false
2022-05-19,lunchtime,7,14,21,34,35,36,4,false
2022-05-19,teatime,7,15,21,29,42,45,28,false
2022-05-20,lunchtime,10,11,23,38,42,47,16,false
2022-05-20,teatime,18,24,30,35,44,46,3,false
2022-05-21,lunchtime,10,15,33,39,45,46,7,false
2022-05-21,teatime,13,14,33,40,42,43,26,false
2022-05-22,lunchtime,12,16,21,31,36,48,27,false
2022-05-22,teatime,8,12,29,38,39,43,24,false
2022-05-23,lunchtime,5,12,25,34,43,45,26,false
2022-05-23,teatime,12,19,23,24,34,49,44,false
2022-05-24,lunchtime,5,10,27,29,36,37,8,false
2022-05-24,teatime,9,16,28,35,45,46,4,false
2022-05-25,lunchtime,7,17,19,25,28,33,47,false
2022-05-25,teatime,6,9,21,23,40,43,3,false
2022-05-26,lunchtime,2,3,23,26,40,46,18,false
2022-05-26,teatime,14,16,22,41,46,47,33,false
2022-05-27,lunchtime,6,8,17,28,41,49,13,false
2022-05-27,teatime,14,17,21,22,39,48,35,false
2022-05-28,lunchtime,3,12,16,18,23,48,35,false
2022-05-28,teatime,3,4,21,25,28,45,6,false
2022-05-29,lunchtime,5,8,10,23,39,41,32,false
2022-05-29,teatime,2,4,29,31,42,43,34,false
2022-05-30,lunchtime,3,9,24,27,40,43,12,false
2022-05-30,teatime,20,27,42,44,45,48,25,false
2022-05-31,teatime,10,27,31,34,39,44,23,false
2022-06-01,lunchtime,1,4,6,9,17,33,49,false
2022-06-01,teatime,1,13,20,37,42,43,21,false
2022-06-02,lunchtime,8,9,34,37,42,45,24,false
2022-06-02,teatime,6,22,27,39,43,44,20,false
2022-06-03,lunchtime,4,6,11,25,27,42,7,false
2022-06-03,teatime,13,23,25,29,40,44,47,false
2022-06-04,lunchtime,6,8,9,20,44,47,24,false
2022-06-04,teatime,1,7,11,21,27,44,38,false
2022-06-05,lunchtime,14,15,25,27,29,40,43,false
2022-06-05,teatime,10,11,24,31,33,46,15,false
2022-06-06,lunchtime,4,12,13,14,25,41,8,false
2022-06-06,teatime,1,3,25,26,39,47,37,false
2022-06-07,lunchtime,2,4,13,19,29,36,6,false
2022-06-07,teatime,6,13,15,23,26,42,14,false
2022-06-08,lunchtime,17,19,23,38,41,46,21,false
2022-06-08,teatime,14,15,18,24,25,33,30,false
2022-06-09,lunchtime,9,21,33,34,43,48,30,false
2022-06-09,teatime,5,18,23,26,37,47,36,false
2022-06-10,lunchtime,12,24,29,32,41,48,27,false
2022-06-10,teatime,9,12,14,19,24,43,38,false
2022-06-11,lunchtime,5,15,21,23,30,34,18,false
2022-06-11,teatime,12,24,35,38,43,47,4,false
2022-06-12,lunchtime,1,3,22,23,25,26,17,false
2022-06-12,teatime,13,18,21,22,26,30,33,false
2022-06-13,lunchtime,7,9,16,18,22,33,21,false
2022-06-13,teatime,13,17,19,29,34,45,15,false
2022-06-14,lunchtime,7,8,9,15,16,35,45,false
2022-06-14,teatime,2,14,17,19,23,45,13,false
2022-06-15,lunchtime,1,2,12,15,21,32,44,false
2022-06-15,teatime,3,5,11,14,32,45,34,false
2022-06-16,lunchtime,14,20,24,27,30,39,22,false
2022-06-16,teatime,11,22,23,32,35,43,39,false
2022-06-17,lunchtime,5,6,13,17,19,33,16,false
2022-06-17,teatime,15,16,26,30,39,44,9,false
2022-06-18,lunchtime,15,26,37,39,47,48,36,false
2022-06-18,teatime,3,14,19,21,23,26,40,false
2022-06-19,lunchtime,8,13,20,21,29,48,15,false
2022-06-19,teatime,4,16,21,27,39,44,11,false
2022-06-20,lunchtime,2,3,5,27,34,42,43,false
2022-06-20,teatime,13,17,19,25,33,40,42,false
2022-06-21,lunchtime,5,18,32,35,41,42,45,false
2022-06-21,teatime,3,4,20,31,33,45,19,false
2022-06-22,lunchtime,2,4,16,22,28,32,19,false
2022-06-22,teatime,24,26,40,42,43,46,12,false
2022-06-23,lunchtime,12,13,19,27,37,45,29,false
2022-06-23,teatime,8,14,15,33,41,44,22,false
2022-06-24,lunchtime,13,26,27,32,36,42,24,false
2022-06-24,teatime,7,8,16,21,30,36,3,false
2022-06-25,lunchtime,13,16,21,35,36,42,49,false
2022-06-25,teatime,4,8,23,32,42,47,12,false
2022-06-26,lunchtime,12,16,27,29,35,38,10,false
2022-06-26,teatime,4,12,13,25,34,35,33,false
2022-06-27,lunchtime,11,24,26,28,37,40,41,false
2022-06-27,teatime,9,16,20,38,41,49,31,false
2022-06-28,lunchtime,2,18,19,26,31,46,13,false
2022-06-28,teatime,9,15,21,31,43,46,3,false
2022-06-29,lunchtime,10,18,35,39,40,44,48,false
2022-06-29,teatime,12,19,20,21,22,36,1,false
2022-06-30,lunchtime,2,9,10,19,32,33,24,false
2022-06-30,teatime,5,8,19,25,41,46,36,false
2022-07-01,lunchtime,10,22,25,28,33,45,11,false
2022-07-01,teatime,3,18,21,27,29,30,24,false
2022-07-02,lunchtime,12,13,30,43,44,48,46,false
2022-07-02,teatime,2,10,16,18,26,38,39,false
2022-07-03,lunchtime,1,25,28,30,41,47,24,false
2022-07-03,teatime,13,19,20,26,39,49,9,false
2022-07-04,lunchtime,15,16,23,26,34,42,43,false
2022-07-04,teatime,3,14,15,21,31,47,24,false
2022-07-05,lunchtime,14,15,18,27,30,43,10,false
2022-07-05,teatime,7,15,21,30,31,37,13,false
2022-07-06,lunchtime,6,10,11,12,22,34,7,false
2022-07-06,teatime,1,2,3,5,24,49,31,false
2022-07-07,lunchtime,14,24,29,33,34,41,20,false
2022-07-07,teatime,8,33,35,41,42,48,46,false
2022-07-08,lunchtime,4,12,17,20,23,25,19,false
2022-07-08,teatime,11,38,43,45,47,48,35,false
2022-07-09,lunchtime,8,11,23,25,36,41,46,false
2022-07-09,teatime,8,9,21,33,39,47,45,false
2022-07-10,lunchtime,10,27,28,36,38,49,29,false
2022-07-10,teatime,4,12,18,24,27,28,44,false
2022-07-11,lunchtime,10,11,12,22,37,38,27,false
2022-07-11,teatime,5,7,13,21,39,48,49,false
2022-07-12,lunchtime,2,8,30,34,37,47,33,false
2022-07-12,teatime,23,29,30,40,46,49,25,false
2022-07-13,lunchtime,4,8,18,22,38,49,24,false
2022-07-13,teatime,13,18,24,30,35,45,44,false
2022-07-14,lunchtime,2,15,29,34,39,44,49,false
2022-07-14,teatime,18,33,39,41,46,48,3,false
2022-07-15,lunchtime,4,15,31,33,39,45,47,false
2022-07-15,teatime,5,15,16,18,46,47,39,false
2022-07-16,lunchtime,5,11,23,29,40,46,18,false
2022-07-16,teatime,2,10,31,32,42,49,24,false
2022-07-17,lunchtime,1,19,20,29,38,40,35,false
2022-07-17,teatime,3,24,30,34,37,45,7,false
2022-07-18,lunchtime,17,18,21,26,28,32,9,false
2022-07-18,teatime,7,12,14,19,42,43,8,false
2022-07-19,lunchtime,7,12,23,24,25,43,26,false
2022-07-19,teatime,7,11,32,40,41,44,42,false
2022-07-20,lunchtime,7,9,12,15,23,42,37,false
2022-07-20,teatime,4,9,12,31,32,44,47,false
2022-07-21,lunchtime,4,8,13,29,35,42,18,false
2022-07-21,teatime,5,8,9,17,23,35,41,false
2022-07-22,lunchtime,10,14,33,36,40,42,31,false
2022-07-22,teatime,2,18,26,29,37,38,42,false
2022-07-23,lunchtime,2,4,10,19,20,37,34,false
2022-07-23,teatime,5,7,8,11,25,40,27,false
2022-07-24,lunchtime,4,22,25,28,30,48,21,false
2022-07-24,teatime,3,10,14,19,31,44,8,false
2022-07-25,lunchtime,3,8,19,25,34,41,38,false
2022-07-25,teatime,11,12,16,21,28,30,5,false
2022-07-26,lunchtime,3,5,11,15,28,47,46,false
2022-07-26,teatime,4,7,29,34,43,45,28,false
2022-07-27,lunchtime,5,9,10,19,20,38,13,false
2022-07-27,teatime,1,10,11,12,25,44,13,false
2022-07-28,lunchtime,2,6,11,22,33,40,13,false
2022-07-28,teatime,27,36,44,45,47,49,48,false
2022-07-29,lunchtime,1,3,4,17,28,37,8,false
2022-07-29,teatime,11,20,27,29,30,44,24,false
2022-07-30,lunchtime,3,6,19,31,37,42,11,false
2022-07-30,teatime,11,15,23,31,41,42,6,false
2022-07-31,lunchtime,10,11,16,17,31,35,40,false
2022-07-31,teatime,16,19,24,33,40,43,46,false
2022-08-01,lunchtime,5,15,16,24,35,37,13,false
2022-08-01,teatime,8,9,11,13,28,40,35,false
2022-08-02,lunchtime,1,26,29,37,45,46,20,false
2022-08-02,teatime,7,23,29,32,39,44,28,false
2022-08-03,lunchtime,5,10,21,23,30,49,34,false
2022-08-03,teatime,2,7,11,12,37,48,21,false
2022-08-04,lunchtime,9,10,17,23,25,37,49,false
2022-08-04,teatime,5,7,13,40,44,46,8,false
2022-08-05,lunchtime,2,13,22,36,38,39,24,false
2022-08-05,teatime,7,17,19,20,28,49,13,false
2022-08-06,lunchtime,6,9,19,21,32,41,45,false
2022-08-06,teatime,3,11,31,45,46,49,33,false
2022-08-07,lunchtime,9,11,18,21,36,46,30,false
2022-08-07,teatime,2,7,8,29,34,40,36,false
2022-08-08,lunchtime,8,21,37,39,40,48,17,false
2022-08-08,teatime,3,9,11,12,22,24,36,false
2022-08-09,lunchtime,11,17,32,34,46,47,25,false
2022-08-09,teatime,6,26,41,42,44,48,35,false
2022-08-10,lunchtime,18,21,28,32,41,45,46,false
2022-08-10,teatime,2,4,7,22,23,25,6,false
2022-08-11,lunchtime,8,11,22,30,38,44,1,false
2022-08-11,teatime,15,20,21,31,34,42,2,false
2022-08-12,lunchtime,8,14,15,40,43,45,48,false
2022-08-12,teatime,8,28,37,39,40,48,35,false
2022-08-13,lunchtime,3,5,10,21,39,41,13,false
2022-08-13,teatime,11,14,15,26,30,46,25,false
2022-08-14,lunchtime,3,8,9,30,31,37,5,false
2022-08-14,teatime,7,20,24,26,44,48,21,false
2022-08-15,lunchtime,3,8,17,25,29,48,49,false
2022-08-15,teatime,20,26,38,39,48,49,18,false
2022-08-16,lunchtime,10,19,21,24,35,37,7,false
2022-08-16,teatime,8,12,28,32,44,45,23,false
2022-08-17,lunchtime,2,5,8,13,31,36,20,false
2022-08-17,teatime,5,11,20,28,47,48,46,false
2022-08-18,lunchtime,4,12,34,36,41,49,33,false
2022-08-18,teatime,10,11,12,35,39,41,3,false
2022-08-19,lunchtime,1,8,9,23,30,42,29,false
2022-08-19,teatime,14,24,27,29,35,39,19,false
2022-08-20,lunchtime,13,16,19,25,38,40,14,false
2022-08-20,teatime,1,11,15,19,36,43,12,false
2022-08-21,lunchtime,2,3,4,5,7,13,40,false
2022-08-21,teatime,2,9,12,20,25,40,19,false
2022-08-22,lunchtime,17,18,20,23,32,43,2,false
2022-08-22,teatime,8,12,21,30,39,49,43,false
2022-08-23,lunchtime,3,10,14,23,41,49,34,false
2022-08-23,teatime,2,7,16,22,34,48,49,false
2022-08-24,lunchtime,19,22,24,38,40,47,33,false
2022-08-24,teatime,11,14,25,31,43,49,26,false
2022-08-25,lunchtime,10,20,24,28,30,45,41,false
2022-08-25,teatime,1,9,30,39,40,47,43,false
2022-08-26,teatime,6,8,20,34,40,42,24,false
2022-08-27,lunchtime,3,29,37,38,43,47,49,false
2022-08-27,teatime,3,9,20,32,33,47,18,false
2022-08-28,lunchtime,13,24,31,34,35,40,4,false
2022-08-28,teatime,3,4,19,36,44,49,29,false
2022-08-29,lunchtime,9,14,15,17,38,42,8,false
2022-08-29,teatime,2,9,11,12,36,43,39,false
2022-08-30,lunchtime,6,9,18,28,35,48,36,false
2022-08-30,teatime,6,9,18,28,35,48,36,false
2022-08-31,lunchtime,4,11,19,21,45,47,15,false
2022-08-31,teatime,3,6,11,22,33,37,19,false
2022-09-01,lunchtime,2,4,6,17,19,25,44,false
2022-09-01,teatime,1,2,12,17,32,43,9,false
2022-09-02,lunchtime,3,4,5,21,28,41,27,false
2022-09-02,teatime,13,16,23,33,40,49,42,false
2022-09-03,lunchtime,5,33,42,43,46,49,36,false
2022-09-03,teatime,7,30,33,34,38,39,45,false
2022-09-04,lunchtime,4,8,10,27,45,46,35,false
2022-09-04,teatime,1,12,13,26,34,39,46,false
2022-09-05,lunchtime,11,17,22,42,47,48,40,false
2022-09-05,teatime,3,7,8,21,35,40,16,false
2022-09-06,lunchtime,6,10,24,32,44,48,28,false
2022-09-06,teatime,1,6,24,28,40,41,17,false
2022-09-07,lunchtime,1,6,21,37,38,39,28,false
2022-09-07,teatime,2,11,17,25,35,38,28,false
2022-09-08,lunchtime,20,31,35,38,40,42,33,false
2022-09-08,teatime,3,14,16,21,41,45,27,false
2022-09-10,lunchtime,19,36,38,39,43,46,3,false
2022-09-10,teatime,5,11,22,32,39,46,43,false
2022-09-11,lunchtime,6,12,14,15,24,31,46,false
2022-09-11,teatime,12,14,36,43,44,46,8,false
2022-09-12,lunchtime,1,6,23,32,40,45,39,false
2022-09-12,teatime,11,21,26,28,33,38,7,false
2022-09-13,lunchtime,2,8,15,20,34,43,9,false
2022-09-13,teatime,2,13,21,22,25,40,39,false
2022-09-14,lunchtime,2,22,34,37,42,45,30,false
2022-09-14,teatime,5,6,12,13,24,45,17,false
2022-09-15,lunchtime,3,4,29,33,39,45,26,false
2022-09-15,teatime,16,19,20,31,33,48,28,false
2022-09-16,lunchtime,5,6,12,18,26,46,23,false
2022-09-16,teatime,3,9,20,39,45,48,35,false
2022-09-17,lunchtime,10,21,24,34,35,37,2,false
2022-09-17,teatime,5,11,17,25,30,32,24,false
2022-09-18,lunchtime,7,19,31,37,40,47,33,false
2022-09-18,teatime,4,18,21,23,30,33,25,false
2022-09-20,lunchtime,4,15,26,33,35,47,40,false
2022-09-20,teatime,19,20,23,32,37,47,30,false
2022-09-21,lunchtime,2,29,35,38,43,48,34,false
2022-09-21,teatime,1,7,12,22,35,43,24,false
2022-09-22,lunchtime,2,7,10,13,22,30,14,false
2022-09-22,teatime,18,20,26,44,45,46,29,false
2022-09-23,lunchtime,12,17,24,40,47,49,1,false
2022-09-23,teatime,9,12,20,25,32,39,22,false
2022-09-24,lunchtime,18,19,28,34,43,48,35,false
2022-09-24,teatime,12,20,27,28,37,49,16,false
2022-09-25,lunchtime,10,14,22,23,37,46,15,false
2022-09-25,teatime,17,20,25,36,38,42,14,false
2022-09-26,lunchtime,7,10,18,45,46,48,22,false
2022-09-26,teatime,3,9,32,34,36,45,39,false
2022-09-27,lunchtime,14,17,28,33,35,41,31,false
2022-09-27,teatime,6,12,16,22,35,48,2,false
2022-09-28,lunchtime,4,7,14,23,43,47,48,false
2022-09-28,teatime,2,13,14,30,44,47,27,false
2022-09-29,lunchtime,1,10,28,29,40,43,35,false
2022-09-29,teatime,3,4,13,21,24,39,42,false
2022-09-30,lunchtime,17,18,20,26,34,37,49,false
2022-09-30,teatime,4,15,16,29,32,49,23,false
2022-10-01,lunchtime,5,6,7,8,26,46,4,false
2022-10-01,teatime,1,2,3,12,15,35,5,false
2022-10-02,lunchtime,8,12,15,28,31,37,20,false
2022-10-02,teatime,3,14,21,29,35,45,4,false
2022-10-03,lunchtime,14,20,25,30,41,44,49,false
2022-10-03,teatime,8,12,16,24,33,46,10,false
2022-10-04,lunchtime,4,6,23,27,29,39,5,false
2022-10-04,teatime,8,25,35,41,43,48,29,false
2022-10-05,lunchtime,8,10,12,34,38,46,14,false
2022-10-05,teatime,15,20,22,24,43,46,18,false
2022-10-06,lunchtime,1,3,6,23,29,37,7,false
2022-10-06,teatime,6,17,28,31,33,37,36,false
2022-10-07,lunchtime,2,8,17,24,45,48,42,false
2022-10-07,teatime,4,5,20,31,39,43,48,false
2022-10-08,lunchtime,5,15,22,27,28,43,38,false
2022-10-08,teatime,3,18,25,28,35,45,9,false
2022-10-09,lunchtime,1,2,18,20,27,49,31,false
2022-10-09,teatime,2,4,11,20,32,49,3,false
2022-10-10,lunchtime,8,22,28,35,48,49,3,false
2022-10-10,teatime,2,4,5,16,28,48,23,false
2022-10-11,lunchtime,12,17,19,23,34,41,32,false
2022-10-11,teatime,15,25,29,32,39,42,37,false
2022-10-12,lunchtime,5,8,16,22,26,33,4,false
2022-10-12,teatime,5,7,9,13,23,38,39,false
2022-10-13,lunchtime,7,17,25,36,38,45,15,false
2022-10-13,teatime,1,3,4,33,37,48,7,false
2022-10-14,lunchtime,5,18,36,37,39,47,38,false
2022-10-14,teatime,22,25,39,40,41,45,12,false
2022-10-15,lunchtime,3,4,8,11,22,48,12,false
2022-10-15,teatime,22,26,31,40,41,44,12,false
2022-10-16,lunchtime,2,10,37,41,44,48,26,false
2022-10-16,teatime,6,17,42,43,44,48,25,false
2022-10-17,lunchtime,6,18,19,22,30,39,21,false
2022-10-17,teatime,6,9,20,25,35,47,12,false
2022-10-18,lunchtime,16,21,35,40,47,48,6,false
2022-10-18,teatime,4,29,33,37,40,43,9,false
2022-10-19,lunchtime,15,27,31,37,38,42,3,false
2022-10-19,teatime,4,14,19,22,30,46,3,false
2022-10-20,lunchtime,2,7,13,25,34,45,19,false
2022-10-20,teatime,5,23,28,30,33,37,17,false
2022-10-21,lunchtime,4,23,26,34,41,43,15,false
2022-10-21,teatime,3,7,14,17,28,35,10,false
2022-10-22,lunchtime,2,11,24,34,39,44,4,false
2022-10-22,teatime,2,11,24,34,39,44,4,false
2022-10-23,lunchtime,7,18,25,27,28,32,44,false
2022-10-23,teatime,21,32,34,40,44,49,18,false
2022-10-24,lunchtime,4,22,27,29,36,37,26,false
2022-10-24,teatime,2,9,28,40,41,47,33,false
2022-10-25,lunchtime,5,8,12,19,24,49,48,false
2022-10-25,teatime,10,11,15,18,30,47,21,false
2022-10-26,lunchtime,2,3,4,7,31,36,22,false
2022-10-26,teatime,6,18,30,32,43,49,22,false
2022-10-27,lunchtime,6,9,17,21,26,47,37,false
2022-10-27,teatime,5,27,28,38,44,49,33,false
2022-10-28,lunchtime,19,21,33,34,36,41,10,false
2022-10-28,teatime,8,13,21,31,34,39,6,false
2022-10-29,lunchtime,1,24,25,28,44,46,19,false
2022-10-29,teatime,7,11,15,22,23,26,42,false
2022-10-30,lunchtime,18,19,22,23,28,40,31,false
2022-10-30,teatime,4,9,21,25,34,44,17,false
2022-10-31,lunchtime,2,12,17,18,24,30,48,false
2022-10-31,teatime,13,19,33,37,38,39,1,false
2022-11-01,lunchtime,6,16,22,25,26,44,28,false
2022-11-01,teatime,7,20,28,31,35,48,21,false
2022-11-02,lunchtime,4,7,11,19,21,42,41,false
2022-11-02,teatime,6,8,28,34,37,46,5,false
2022-11-03,lunchtime,16,19,26,27,35,38,25,false
2022-11-03,teatime,10,14,25,26,28,46,3,false
2022-11-04,lunchtime,10,15,19,28,48,49,37,false
2022-11-04,teatime,11,27,29,35,46,47,10,false
2022-11-05,lunchtime,3,7,21,23,36,49,30,false
2022-11-05,teatime,4,8,25,26,37,41,36,false
2022-11-06,lunchtime,7,15,25,36,39,48,9,false
2022-11-06,teatime,26,29,33,37,42,46,7,false
2022-11-07,lunchtime,13,15,18,23,45,49,42,false
2022-11-07,teatime,1,12,24,33,39,47,44,false
2022-11-08,lunchtime,16,26,34,35,44,47,30,false
2022-11-08,teatime,11,28,32,35,41,44,31,false
2022-11-09,lunchtime,7,10,12,16,34,46,33,false
2022-11-09,teatime,2,17,29,33,39,46,8,false
2022-11-10,lunchtime,6,10,12,18,19,28,35,false
2022-11-10,teatime,10,17,18,21,37,47,6,false
2022-11-11,lunchtime,12,13,15,18,22,47,45,false
2022-11-11,teatime,5,10,23,25,32,37,35,false
2022-11-12,lunchtime,4,23,29,32,45,48,37,false
2022-11-12,teatime,4,6,21,34,40,48,47,false
2022-11-13,lunchtime,7,14,20,22,46,48,9,false
2022-11-13,teatime,3,11,12,30,36,42,20,false
2022-11-14,lunchtime,21,28,30,33,40,47,15,false
2022-11-14,teatime,4,15,22,24,42,43,11,false
2022-11-15,lunchtime,2,4,11,18,41,44,27,false
2022-11-15,teatime,21,25,28,36,38,40,42,false
2022-11-16,lunchtime,12,18,19,29,31,46,38,false
2022-11-16,teatime,7,16,17,27,31,47,45,false
2022-11-17,lunchtime,1,11,17,19,27,30,33,false
2022-11-17,teatime,1,17,40,41,45,47,23,false
2022-11-18,lunchtime,12,20,22,32,35,47,37,false
2022-11-18,teatime,8,10,18,33,45,47,30,false
2022-11-19,lunchtime,2,4,6,9,31,37,15,false
2022-11-19,teatime,5,7,12,30,36,44,37,false
2022-11-20,lunchtime,6,8,12,24,36,46,1,false
2022-11-20,teatime,2,3,7,25,40,41,1,false
2022-11-21,lunchtime,5,9,10,23,39,43,13,false
2022-11-21,teatime,12,19,23,25,42,48,8,false
2022-11-22,lunchtime,15,32,39,40,47,49,41,false
2022-11-22,teatime,7,26,32,33,43,47,18,false
2022-11-23,lunchtime,3,20,24,40,41,46,27,false
2022-11-23,teatime,2,5,15,39,42,46,11,false
2022-11-24,lunchtime,4,19,25,26,33,47,12,false
2022-11-24,teatime,12,13,15,26,35,40,48,false
2022-11-25,lunchtime,8,11,12,14,37,43,44,false
2022-11-25,teatime,4,19,20,36,43,46,35,false
2022-11-26,lunchtime,5,7,13,15,43,46,12,false
2022-11-26,teatime,1,22,36,44,45,47,21,false
2022-11-27,lunchtime,1,5,8,19,21,44,20,false
2022-11-27,teatime,5,13,23,24,43,49,46,false
2022-11-28,lunchtime,5,8,10,35,39,42,41,false
2022-11-28,teatime,2,7,8,14,25,47,36,false
2022-11-29,lunchtime,3,8,10,20,22,29,39,false
2022-11-29,teatime,4,10,16,19,35,43,3,false
2022-11-30,lunchtime,3,12,19,20,29,34,33,false
2022-11-30,teatime,1,2,5,17,41,42,13,false
2022-12-01,lunchtime,4,15,29,34,35,42,16,false
2022-12-01,teatime,2,22,23,27,31,36,3,false
2022-12-02,lunchtime,5,6,11,20,42,43,33,false
2022-12-02,teatime,11,12,29,39,41,43,36,false
2022-12-03,lunchtime,17,28,30,32,41,47,1,false
2022-12-03,teatime,6,17,19,25,30,38,49,false
2022-12-04,lunchtime,3,12,14,32,33,36,42,false
2022-12-04,teatime,4,6,10,15,32,48,27,false
2022-12-05,lunchtime,4,7,33,35,41,45,23,false
2022-12-05,teatime,14,17,26,35,38,48,22,false
2022-12-06,lunchtime,14,18,19,20,41,48,38,false
2022-12-06,teatime,3,11,14,19,31,43,35,false
2022-12-07,lunchtime,3,7,10,13,15,40,33,false
2022-12-07,teatime,3,6,12,37,38,39,11,false
2022-12-08,lunchtime,2,8,12,13,15,43,42,false
2022-12-08,teatime,2,8,21,25,35,49,22,false
2022-12-09,lunchtime,1,26,31,39,42,44,28,false
2022-12-09,teatime,18,19,21,32,37,40,23,false
2022-12-10,lunchtime,3,13,24,32,37,44,20,false
2022-12-10,teatime,3,11,16,17,25,45,20,false
2022-12-11,lunchtime,1,12,19,24,25,26,29,false
2022-12-11,teatime,8,9,13,16,34,43,45,false
2022-12-12,lunchtime,4,17,29,35,39,40,41,false
2022-12-12,teatime,3,6,15,17,46,49,44,false
2022-12-13,lunchtime,5,7,17,18,31,39,33,false
2022-12-13,teatime,3,12,25,43,46,47,18,false
2022-12-14,lunchtime,15,17,20,33,34,40,3,false
2022-12-14,teatime,2,3,5,15,24,42,9,false
2022-12-15,lunchtime,3,9,11,20,22,27,19,false
2022-12-15,teatime,14,15,22,25,37,47,7,false
2022-12-16,lunchtime,8,15,19,25,35,40,12,false
2022-12-16,teatime,1,2,4,19,25,41,34,false
2022-12-17,lunchtime,3,5,23,30,37,45,19,false
2022-12-17,teatime,6,21,31,37,42,44,40,false
2022-12-18,lunchtime,7,15,18,21,38,39,45,false
2022-12-18,teatime,6,8,15,26,42,46,21,false
2022-12-19,lunchtime,7,10,19,37,40,42,20,false
2022-12-19,teatime,7,13,26,30,31,48,6,false
2022-12-20,lunchtime,6,16,28,32,35,46,17,false
2022-12-20,teatime,4,5,12,31,34,40,15,false
2022-12-21,lunchtime,6,9,24,27,36,45,16,false
2022-12-21,teatime,11,18,27,30,34,44,32,false
2022-12-22,lunchtime,1,6,11,28,29,49,16,false
2022-12-22,teatime,7,18,22,32,45,48,28,false
2022-12-23,lunchtime,4,5,7,13,16,24,25,false
2022-12-23,teatime,3,9,13,24,33,36,47,false
2022-12-24,lunchtime,1,7,12,14,39,42,38,false
2022-12-24,teatime,5,28,32,38,47,48,41,false
2022-12-26,lunchtime,22,27,31,37,38,43,7,false
2022-12-26,teatime,5,6,11,16,25,37,31,false
2022-12-27,lunchtime,5,10,23,27,39,42,13,false
2022-12-27,teatime,6,8,9,20,27,31,41,false
2022-12-28,lunchtime,1,3,21,30,35,49,5,false
2022-12-28,teatime,11,12,25,33,40,48,26,false
2022-12-29,lunchtime,1,12,14,19,27,40,25,false
2022-12-29,teatime,8,26,37,41,45,46,11,false
2022-12-30,lunchtime,9,10,20,21,27,31,42,false
2022-12-30,teatime,10,28,30,34,36,39,40,false
2022-12-31,lunchtime,3,6,7,9,25,37,14,false
2022-12-31,teatime,1,6,23,31,32,39,13,false
2023-01-01,lunchtime,4,6,9,21,27,46,28,false
2023-01-01,teatime,1,12,24,26,35,45,21,false
2023-01-02,lunchtime,8,12,13,16,42,47,20,false
2023-01-02,teatime,4,6,15,23,25,35,36,false
2023-01-03,lunchtime,9,12,18,29,42,47,49,false
2023-01-03,teatime,4,11,13,32,41,42,45,false
2023-01-04,lunchtime,17,21,24,32,37,42,34,false
2023-01-04,teatime,11,14,25,38,44,48,23,false
2023-01-05,lunchtime,1,2,17,23,24,44,41,false
2023-01-05,teatime,15,23,34,45,47,49,24,false
2023-01-06,lunchtime,1,10,16,18,22,33,7,false
2023-01-06,teatime,8,14,15,23,39,41,37,false
2023-01-07,lunchtime,2,3,9,15,23,27,35,false
2023-01-07,teatime,17,27,35,39,44,47,9,false
2023-01-08,lunchtime,2,6,7,9,28,47,27,false
2023-01-08,teatime,1,13,24,26,42,48,45,false
2023-01-09,lunchtime,5,16,29,30,37,47,8,false
2023-01-09,teatime,1,7,10,28,30,48,18,false
2023-01-10,lunchtime,6,10,22,30,33,44,45,false
2023-01-10,teatime,17,18,24,29,43,46,22,false
2023-01-11,lunchtime,12,14,32,35,42,47,4,false
2023-01-11,teatime,22,25,31,35,38,45,39,false
2023-01-12,lunchtime,6,18,20,25,27,32,43,false
2023-01-12,teatime,3,4,12,18,20,39,48,false
2023-01-13,lunchtime,1,6,19,28,35,38,44,false
2023-01-13,teatime,13,14,24,32,37,47,40,false
2023-01-14,lunchtime,13,19,33,36,39,43,25,false
2023-01-14,teatime,4,18,23,25,31,40,32,false
2023-01-15,lunchtime,2,4,23,26,41,43,5,false
2023-01-15,teatime,3,22,27,31,42,47,17,false
2023-01-16,lunchtime,24,30,41,43,44,46,15,false
2023-01-16,teatime,8,9,23,29,38,44,7,false
2023-01-17,lunchtime,12,18,19,33,36,44,26,false
2023-01-17,teatime,5,8,29,37,41,47,30,false
2023-01-18,lunchtime,4,6,9,11,15,29,5,false
2023-01-18,teatime,4,18,19,20,24,43,37,false
2023-01-19,lunchtime,13,25,27,35,36,43,14,false
2023-01-19,teatime,9,13,16,20,35,43,46,false
2023-01-20,lunchtime,9,22,25,32,33,34,49,false
2023-01-20,teatime,10,24,31,34,37,39,36,false
2023-01-21,lunchtime,3,12,19,33,38,46,31,false
2023-01-21,teatime,5,8,14,32,34,48,27,false
2023-01-22,lunchtime,12,13,20,27,34,40,36,false
2023-01-22,teatime,14,30,36,43,45,47,34,false
2023-01-23,lunchtime,6,14,23,30,35,47,41,false
2023-01-23,teatime,5,12,18,38,39,43,33,false
2023-01-24,lunchtime,3,8,20,32,35,42,31,false
2023-01-24,teatime,8,14,15,16,26,28,30,false
2023-01-25,lunchtime,3,18,19,28,40,42,1,false
2023-01-25,teatime,2,3,15,21,44,46,27,false
2023-01-26,lunchtime,1,12,23,29,38,41,9,false
2023-01-26,teatime,12,25,28,33,42,49,43,false
2023-01-27,lunchtime,4,7,12,26,43,49,31,false
2023-01-27,teatime,5,20,27,38,43,44,9,false
2023-01-28,lunchtime,2,5,8,9,19,21,29,false
2023-01-28,teatime,4,5,20,25,26,36,15,false
2023-01-29,lunchtime,14,23,26,36,43,45,33,false
2023-01-29,teatime,11,20,22,29,37,48,23,false
2023-01-30,lunchtime,16,23,24,27,29,49,21,false
2023-01-30,teatime,2,20,23,25,39,40,8,false
2023-01-31,lunchtime,2,17,29,33,36,37,3,false
2023-01-31,teatime,19,26,37,44,46,47,43,false
2023-02-01,lunchtime,1,11,18,23,36,42,47,false
2023-02-01,teatime,2,4,10,27,30,44,24,false
2023-02-02,teatime,4,23,28,31,40,45,13,false
2023-02-03,lunchtime,13,20,22,25,31,48,9,false
2023-02-03,teatime,3,5,16,20,45,47,7,false
2023-02-04,lunchtime,1,19,34,37,42,46,16,false
2023-02-04,teatime,13,14,16,22,42,48,10,false
2023-02-05,lunchtime,2,14,17,27,30,43,26,false
2023-02-05,teatime,13,14,15,29,31,48,21,false
2023-02-06,lunchtime,6,17,19,21,37,49,11,false
2023-02-06,teatime,5,9,11,18,25,28,14,false
2023-02-07,lunchtime,10,28,36,37,42,49,46,false
2023-02-07,teatime,20,23,25,31,38,46,30,false
2023-02-08,lunchtime,1,3,16,17,36,39,15,false
2023-02-08,teatime,2,3,4,24,30,42,10,false
2023-02-09,lunchtime,8,17,20,30,46,48,33,false
2023-02-09,teatime,5,15,27,31,35,40,42,false
2023-02-10,lunchtime,2,14,27,28,32,37,1,false
2023-02-10,teatime,6,10,40,44,46,47,9,false
2023-02-11,lunchtime,3,17,24,37,40,47,6,false
2023-02-11,teatime,1,5,8,41,42,49,35,false
2023-02-12,lunchtime,9,14,32,35,41,45,39,false
2023-02-12,teatime,4,30,31,36,46,48,35,false
2023-02-13,lunchtime,16,20,25,27,45,47,3,false
2023-02-13,teatime,5,19,30,35,41,48,31,false
2023-02-14,lunchtime,2,12,22,23,36,39,17,false
2023-02-14,teatime,3,18,22,29,32,44,49,false
2023-02-15,lunchtime,1,5,25,32,33,35,19,false
2023-02-15,teatime,3,6,7,24,30,48,35,false
2023-02-16,lunchtime,12,13,16,21,34,48,33,false
2023-02-16,teatime,4,8,16,18,32,48,29,false
2023-02-17,lunchtime,6,10,11,24,27,47,20,false
2023-02-17,teatime,3,11,29,34,39,42,4,false
2023-02-18,lunchtime,4,17,24,32,46,49,45,false
2023-02-18,teatime,1,17,25,29,33,46,22,false
2023-02-19,lunchtime,5,10,11,17,34,40,30,false
2023-02-19,teatime,16,24,32,37,39,41,4,false
2023-02-20,lunchtime,1,18,25,29,37,40,30,false
2023-02-20,teatime,25,30,36,40,44,48,3,false
2023-02-21,lunchtime,13,18,20,24,33,45,27,false
2023-02-21,teatime,3,7,13,14,38,45,12,false
2023-02-22,lunchtime,4,7,28,30,44,49,31,false
2023-02-22,teatime,2,10,23,28,45,47,33,false
2023-02-23,lunchtime,9,16,20,31,40,46,22,false
2023-02-23,teatime,11,17,30,35,37,42,41,false
2023-02-24,lunchtime,3,4,8,15,16,30,49,false
2023-02-24,teatime,32,33,36,38,40,46,25,false
2023-02-25,lunchtime,5,21,28,35,40,45,33,false
2023-02-25,teatime,6,7,8,27,30,31,26,false
2023-02-26,lunchtime,12,13,14,23,46,49,6,false
2023-02-26,teatime,15,24,29,33,35,44,18,false
2023-02-27,lunchtime,7,26,27,44,47,48,49,false
2023-02-27,teatime,29,31,32,34,37,46,12,false
2023-02-28,lunchtime,2,21,31,34,42,48,7,false
2023-02-28,teatime,5,14,22,33,42,49,43,false
2023-03-01,lunchtime,1,6,10,31,45,49,30,false
2023-03-01,teatime,5,6,19,21,23,25,31,false
2023-03-02,lunchtime,25,26,32,37,41,45,31,false
2023-03-02,teatime,20,23,30,32,44,45,34,false
2023-03-03,lunchtime,25,26,32,37,41,45,31,false
2023-03-03,teatime,20,23,30,32,44,45,34,false
2023-03-04,lunchtime,9,13,23,37,43,47,44,false
2023-03-04,teatime,1,4,20,22,27,28,13,false
2023-03-05,lunchtime,13,17,25,31,32,44,6,false
2023-03-05,teatime,9,19,24,37,45,46,12,false
2023-03-06,lunchtime,3,18,23,25,35,45,48,false
2023-03-06,teatime,8,15,17,21,29,48,39,false
2023-03-07,lunchtime,7,20,26,29,40,44,25,false
2023-03-07,teatime,1,6,9,23,24,25,44,false
2023-03-08,lunchtime,11,16,36,38,39,48,2,false
2023-03-08,teatime,7,9,16,17,20,44,29,false
2023-03-09,lunchtime,2,16,24,25,27,37,42,false
2023-03-09,teatime,15,17,26,30,38,40,45,false
2023-03-10,lunchtime,11,12,27,28,46,48,4,false
2023-03-10,teatime,3,5,7,37,44,48,14,false
2023-03-11,lunchtime,10,16,19,29,41,48,8,false
2023-03-11,teatime,21,26,27,32,46,47,23,false
2023-03-12,lunchtime,9,26,31,33,42,43,41,false
2023-03-12,teatime,5,6,11,29,41,47,3,false
2023-03-13,lunchtime,4,7,31,35,47,48,43,false
2023-03-13,teatime,10,21,27,37,40,45,32,false
2023-03-14,lunchtime,3,10,14,15,26,35,2,false
2023-03-14,teatime,1,2,22,28,31,32,3,false
2023-03-15,lunchtime,1,2,8,28,42,44,46,false
2023-03-15,teatime,2,3,21,23,30,42,28,false
2023-03-16,lunchtime,4,10,11,22,27,36,21,false
2023-03-16,teatime,7,8,9,23,27,46,5,false
2023-03-17,lunchtime,5,9,11,15,33,46,17,false
2023-03-17,teatime,12,14,15,17,18,48,5,false
2023-03-18,lunchtime,12,13,14,15,19,43,22,false
2023-03-18,teatime,19,21,23,34,40,41,48,false
2023-03-19,lunchtime,1,19,27,40,44,47,14,false
2023-03-19,teatime,3,8,20,25,32,38,42,false
2023-03-20,lunchtime,17,23,25,26,42,46,41,false
2023-03-20,teatime,29,34,37,41,42,49,43,false
2023-03-21,lunchtime,8,22,31,33,38,44,25,false
2023-03-21,teatime,2,8,10,20,21,22,12,false
2023-03-22,lunchtime,3,8,23,29,38,46,18,false
2023-03-22,teatime,12,14,24,37,41,44,4,false
2023-03-23,lunchtime,12,31,36,39,45,49,46,false
2023-03-23,teatime,3,18,26,40,47,49,48,false
2023-03-24,lunchtime,4,6,13,23,24,35,46,false
2023-03-24,teatime,6,7,20,30,38,41,44,false
2023-03-25,lunchtime,5,15,18,22,39,48,25,false
2023-03-25,teatime,13,22,28,31,33,35,49,false
2023-03-26,lunchtime,7,11,12,27,28,39,18,false
2023-03-26,teatime,3,11,38,39,42,49,40,false
2023-03-27,lunchtime,6,14,18,25,30,48,32,false
2023-03-27,teatime,5,8,9,12,15,42,43,false
2023-03-28,lunchtime,26,28,33,34,37,47,25,false
2023-03-28,teatime,14,17,22,28,31,46,5,false
2023-03-29,lunchtime,15,17,22,26,32,38,39,false
2023-03-29,teatime,1,7,14,17,19,45,46,false
2023-03-30,lunchtime,1,6,16,22,23,35,32,false
2023-03-30,teatime,10,14,25,31,34,36,12,false
2023-03-31,lunchtime,1,18,33,34,39,47,45,false
2023-03-31,teatime,5,13,29,37,41,46,36,false
2023-04-01,lunchtime,1,2,16,27,34,38,48,false
2023-04-01,teatime,4,11,27,37,38,40,31,false
2023-04-02,lunchtime,7,10,12,16,28,47,26,false
2023-04-03,lunchtime,2,7,11,19,27,36,39,false
2023-04-04,lunchtime,4,12,22,31,39,48,20,false
2023-04-05,lunchtime,2,3,12,21,23,45,35,false
2023-04-06,lunchtime,1,11,26,27,46,49,36,false
2023-04-07,lunchtime,1,2,13,29,40,45,34,false
2023-04-08,lunchtime,6,18,19,20,21,36,46,false
2023-04-09,lunchtime,3,4,10,12,40,47,46,false
2023-04-10,lunchtime,21,27,28,35,37,49,23,false
2023-04-11,lunchtime,7,8,14,29,48,49,1,false
2023-04-12,lunchtime,5,18,22,30,33,43,20,false
2023-04-13,lunchtime,7,9,12,17,29,49,33,false
2023-04-14,lunchtime,3,4,16,19,21,43,18,false
2023-04-15,lunchtime,7,9,33,34,44,48,26,false
2023-04-16,lunchtime,7,13,18,38,40,44,39,false
2023-04-17,lunchtime,7,18,19,30,34,39,33,false
2023-04-18,lunchtime,5,11,14,31,40,44,9,false
2023-04-19,lunchtime,11,16,17,22,25,41,33,false
2023-04-20,lunchtime,1,7,26,32,34,49,14,false
2023-04-21,lunchtime,19,36,40,41,46,47,22,false
2023-04-22,lunchtime,3,4,15,19,25,35,33,false
2023-04-23,lunchtime,4,7,9,14,33,46,5,false
2023-04-24,lunchtime,10,16,19,26,30,36,37,false
2023-04-25,lunchtime,13,20,22,25,39,42,30,false
2023-04-26,lunchtime,22,24,28,35,46,49,41,false
2023-04-27,lunchtime,18,19,34,42,45,48,30,false
2023-04-28,lunchtime,7,11,18,26,30,35,6,false
2023-04-29,lunchtime,3,13,16,30,32,49,39,false
2023-04-30,lunchtime,15,26,34,35,44,48,32,false
2023-05-01,lunchtime,7,9,16,34,39,40,49,false
2023-05-01,teatime,3,15,37,40,42,48,5,false
2023-05-02,lunchtime,10,17,20,26,27,39,3,false
2023-05-02,teatime,1,15,18,35,40,41,46,false
2023-05-03,lunchtime,1,7,8,30,35,37,42,false
2023-05-03,teatime,5,7,13,22,43,46,40,false
2023-05-04,lunchtime,1,17,18,23,30,36,43,false
2023-05-04,teatime,8,20,29,32,39,47,9,false
2023-05-05,lunchtime,5,23,24,32,35,40,25,false
2023-05-05,teatime,7,9,21,35,38,48,32,false
2023-05-06,lunchtime,5,7,9,26,28,36,25,false
2023-05-06,teatime,3,5,7,10,43,46,9,false
2023-05-07,lunchtime,11,15,27,32,38,40,17,false
2023-05-07,teatime,16,28,34,38,40,43,23,false
2023-05-08,lunchtime,1,7,14,23,34,49,3,false
2023-05-08,teatime,17,22,23,29,33,49,44,false
2023-05-09,lunchtime,4,6,8,24,27,40,12,false
2023-05-09,teatime,1,14,16,31,36,45,7,false
2023-05-10,lunchtime,3,8,13,21,23,26,1,false
2023-05-10,teatime,1,7,11,19,22,38,3,false
2023-05-11,lunchtime,7,8,20,24,40,42,23,false
2023-05-11,teatime,9,17,20,22,32,38,15,false
2023-05-12,lunchtime,2,5,13,23,47,49,42,false
2023-05-12,teatime,8,13,22,28,44,46,31,false
2023-05-13,lunchtime,3,4,16,18,28,39,29,false
2023-05-13,teatime,11,14,18,23,32,44,37,false
2023-05-14,lunchtime,7,14,19,28,30,32,27,false
2023-05-14,teatime,1,8,12,15,31,42,11,false
2023-05-15,lunchtime,11,19,24,39,40,41,14,false
2023-05-15,teatime,15,19,21,23,29,30,43,false
2023-05-16,lunchtime,12,14,25,26,31,40,3,false
2023-05-16,teatime,7,17,19,21,31,41,44,false
2023-05-17,lunchtime,6,18,21,40,41,44,42,false
2023-05-17,teatime,17,19,20,32,40,49,24,false
2023-05-18,lunchtime,6,10,19,20,36,38,25,false
2023-05-18,teatime,2,9,17,25,43,44,37,false
2023-05-19,lunchtime,4,13,24,27,43,49,5,false
2023-05-19,teatime,6,9,17,22,47,49,1,false
2023-05-20,lunchtime,2,13,23,27,30,37,48,false
2023-05-20,teatime,3,9,25,29,40,41,45,false
2023-05-21,lunchtime,6,12,25,30,36,37,3,false
2023-05-21,teatime,6,27,28,29,37,40,43,false
2023-05-22,lunchtime,10,22,23,35,41,48,31,false
2023-05-22,teatime,7,23,40,43,46,49,38,false
2023-05-23,lunchtime,2,8,9,24,26,48,28,false
2023-05-23,teatime,14,20,27,37,44,46,31,false
2023-05-24,lunchtime,5,10,14,23,35,38,18,false
2023-05-24,teatime,2,4,15,41,45,46,35,false
2023-05-25,lunchtime,9,24,26,27,28,42,30,false
2023-05-25,teatime,1,6,11,13,18,21,19,false
2023-05-26,lunchtime,14,24,25,27,33,43,44,false
2023-05-26,teatime,11,13,15,16,22,49,5,false
2023-05-27,lunchtime,11,13,27,28,37,47,8,false
2023-05-28,lunchtime,11,17,27,30,39,44,48,false
2023-05-28,teatime,11,17,27,30,39,44,48,false
2023-05-29,lunchtime,8,11,14,19,28,49,5,false
2023-05-29,teatime,6,10,15,20,24,26,32,false
2023-05-30,lunchtime,6,12,19,28,35,44,4,false
2023-05-30,teatime,12,14,22,29,40,44,37,false
2023-05-31,lunchtime,4,7,8,17,26,42,9,false
2023-05-31,teatime,12,17,20,27,32,48,19,false
2023-06-01,lunchtime,1,6,7,15,19,40,34,false
2023-06-01,teatime,22,23,24,34,36,47,17,false
2023-06-02,lunchtime,2,14,23,27,28,33,7,false
2023-06-02,teatime,14,15,23,31,44,45,47,false
2023-06-03,lunchtime,14,17,19,40,41,49,7,false
2023-06-03,teatime,2,16,17,18,19,44,38,false
2023-06-04,lunchtime,3,22,25,30,40,46,24,false
2023-06-04,teatime,3,12,22,29,31,35,23,false
2023-06-05,lunchtime,2,3,5,26,33,34,14,false
2023-06-05,teatime,17,36,43,44,46,48,16,false
2023-06-06,lunchtime,1,2,17,20,28,37,36,false
2023-06-06,teatime,4,16,20,38,46,49,30,false
2023-06-07,lunchtime,8,33,35,43,45,47,32,false
2023-06-07,teatime,6,10,31,39,45,49,4,false
2023-06-08,lunchtime,8,11,17,20,27,48,9,false
2023-06-08,teatime,13,20,21,22,26,27,30,false
2023-06-09,lunchtime,4,16,34,36,42,47,41,false
2023-06-09,teatime,16,23,28,36,39,40,21,false
2023-06-10,lunchtime,5,8,12,14,28,47,24,false
2023-06-10,teatime,4,5,30,39,41,46,47,false
2023-06-11,lunchtime,6,10,14,24,44,47,21,false
2023-06-11,teatime,3,7,9,21,31,49,19,false
2023-06-12,lunchtime,15,17,18,20,38,47,8,false
2023-06-12,teatime,3,23,26,35,37,45,49,false
2023-06-13,lunchtime,3,5,12,13,35,47,48,false
2023-06-13,teatime,1,17,18,26,35,47,8,false
2023-06-14,lunchtime,11,13,27,31,32,42,26,false
2023-06-14,teatime,15,22,24,35,37,40,17,false
2023-06-15,lunchtime,18,19,24,25,45,46,9,false
2023-06-15,teatime,8,19,20,22,24,32,14,false
2023-06-16,lunchtime,8,21,26,29,35,43,33,false
2023-06-16,teatime,2,12,13,17,24,37,38,false
2023-06-17,lunchtime,7,25,28,34,40,46,15,false
2023-06-17,teatime,6,7,29,39,41,45,27,false
2023-06-18,lunchtime,10,23,24,26,27,37,8,false
2023-06-18,teatime,2,20,34,38,40,48,49,false
2023-06-19,lunchtime,7,16,23,25,37,41,31,false
2023-06-19,teatime,8,15,19,21,37,39,48,false
2023-06-20,lunchtime,11,13,16,19,34,43,15,false
2023-06-20,teatime,1,18,20,39,46,47,30,false
2023-06-21,lunchtime,1,18,23,24,29,43,30,false
2023-06-21,teatime,2,6,15,17,29,37,14,false
2023-06-22,lunchtime,1,12,21,25,29,42,9,false
2023-06-22,teatime,5,28,29,42,43,47,37,false
2023-06-23,lunchtime,18,31,39,40,48,49,45,false
2023-06-23,teatime,9,30,39,42,43,49,40,false
2023-06-24,lunchtime,7,17,29,33,41,49,34,false
2023-06-24,teatime,3,28,29,30,31,33,22,false
2023-06-25,lunchtime,5,10,15,18,21,22,44,false
2023-06-25,teatime,6,7,11,14,35,44,34,false
2023-06-26,lunchtime,4,14,16,30,39,41,36,false
2023-06-26,teatime,37,43,44,45,47,49,11,false
2023-06-27,lunchtime,4,17,21,29,37,45,38,false
2023-06-27,teatime,17,20,26,37,40,42,9,false
2023-06-28,lunchtime,14,16,21,32,38,40,23,false
2023-06-28,teatime,8,9,11,14,15,23,5,false
2023-06-29,lunchtime,7,13,27,29,30,47,48,false
2023-06-29,teatime,8,17,22,23,37,41,34,false
2023-06-30,lunchtime,5,9,16,17,28,40,36,false
2023-06-30,teatime,1,3,6,23,33,37,36,false
2023-07-01,lunchtime,1,9,10,25,30,33,36,false
2023-07-01,teatime,2,5,9,29,35,43,18,false
2023-07-02,lunchtime,1,4,18,20,33,39,13,false
2023-07-02,teatime,1,12,14,20,22,25,44,false
2023-07-03,lunchtime,1,4,6,11,23,39,19,false
2023-07-03,teatime,2,12,13,34,36,40,18,false
2023-07-04,lunchtime,12,17,22,35,44,47,23,false
2023-07-04,teatime,12,14,15,33,45,47,24,false
2023-07-05,lunchtime,3,6,12,17,37,39,28,false
2023-07-05,teatime,11,14,21,38,44,46,27,false
2023-07-06,lunchtime,11,14,20,32,40,41,24,false
2023-07-06,teatime,3,10,12,19,21,22,11,false
2023-07-07,lunchtime,7,9,12,13,22,44,20,false
2023-07-07,teatime,1,8,11,15,18,44,31,false
2023-07-08,lunchtime,6,26,27,29,31,38,12,false
2023-07-08,teatime,1,6,11,14,23,45,39,false
2023-07-09,lunchtime,3,5,12,17,30,36,27,false
2023-07-09,teatime,9,11,19,29,30,35,48,false
2023-07-10,lunchtime,4,10,29,31,33,43,21,false
2023-07-10,teatime,8,19,20,35,37,46,36,false
2023-07-11,lunchtime,5,9,15,19,21,41,44,false
2023-07-11,teatime,7,11,27,29,39,45,5,false
2023-07-12,lunchtime,23,29,36,38,43,46,21,false
2023-07-12,teatime,13,16,27,37,39,40,23,false
2023-07-13,lunchtime,14,19,31,37,43,47,9,false
2023-07-13,teatime,4,9,35,39,46,48,20,false
2023-07-14,lunchtime,16,25,27,31,37,49,3,false
2023-07-14,teatime,2,4,6,28,29,40,24,false
2023-07-15,lunchtime,6,17,22,26,31,44,45,false
2023-07-15,teatime,10,17,28,29,36,46,18,false
2023-07-16,lunchtime,4,7,17,23,28,35,41,false
2023-07-16,teatime,9,17,20,38,39,42,45,false
2023-07-17,lunchtime,8,9,17,32,38,47,36,false
2023-07-17,teatime,17,20,21,27,33,45,40,false
2023-07-18,lunchtime,1,15,16,17,33,34,45,false
2023-07-18,teatime,15,17,23,26,31,43,38,false
2023-07-19,lunchtime,1,26,31,33,37,39,19,false
2023-07-19,teatime,6,12,15,31,39,42,30,false
2023-07-20,lunchtime,2,7,20,40,43,46,18,false
2023-07-20,teatime,4,9,11,23,26,43,3,false
2023-07-21,lunchtime,1,28,30,37,42,47,14,false
2023-07-21,teatime,17,27,32,36,42,46,24,false
2023-07-22,lunchtime,4,5,20,21,23,37,7,false
2023-07-22,teatime,4,7,19,25,32,39,8,false
2023-07-23,lunchtime,16,18,19,20,24,32,48,false
2023-07-23,teatime,7,12,19,26,28,37,38,false
2023-07-24,lunchtime,3,10,16,24,39,41,30,false
2023-07-24,teatime,5,13,23,25,44,47,37,false
2023-07-25,lunchtime,7,25,34,40,41,43,21,false
2023-07-25,teatime,4,9,11,12,16,42,49,false
2023-07-26,lunchtime,3,16,23,25,42,47,37,false
2023-07-26,teatime,1,3,13,14,18,36,32,false
2023-07-27,lunchtime,10,13,32,38,43,49,40,false
2023-07-27,teatime,9,12,15,25,35,49,6,false
2023-07-28,lunchtime,19,22,24,33,39,45,37,false
2023-07-28,teatime,5,17,20,27,42,43,22,false
2023-07-29,lunchtime,7,21,25,32,44,45,14,false
2023-07-29,teatime,14,31,35,37,40,48,20,false
2023-07-30,lunchtime,14,25,33,38,44,48,16,false
2023-07-30,teatime,7,24,26,34,36,42,11,false
2023-07-31,lunchtime,2,8,18,27,35,40,3,false
2023-07-31,teatime,1,2,12,15,38,48,42,false
2023-08-01,lunchtime,3,6,10,11,23,34,29,false
2023-08-01,teatime,1,7,21,29,31,44,43,false
2023-08-02,lunchtime,5,10,17,18,35,38,32,false
2023-08-02,teatime,14,21,23,28,29,40,16,false
2023-08-03,lunchtime,1,9,11,17,32,49,4,false
2023-08-03,teatime,1,7,14,21,34,41,18,false
2023-08-04,lunchtime,2,4,24,38,39,46,42,false
2023-08-04,teatime,9,22,26,30,31,44,1,false
2023-08-05,lunchtime,3,4,5,39,44,47,46,false
2023-08-05,teatime,2,11,21,30,45,49,24,false
2023-08-06,lunchtime,12,20,21,22,26,30,24,false
2023-08-06,teatime,8,23,25,27,35,37,36,false
2023-08-07,lunchtime,4,11,16,21,23,41,18,false
2023-08-07,teatime,1,6,20,22,24,38,42,false
2023-08-08,lunchtime,2,7,18,30,35,37,8,false
2023-08-08,teatime,2,9,10,34,44,48,12,false
2023-08-09,lunchtime,15,19,21,35,39,45,40,false
2023-08-09,teatime,8,11,14,27,28,45,46,false
2023-08-10,lunchtime,11,13,14,29,35,41,42,false
2023-08-10,teatime,18,25,27,29,40,44,19,false
2023-08-11,lunchtime,2,5,16,18,31,42,48,false
2023-08-11,teatime,10,13,29,36,39,45,46,false
2023-08-12,lunchtime,3,4,5,7,15,38,6,false
2023-08-12,teatime,22,25,33,42,44,49,19,false
2023-08-13,lunchtime,4,8,10,21,25,46,23,false
2023-08-13,teatime,2,5,10,14,25,44,9,false
2023-08-14,lunchtime,12,20,23,33,34,45,19,false
2023-08-14,teatime,2,13,15,30,41,44,17,false
2023-08-15,lunchtime,17,18,29,32,42,49,7,false
2023-08-15,teatime,18,22,35,43,48,49,41,false
2023-08-16,lunchtime,5,16,19,27,38,40,26,false
2023-08-16,teatime,16,30,31,36,37,48,42,false
2023-08-17,lunchtime,22,26,35,39,46,47,30,false
2023-08-17,teatime,1,18,20,24,29,38,23,false
2023-08-18,lunchtime,7,20,42,46,47,49,31,false
2023-08-18,teatime,9,15,30,37,43,48,26,false
2023-08-19,lunchtime,6,8,13,14,27,39,49,false
2023-08-19,teatime,9,19,26,28,30,41,49,false
2023-08-20,lunchtime,1,11,15,28,31,34,47,false
2023-08-20,teatime,14,23,28,36,38,49,22,false
2023-08-21,lunchtime,1,13,14,36,40,44,41,false
2023-08-21,teatime,1,5,6,11,27,30,38,false
2023-08-22,lunchtime,2,10,23,35,39,41,32,false
2023-08-22,teatime,4,5,35,36,41,43,22,false
2023-08-23,lunchtime,5,12,28,30,35,46,3,false
2023-08-23,teatime,9,11,21,25,27,28,13,false
2023-08-24,lunchtime,1,24,25,30,40,44,17,false
2023-08-24,teatime,1,3,9,34,44,46,37,false
2023-08-25,lunchtime,1,2,17,20,38,44,33,false
2023-08-25,teatime,5,6,11,22,31,41,44,false
2023-08-26,lunchtime,8,20,21,31,40,47,23,false
2023-08-26,teatime,1,2,19,22,31,34,20,false
2023-08-27,lunchtime,2,3,20,25,32,44,5,false
2023-08-27,teatime,6,10,24,33,37,39,29,false
2023-08-28,lunchtime,5,12,28,31,33,43,49,false
2023-08-28,teatime,7,12,28,31,41,47,27,false
2023-08-29,lunchtime,6,11,13,14,19,23,37,false
2023-08-29,teatime,21,25,30,40,47,48,9,false
2023-08-30,lunchtime,4,8,28,37,44,45,1,false
2023-08-30,teatime,26,30,36,38,39,42,31,false
2023-08-31,lunchtime,4,9,11,26,37,43,12,false
2023-08-31,teatime,8,14,17,32,33,45,7,false
2023-09-01,lunchtime,2,11,13,18,21,48,9,false
2023-09-01,teatime,12,16,20,34,40,45,48,false
2023-09-02,lunchtime,6,8,26,43,48,49,20,false
2023-09-02,teatime,4,8,18,20,42,47,45,false
2023-09-03,lunchtime,4,7,19,21,25,40,5,false
2023-09-03,teatime,6,10,22,26,27,43,31,false
2023-09-04,lunchtime,2,11,28,38,41,49,35,false
2023-09-04,teatime,7,8,19,31,36,43,24,false
2023-09-05,lunchtime,6,9,12,13,26,42,19,false
2023-09-05,teatime,12,18,20,22,31,37,44,false
2023-09-06,lunchtime,4,16,17,38,39,43,8,false
2023-09-06,teatime,17,27,31,36,41,49,10,false
2023-09-07,lunchtime,3,8,28,30,32,39,22,false
2023-09-07,teatime,22,26,27,30,35,36,9,false
2023-09-08,lunchtime,9,20,23,28,32,39,41,false
2023-09-08,teatime,3,5,16,28,30,43,24,false
2023-09-09,lunchtime,2,14,16,27,38,42,24,false
2023-09-09,teatime,8,19,20,21,46,48,9,false
2023-09-10,lunchtime,26,30,37,39,41,47,17,false
2023-09-10,teatime,11,14,17,25,28,34,8,false
2023-09-11,lunchtime,8,9,15,18,43,48,6,false
2023-09-11,teatime,3,14,21,36,41,42,47,false
2023-09-12,lunchtime,2,3,8,10,15,29,6,false
2023-09-12,teatime,3,5,9,18,27,30,48,false
2023-09-13,lunchtime,10,12,17,19,32,33,38,false
2023-09-13,teatime,8,14,17,24,26,43,12,false
2023-09-14,lunchtime,6,15,19,29,34,48,30,false
2023-09-14,teatime,1,3,5,8,13,27,41,false
2023-09-15,lunchtime,14,30,37,39,44,48,13,false
2023-09-15,teatime,4,18,27,29,33,49,9,false
2023-09-16,lunchtime,22,24,27,33,35,45,37,false
2023-09-16,teatime,1,5,26,32,41,45,39,false
2023-09-17,lunchtime,2,3,6,10,23,43,24,false
2023-09-17,teatime,5,8,16,21,42,44,26,false
2023-09-18,lunchtime,27,28,30,32,36,38,17,false
2023-09-18,teatime,1,9,25,38,43,49,14,false
2023-09-19,lunchtime,3,10,11,17,22,34,4,false
2023-09-19,teatime,19,27,31,38,41,44,29,false
2023-09-20,lunchtime,6,21,29,40,45,47,17,false
2023-09-20,teatime,16,17,22,29,34,36,32,false
2023-09-21,lunchtime,13,16,17,21,22,23,29,false
2023-09-21,teatime,8,16,19,27,39,44,37,false
2023-09-22,lunchtime,14,28,33,34,35,41,26,false
2023-09-22,teatime,11,19,30,31,40,42,45,false
2023-09-23,lunchtime,1,2,18,25,32,44,23,false
2023-09-23,teatime,11,14,22,30,32,46,4,false
2023-09-24,lunchtime,17,19,20,22,24,32,48,false
2023-09-24,teatime,9,28,36,39,41,42,32,false
2023-09-25,lunchtime,2,18,22,29,38,39,33,false
2023-09-25,teatime,10,12,21,27,39,48,19,false
2023-09-26,lunchtime,5,22,27,31,33,43,34,false
2023-09-26,teatime,26,27,33,36,44,47,35,false
2023-09-27,lunchtime,3,19,25,34,36,46,6,false
2023-09-27,teatime,7,12,17,23,36,41,16,false
2023-09-28,lunchtime,5,13,16,30,41,46,6,false
2023-09-28,teatime,4,11,15,23,28,40,49,false
2023-09-29,lunchtime,1,11,12,13,33,44,39,false
2023-09-29,teatime,3,20,24,26,37,40,32,false
2023-09-30,lunchtime,8,11,14,18,39,45,27,false
2023-09-30,teatime,2,13,16,26,38,46,23,false
2023-10-01,lunchtime,3,14,38,39,44,48,11,false
2023-10-01,teatime,16,21,22,35,36,43,14,false
2023-10-02,lunchtime,6,22,30,32,40,41,38,false
2023-10-02,teatime,14,22,33,44,46,49,11,false
2023-10-03,lunchtime,12,20,26,39,41,44,49,false
2023-10-03,teatime,2,6,14,18,27,32,15,false
2023-10-04,lunchtime,15,25,29,34,43,45,26,false
2023-10-04,teatime,9,30,31,45,46,48,42,false
2023-10-05,lunchtime,1,5,20,25,32,47,30,false
2023-10-05,teatime,15,16,23,25,39,49,20,false
2023-10-06,lunchtime,9,13,18,24,27,31,3,false
2023-10-06,teatime,1,9,11,13,26,45,15,false
2023-10-07,lunchtime,2,8,13,25,37,47,7,false
2023-10-07,teatime,3,15,16,29,36,49,39,false
2023-10-08,lunchtime,2,10,11,26,28,33,17,false
2023-10-08,teatime,6,11,28,32,36,48,43,false
2023-10-09,lunchtime,10,13,19,26,32,48,15,false
2023-10-09,teatime,6,11,13,14,16,19,8,false
2023-10-10,lunchtime,4,21,23,26,33,36,3,false
2023-10-10,teatime,2,6,10,29,47,48,45,false
2023-10-11,lunchtime,17,36,38,40,41,44,23,false
2023-10-11,teatime,12,16,18,33,34,39,32,false
2023-10-12,lunchtime,6,19,31,38,41,42,10,false
2023-10-12,teatime,24,32,35,42,45,48,38,false
2023-10-13,lunchtime,10,23,30,43,44,46,39,false
2023-10-13,teatime,12,17,18,21,32,35,23,false
2023-10-14,lunchtime,11,21,28,46,47,48,24,false
2023-10-14,teatime,11,22,23,28,31,34,40,false
2023-10-15,lunchtime,4,9,24,28,29,31,43,false
2023-10-15,teatime,2,14,16,22,33,43,24,false
2023-10-16,lunchtime,2,8,17,20,33,37,18,false
2023-10-16,teatime,6,13,16,32,34,48,24,false
2023-10-17,lunchtime,6,11,15,21,41,43,24,false
2023-10-17,teatime,7,13,18,19,35,43,5,false
2023-10-18,lunchtime,11,21,22,25,38,44,13,false
2023-10-18,teatime,8,12,18,19,34,42,45,false
2023-10-19,lunchtime,2,4,9,36,39,40,8,false
2023-10-19,teatime,5,16,18,23,32,40,10,false
2023-10-20,lunchtime,1,22,23,40,45,46,41,false
2023-10-20,teatime,13,16,17,27,39,49,29,false
2023-10-21,lunchtime,11,16,20,29,30,31,48,false
2023-10-21,teatime,8,18,27,29,35,37,24,false
2023-10-22,lunchtime,4,9,14,25,27,44,19,false
2023-10-22,teatime,1,28,32,40,48,49,8,false
2023-10-23,lunchtime,8,18,27,29,41,49,35,false
2023-10-23,teatime,9,12,19,24,33,44,29,false
2023-10-24,lunchtime,3,22,26,29,30,37,16,false
2023-10-24,teatime,6,11,35,37,41,46,42,false
2023-10-25,lunchtime,2,19,21,30,38,42,44,false
2023-10-25,teatime,9,18,22,25,35,42,45,false
2023-10-26,lunchtime,7,17,26,41,42,48,13,false
2023-10-26,teatime,6,10,31,33,39,40,28,false
2023-10-27,lunchtime,2,15,24,34,38,45,32,false
2023-10-27,teatime,16,20,35,37,39,49,26,false
2023-10-28,lunchtime,5,9,26,31,40,41,3,false
2023-10-28,teatime,1,4,22,41,42,46,5,false
2023-10-29,lunchtime,10,12,17,18,41,45,26,false
2023-10-29,teatime,3,11,12,15,16,47,31,false
2023-10-30,lunchtime,1,4,5,12,39,45,20,false
2023-10-30,teatime,1,17,19,33,36,41,23,false
2023-10-31,lunchtime,10,12,23,31,37,38,7,false
2023-10-31,teatime,23,28,29,33,36,40,22,false
2023-11-01,lunchtime,5,7,12,31,35,47,36,false
2023-11-01,teatime,4,25,31,33,36,47,48,false
2023-11-02,lunchtime,3,5,32,38,43,49,17,false
2023-11-02,teatime,4,25,31,33,36,47,48,false
2023-11-03,lunchtime,4,18,19,26,32,44,43,false
2023-11-03,teatime,3,13,14,19,29,46,7,false
2023-11-04,lunchtime,14,20,27,29,31,33,47,false
2023-11-04,teatime,2,6,21,25,26,45,46,false
2023-11-05,lunchtime,10,14,25,32,33,38,22,false
2023-11-05,teatime,5,7,35,39,44,46,15,false
2023-11-06,lunchtime,2,3,22,29,36,37,23,false
2023-11-06,teatime,26,29,37,39,44,49,41,false
2023-11-07,lunchtime,1,10,16,24,26,46,25,false
2023-11-07,teatime,8,17,23,29,35,45,33,false
2023-11-08,lunchtime,3,10,14,35,41,42,48,false
2023-11-08,teatime,6,9,15,26,34,38,32,false
2023-11-09,lunchtime,14,16,18,21,27,37,31,false
2023-11-09,teatime,2,4,21,23,36,42,26,false
2023-11-10,lunchtime,7,15,16,29,33,43,26,false
2023-11-10,teatime,10,16,21,35,40,43,22,false
2023-11-11,lunchtime,4,10,21,24,40,49,13,false
2023-11-11,teatime,4,9,18,20,22,43,3,false
2023-11-12,lunchtime,8,19,21,34,41,42,48,false
2023-11-12,teatime,4,12,14,18,23,24,21,false
2023-11-13,lunchtime,6,19,22,23,24,31,12,false
2023-11-13,teatime,16,30,33,37,45,47,44,false
2023-11-14,lunchtime,7,15,21,25,32,35,42,false
2023-11-14,teatime,8,13,20,23,28,41,2,false
2023-11-15,lunchtime,3,6,10,20,25,29,38,false
2023-11-15,teatime,5,17,20,21,38,44,3,false
2023-11-16,lunchtime,20,22,23,31,35,47,46,false
2023-11-16,teatime,2,7,20,26,33,36,39,false
2023-11-17,lunchtime,7,23,29,41,46,49,1,false
2023-11-17,teatime,1,5,15,18,27,38,41,false
2023-11-18,lunchtime,4,8,14,29,41,48,3,false
2023-11-18,teatime,5,6,9,10,11,33,43,false
2023-11-19,lunchtime,9,17,34,35,41,46,43,false
2023-11-19,teatime,2,3,10,24,31,43,13,false
2023-11-20,lunchtime,3,11,12,13,25,44,8,false
2023-11-20,teatime,19,24,30,32,33,41,45,false
2023-11-21,lunchtime,4,23,26,27,30,44,29,false
2023-11-21,teatime,10,14,22,24,37,41,11,false
2023-11-22,lunchtime,3,8,18,27,33,49,1,false
2023-11-22,teatime,6,7,8,11,24,35,16,false
2023-11-23,lunchtime,1,4,10,11,19,47,13,false
2023-11-23,teatime,1,3,6,12,18,48,44,false
2023-11-24,lunchtime,14,27,30,41,45,48,20,false
2023-11-24,teatime,21,33,35,42,45,47,12,false
2023-11-25,lunchtime,6,12,14,17,23,29,44,false
2023-11-25,teatime,7,20,24,25,31,48,30,false
2023-11-26,lunchtime,8,13,14,29,40,46,22,false
2023-11-26,teatime,16,27,28,33,34,35,41,false
2023-11-27,lunchtime,1,2,6,15,44,48,29,false
2023-11-27,teatime,10,19,22,30,47,49,48,false
2023-11-28,lunchtime,11,13,18,19,26,35,2,false
2023-11-28,teatime,6,11,15,18,36,44,1,false
2023-11-29,lunchtime,2,10,22,25,43,45,46,false
2023-11-29,teatime,4,7,8,21,22,41,10,false
2023-11-30,lunchtime,8,9,38,39,45,46,7,false
2023-11-30,teatime,9,11,13,16,22,45,37,false
2023-12-01,lunchtime,3,7,13,19,33,34,8,false
2023-12-01,teatime,8,10,12,34,37,42,19,false
2023-12-02,lunchtime,11,25,28,30,31,46,39,false
2023-12-02,teatime,14,27,32,33,38,48,45,false
2023-12-03,lunchtime,14,19,23,29,43,45,2,false
2023-12-03,teatime,2,6,38,42,45,48,1,false
2023-12-04,lunchtime,2,12,15,17,21,32,9,false
2023-12-04,teatime,11,23,36,40,44,46,18,false
2023-12-05,lunchtime,16,20,24,37,39,42,40,false
2023-12-05,teatime,4,15,19,25,40,41,23,false
2023-12-06,lunchtime,12,16,21,26,37,45,1,false
2023-12-06,teatime,4,10,23,24,33,38,15,false
2023-12-07,lunchtime,2,4,11,19,27,41,5,false
2023-12-07,teatime,8,10,27,31,36,47,15,false
2023-12-08,lunchtime,14,20,23,25,30,31,22,false
2023-12-08,teatime,6,16,19,25,31,40,29,false
2023-12-09,lunchtime,4,12,17,20,27,32,43,false
2023-12-09,teatime,7,8,11,18,41,43,2,false
2023-12-10,lunchtime,6,14,29,33,44,46,27,false
2023-12-10,teatime,9,11,30,42,43,45,34,false
2023-12-11,lunchtime,18,24,33,40,46,48,38,false
2023-12-11,teatime,6,13,25,45,47,49,18,false
2023-12-12,lunchtime,12,20,26,29,40,42,35,false
2023-12-12,teatime,4,6,7,10,17,32,49,false
2023-12-13,lunchtime,19,21,34,38,44,49,9,false
2023-12-13,teatime,5,6,13,30,31,34,39,false
2023-12-14,lunchtime,4,5,36,41,45,46,11,false
2023-12-14,teatime,12,15,31,33,42,49,47,false
2023-12-15,lunchtime,3,8,16,22,46,47,41,false
2023-12-15,teatime,3,12,19,21,32,46,25,false
2023-12-16,lunchtime,10,11,14,18,24,38,17,false
2023-12-16,teatime,1,8,15,17,31,47,4,false
2023-12-17,lunchtime,7,21,32,33,43,44,27,false
2023-12-17,teatime,2,26,31,32,41,48,6,false
2023-12-18,lunchtime,3,5,11,40,44,45,10,false
2023-12-18,teatime,19,27,31,38,42,45,25,false
2023-12-19,lunchtime,3,14,17,32,41,42,34,false
2023-12-19,teatime,6,14,20,23,34,45,2,false
2023-12-20,lunchtime,6,14,16,29,37,42,22,false
2023-12-20,teatime,8,19,21,23,25,32,20,false
2023-12-21,lunchtime,7,11,25,32,36,43,29,false
2023-12-21,teatime,6,10,22,28,38,46,45,false
2023-12-22,lunchtime,6,8,14,21,25,38,22,false
2023-12-22,teatime,2,7,9,12,15,30,23,false
2023-12-23,lunchtime,9,10,20,34,45,48,17,false
2023-12-23,teatime,8,15,37,43,44,45,35,false
2023-12-24,lunchtime,9,11,18,23,37,40,33,false
2023-12-24,teatime,9,11,18,23,37,40,33,false
2023-12-26,lunchtime,3,10,22,30,42,47,28,false
2023-12-26,teatime,18,37,42,45,46,48,38,false
2023-12-27,lunchtime,2,10,12,13,17,22,9,false
2023-12-27,teatime,1,29,35,40,44,48,13,false
2023-12-28,lunchtime,14,25,29,40,43,45,27,false
2023-12-28,teatime,2,5,17,20,21,34,36,false
2023-12-29,lunchtime,5,28,30,31,34,38,15,false
2023-12-29,teatime,14,34,37,41,44,45,46,false
2023-12-30,lunchtime,8,17,32,39,43,45,46,false
2023-12-30,teatime,5,16,18,20,21,41,40,false
2023-12-31,lunchtime,5,28,32,38,41,42,6,false
2023-12-31,teatime,12,17,26,28,37,39,41,false
2024-01-01,lunchtime,2,5,17,35,39,47,31,false
2024-01-01,teatime,4,6,8,19,44,45,21,false
2024-01-02,lunchtime,3,9,11,14,17,35,34,false
2024-01-02,teatime,6,8,11,13,29,46,3,false
2024-01-03,lunchtime,14,22,26,32,37,47,33,false
2024-01-03,teatime,11,12,18,35,36,45,22,false
2024-01-04,lunchtime,12,14,27,37,39,41,48,false
2024-01-04,teatime,5,11,12,41,44,48,33,false
2024-01-05,lunchtime,4,6,18,31,34,46,9,false
2024-01-05,teatime,20,28,31,35,44,46,1,false
2024-01-06,lunchtime,10,16,33,35,43,46,4,false
2024-01-06,teatime,22,28,35,39,40,47,41,false
2024-01-07,lunchtime,9,14,16,26,41,42,6,false
2024-01-07,teatime,9,20,30,32,43,49,19,false
2024-01-08,lunchtime,2,12,13,14,22,42,24,false
2024-01-08,teatime,15,28,40,41,45,48,17,false
2024-01-09,lunchtime,1,13,20,23,41,47,34,false
2024-01-09,teatime,31,32,37,41,45,47,15,false
2024-01-10,lunchtime,8,14,15,35,46,48,41,false
2024-01-10,teatime,3,13,23,35,39,43,12,false
2024-01-11,lunchtime,1,15,43,44,46,47,41,false
2024-01-11,teatime,4,7,19,21,24,44,5,false
2024-01-12,lunchtime,6,17,27,35,42,47,25,false
2024-01-12,teatime,12,25,26,40,42,43,3,false
2024-01-13,lunchtime,2,6,13,28,41,42,49,false
2024-01-13,teatime,3,5,9,10,23,34,17,false
2024-01-14,lunchtime,11,13,22,24,45,46,39,false
2024-01-14,teatime,17,20,24,25,26,47,1,false
2024-01-15,lunchtime,19,25,30,35,39,43,36,false
2024-01-15,teatime,5,10,13,20,23,40,36,false
2024-01-16,lunchtime,6,8,10,35,42,47,1,false
2024-01-16,teatime,12,18,23,35,37,39,11,false
2024-01-17,lunchtime,3,12,16,21,28,32,9,false
2024-01-17,teatime,1,7,13,24,39,48,43,false
2024-01-18,lunchtime,13,14,18,21,26,45,3,false
2024-01-18,teatime,1,17,42,47,48,49,41,false
2024-01-19,lunchtime,5,9,11,23,28,47,38,false
2024-01-19,teatime,2,8,14,23,25,37,17,false
2024-01-20,lunchtime,3,11,21,32,35,42,4,false
2024-01-20,teatime,5,11,33,34,44,46,19,false
2024-01-21,lunchtime,9,30,32,43,46,49,19,false
2024-01-21,teatime,3,7,14,29,31,41,19,false
2024-01-22,lunchtime,17,18,25,29,38,42,7,false
2024-01-22,teatime,2,3,11,19,20,29,21,false
2024-01-23,lunchtime,11,16,22,32,42,43,44,false
2024-01-23,teatime,1,13,18,35,40,44,6,false
2024-01-24,lunchtime,18,20,26,34,43,45,21,false
2024-01-24,teatime,15,20,33,35,37,38,22,false
2024-01-25,lunchtime,1,5,31,34,38,41,24,false
2024-01-25,teatime,4,13,15,22,43,48,46,false
2024-01-26,lunchtime,2,16,29,31,38,49,32,false
2024-01-26,teatime,9,21,23,36,39,42,2,false
2024-01-27,lunchtime,11,20,37,38,44,47,36,false
2024-01-27,teatime,11,15,16,27,32,38,46,false
2024-01-28,lunchtime,4,31,33,35,38,42,19,false
2024-01-28,teatime,4,16,31,34,41,44,23,false
2024-01-29,lunchtime,7,26,28,36,42,44,24,false
2024-01-29,teatime,2,7,11,23,24,42,1,false
2024-01-30,lunchtime,9,11,12,36,39,43,32,false
2024-01-30,teatime,3,6,15,21,25,46,29,false
2024-01-31,lunchtime,2,4,20,40,42,43,29,false
2024-01-31,teatime,6,14,22,30,39,43,42,false
2024-02-01,lunchtime,2,12,14,24,26,36,41,false
2024-02-01,teatime,8,10,18,42,44,49,20,false
2024-02-02,lunchtime,8,16,33,45,47,49,10,false
2024-02-02,teatime,6,18,23,41,44,45,28,false
2024-02-03,lunchtime,3,20,26,29,43,46,25,false
2024-02-03,teatime,6,22,23,29,30,39,20,false
2024-02-04,lunchtime,7,21,25,28,39,43,48,false
2024-02-04,teatime,8,10,17,23,30,31,27,false
2024-02-05,lunchtime,10,15,18,22,24,37,34,false
2024-02-05,teatime,10,12,14,27,33,46,11,false
2024-02-06,lunchtime,8,16,17,19,43,49,28,false
2024-02-06,teatime,2,13,16,33,41,45,15,false
2024-02-07,lunchtime,7,15,30,36,43,47,4,false
2024-02-07,teatime,3,11,21,25,39,40,26,false
2024-02-08,lunchtime,12,18,25,31,36,40,37,false
2024-02-08,teatime,4,15,25,32,44,45,39,false
2024-02-09,lunchtime,6,8,11,18,20,44,41,false
2024-02-09,teatime,3,4,8,16,34,40,21,false
2024-02-10,lunchtime,7,8,9,12,36,41,27,false
2024-02-10,teatime,4,9,34,43,44,47,10,false
2024-02-11,lunchtime,33,36,37,39,40,45,5,false
2024-02-11,teatime,19,26,30,41,42,47,13,false
2024-02-12,lunchtime,15,17,19,20,39,49,47,false
2024-02-12,teatime,3,17,20,28,32,35,21,false
2024-02-13,lunchtime,12,13,21,22,35,42,36,false
2024-02-13,teatime,11,20,23,24,34,36,21,false
2024-02-14,lunchtime,7,8,11,28,40,44,20,false
2024-02-14,teatime,8,17,28,29,38,40,33,false
2024-02-15,lunchtime,20,31,32,37,38,45,44,false
2024-02-15,teatime,8,10,34,40,41,47,2,false
2024-02-16,lunchtime,19,21,32,34,35,46,1,false
2024-02-16,teatime,18,26,30,32,36,47,43,false
2024-02-17,lunchtime,12,15,33,34,37,44,42,false
2024-02-17,teatime,5,13,18,25,32,38,26,false
2024-02-18,lunchtime,12,19,20,26,35,47,11,false
2024-02-18,teatime,11,20,24,31,39,47,10,false
2024-02-19,lunchtime,3,15,20,27,41,43,47,false
2024-02-19,teatime,6,7,10,14,37,48,39,false
2024-02-20,lunchtime,8,23,28,29,42,43,31,false
2024-02-20,teatime,10,17,21,30,31,43,35,false
2024-02-21,lunchtime,10,14,19,29,40,42,41,false
2024-02-21,teatime,1,9,14,21,30,46,47,false
2024-02-22,lunchtime,10,11,29,33,37,43,40,false
2024-02-22,teatime,1,6,15,23,41,45,16,false
2024-02-23,lunchtime,2,7,12,32,35,40,25,false
2024-02-23,teatime,8,15,17,25,37,44,35,false
2024-02-24,lunchtime,15,21,23,35,39,49,42,false
2024-02-24,teatime,17,23,26,35,46,49,47,false
2024-02-25,lunchtime,1,18,19,27,34,40,22,false
2024-02-25,teatime,6,15,19,27,31,45,35,false
2024-02-26,lunchtime,20,24,26,37,41,46,7,false
2024-02-26,teatime,13,14,30,34,46,47,3,false
2024-02-27,lunchtime,4,9,12,17,37,46,40,false
2024-02-27,teatime,4,31,40,43,45,46,23,false
2024-02-28,lunchtime,2,6,21,23,25,31,11,false
2024-02-28,teatime,2,7,15,18,40,49,3,false
2024-02-29,lunchtime,5,18,26,27,31,37,33,false
2024-02-29,teatime,1,10,31,36,37,45,5,false
2024-03-01,lunchtime,1,9,27,33,41,42,12,false
2024-03-01,teatime,1,2,18,29,30,46,14,false
2024-03-02,lunchtime,5,13,24,28,44,49,3,false
2024-03-02,teatime,2,12,16,32,43,48,37,false
2024-03-03,lunchtime,2,3,6,23,29,42,30,false
2024-03-03,teatime,3,21,25,37,40,44,49,false
2024-03-04,lunchtime,9,21,32,37,40,43,4,false
2024-03-04,teatime,6,18,20,28,33,48,41,false
2024-03-05,lunchtime,6,14,32,34,35,47,28,false
2024-03-05,teatime,9,26,27,31,37,47,19,false
2024-03-06,lunchtime,3,9,17,29,35,43,24,false
2024-03-06,teatime,15,16,22,26,30,40,28,false
2024-03-07,lunchtime,5,12,18,19,27,30,48,false
2024-03-07,teatime,4,6,24,25,30,49,35,false
2024-03-08,lunchtime,6,19,23,29,31,48,7,false
2024-03-08,teatime,6,12,18,19,22,25,30,false
2024-03-09,lunchtime,8,10,12,18,32,37,15,false
2024-03-09,teatime,19,31,33,34,45,46,20,false
2024-03-10,lunchtime,12,18,25,28,31,48,16,false
2024-03-10,teatime,14,20,28,30,39,49,6,false
2024-03-11,lunchtime,3,13,19,31,42,43,36,false
2024-03-11,teatime,22,31,38,39,41,42,48,false
2024-03-12,lunchtime,11,21,28,32,40,43,14,false
2024-03-12,teatime,31,32,35,40,41,42,36,false
2024-03-13,lunchtime,15,17,18,38,39,44,30,false
2024-03-13,teatime,9,10,28,29,33,46,16,false
2024-03-14,lunchtime,9,20,26,30,38,43,40,false
2024-03-14,teatime,17,21,33,34,35,40,12,false
2024-03-15,lunchtime,5,13,23,33,39,46,25,false
2024-03-15,teatime,20,22,37,38,39,41,32,false
2024-03-16,lunchtime,2,7,16,26,32,47,31,false
2024-03-16,teatime,24,28,29,39,40,49,47,false
2024-03-17,lunchtime,5,9,11,22,38,47,23,false
2024-03-17,teatime,12,15,25,26,36,48,18,false
2024-03-18,lunchtime,2,6,9,14,37,41,16,false
2024-03-18,teatime,1,22,25,28,30,47,6,false
2024-03-19,lunchtime,11,13,14,22,27,31,30,false
2024-03-19,teatime,3,7,19,30,32,38,47,false
2024-03-20,lunchtime,4,13,33,37,40,48,29,false
2024-03-20,teatime,7,9,16,19,24,46,15,false
2024-03-21,lunchtime,6,24,27,33,34,49,35,false
2024-03-21,teatime,10,11,18,35,39,47,40,false
2024-03-22,lunchtime,6,18,24,31,39,49,9,false
2024-03-22,teatime,3,11,15,20,31,35,12,false
2024-03-23,lunchtime,13,14,32,42,44,45,5,false
2024-03-23,teatime,8,14,18,25,32,49,1,false
2024-03-24,lunchtime,23,25,32,37,40,48,26,false
2024-03-24,teatime,8,27,31,38,46,49,40,false
2024-03-25,lunchtime,2,11,17,33,39,41,34,false
2024-03-25,teatime,2,7,8,28,30,38,43,false
2024-03-26,lunchtime,15,26,29,32,34,45,18,false
2024-03-26,teatime,7,11,13,16,17,47,35,false
2024-03-27,lunchtime,10,23,24,32,40,45,28,false
2024-03-27,teatime,5,8,19,34,41,43,13,false
2024-03-28,lunchtime,5,15,19,22,29,37,45,false
2024-03-28,teatime,4,7,20,35,37,38,5,false
2024-03-29,lunchtime,5,28,29,39,44,48,38,false
2024-03-29,teatime,8,22,33,35,37,46,10,false
2024-03-30,lunchtime,5,9,17,23,37,42,34,false
2024-03-30,teatime,10,26,33,39,43,44,31,false
2024-03-31,lunchtime,6,9,17,32,33,34,28,false
2024-03-31,teatime,9,13,15,16,18,35,48,false
2024-04-01,lunchtime,15,23,30,40,41,46,10,false
2024-04-01,teatime,12,16,36,41,47,49,1,false
2024-04-02,lunchtime,4,13,28,32,35,42,40,false
2024-04-02,teatime,3,10,15,35,44,47,38,false
2024-04-03,lunchtime,18,31,34,41,43,47,7,false
2024-04-03,teatime,1,4,6,9,21,45,40,false
2024-04-04,lunchtime,13,16,33,41,45,49,34,false
2024-04-04,teatime,9,13,14,15,41,48,2,false
2024-04-05,lunchtime,3,6,20,21,32,45,30,false
2024-04-05,teatime,12,32,36,38,45,49,28,false
2024-04-06,lunchtime,1,3,20,26,36,44,19,false
2024-04-06,teatime,6,18,26,35,38,43,31,false
2024-04-07,lunchtime,20,21,33,38,40,43,9,false
2024-04-07,teatime,16,20,26,33,34,37,49,false
2024-04-08,lunchtime,3,10,17,29,32,34,38,false
2024-04-08,teatime,6,7,11,15,23,40,27,false
2024-04-09,lunchtime,5,13,23,24,35,41,27,false
2024-04-09,teatime,8,16,34,43,47,49,9,false
2024-04-10,lunchtime,10,34,36,44,46,48,12,false
2024-04-10,teatime,7,16,18,24,32,36,42,false
2024-04-11,lunchtime,3,7,14,27,37,42,31,false
2024-04-11,teatime,3,6,15,22,41,45,47,false
2024-04-12,lunchtime,3,7,9,22,34,44,28,false
2024-04-12,teatime,1,6,19,31,39,45,25,false
2024-04-13,lunchtime,4,7,23,31,32,46,13,false
2024-04-13,teatime,7,32,34,38,41,44,2,false
2024-04-14,lunchtime,19,22,39,42,46,49,36,false
2024-04-14,teatime,6,25,32,44,48,49,22,false
2024-04-15,lunchtime,12,25,36,37,41,49,28,false
2024-04-15,teatime,1,4,22,23,43,45,35,false
2024-04-16,lunchtime,9,13,17,20,24,44,32,false
2024-04-16,teatime,6,9,23,26,35,41,14,false
2024-04-17,lunchtime,13,28,30,31,32,33,14,false
2024-04-17,teatime,3,4,7,14,25,32,35,false
2024-04-18,lunchtime,19,21,26,29,37,41,5,false
2024-04-18,teatime,1,6,24,27,32,34,9,false
2024-04-19,lunchtime,10,22,30,41,44,48,9,false
2024-04-19,teatime,2,19,27,33,37,44,30,false
2024-04-20,lunchtime,10,11,18,25,30,34,4,false
2024-04-20,teatime,1,21,27,44,48,49,26,false
2024-04-21,lunchtime,3,8,9,14,15,25,42,false
2024-04-21,teatime,3,12,25,33,42,47,34,false
2024-04-22,lunchtime,17,18,21,29,33,35,28,false
2024-04-22,teatime,1,7,16,29,37,41,27,false
2024-04-23,lunchtime,15,20,27,42,43,48,36,false
2024-04-23,teatime,8,23,26,33,39,44,43,false
2024-04-24,lunchtime,3,6,10,23,36,46,19,false
2024-04-24,teatime,2,10,15,29,32,42,4,false
2024-04-25,lunchtime,4,9,22,26,27,33,47,false
2024-04-25,teatime,7,8,13,19,25,32,41,false
2024-04-26,lunchtime,7,10,28,31,35,41,37,false
2024-04-26,teatime,14,23,27,32,45,46,42,false
2024-04-27,lunchtime,1,14,15,25,32,33,34,false
2024-04-27,teatime,5,6,12,20,30,44,29,false
2024-04-28,lunchtime,21,22,37,38,40,48,39,false
2024-04-28,teatime,5,11,19,27,33,43,35,false
2024-04-29,lunchtime,7,10,17,35,40,47,21,false
2024-04-29,teatime,4,9,23,30,36,40,32,false
2024-04-30,lunchtime,2,9,11,25,31,48,36,false
2024-04-30,teatime,10,11,20,25,27,37,42,false
2024-05-01,lunchtime,2,11,18,19,46,49,31,false
2024-05-01,teatime,9,10,12,21,48,49,47,false
2024-05-02,lunchtime,2,12,20,26,27,40,39,false
2024-05-02,teatime,6,8,14,21,35,44,10,false
2024-05-03,lunchtime,5,12,26,27,41,42,47,false
2024-05-03,teatime,9,29,31,41,42,44,8,false
2024-05-04,lunchtime,3,16,21,24,33,40,27,false
2024-05-04,teatime,16,18,25,30,34,42,32,false
2024-05-05,lunchtime,1,3,12,15,20,33,14,false
2024-05-05,teatime,12,30,36,42,44,49,43,false
2024-05-06,lunchtime,7,11,23,29,32,42,5,false
2024-05-06,teatime,3,9,16,25,26,39,40,false
2024-05-07,lunchtime,5,6,10,40,41,45,28,false
2024-05-07,teatime,2,6,11,17,35,47,3,false
2024-05-08,lunchtime,2,3,6,11,21,27,17,false
2024-05-08,teatime,9,15,27,35,41,42,7,false
2024-05-09,lunchtime,12,13,21,24,37,41,3,false
2024-05-09,teatime,20,21,29,34,41,44,33,false
2024-05-10,lunchtime,3,5,6,36,37,47,41,false
2024-05-10,teatime,1,2,29,31,39,49,40,false
2024-05-11,lunchtime,1,15,19,20,43,49,34,false
2024-05-11,teatime,11,13,17,21,33,37,8,false
2024-05-12,lunchtime,11,15,32,37,39,47,4,false
2024-05-12,teatime,1,2,13,26,34,44,41,false
2024-05-13,lunchtime,3,5,6,16,35,44,45,false
2024-05-13,teatime,3,20,31,40,41,49,38,false
2024-05-14,lunchtime,9,18,25,35,42,47,11,false
2024-05-14,teatime,6,14,26,28,36,47,15,false
2024-05-15,lunchtime,10,13,18,28,35,44,16,false
2024-05-15,teatime,12,22,34,37,39,44,4,false
2024-05-16,lunchtime,5,8,15,26,46,48,4,false
2024-05-16,teatime,14,25,32,34,37,41,27,false
2024-05-17,lunchtime,23,26,35,36,42,44,22,false
2024-05-17,teatime,12,17,28,33,43,48,29,false
2024-05-18,lunchtime,1,3,17,43,48,49,7,false
2024-05-18,teatime,1,3,5,6,21,43,33,false
2024-05-19,lunchtime,5,8,17,32,34,35,18,false
2024-05-19,teatime,3,7,27,37,41,44,35,false
2024-05-20,lunchtime,1,2,14,17,20,22,49,false
2024-05-20,teatime,18,19,20,35,37,49,14,false
2024-05-21,lunchtime,1,9,17,27,34,45,28,false
2024-05-21,teatime,1,21,29,35,39,46,24,false
2024-05-22,lunchtime,2,6,16,19,30,43,18,false
2024-05-22,teatime,4,12,19,28,31,38,16,false
2024-05-23,lunchtime,17,21,22,25,32,44,40,false
2024-05-23,teatime,2,11,18,22,39,49,44,false
2024-05-24,lunchtime,3,12,28,30,32,41,7,false
2024-05-24,teatime,19,31,41,43,44,49,40,false
2024-05-25,lunchtime,18,19,27,37,38,43,7,false
2024-05-25,teatime,17,23,28,35,36,38,40,false
2024-05-26,lunchtime,7,12,13,20,23,38,8,false
2024-05-26,teatime,8,9,15,18,21,22,41,false
2024-05-27,lunchtime,2,4,5,10,20,39,17,false
2024-05-27,teatime,5,6,19,25,28,31,43,false
2024-05-28,lunchtime,4,5,10,21,25,45,38,false
2024-05-28,teatime,25,27,30,35,36,44,15,false
2024-05-29,lunchtime,7,15,34,39,45,46,2,false
2024-05-29,teatime,1,5,6,17,21,32,45,false
2024-05-30,lunchtime,22,28,32,38,45,46,17,false
2024-05-30,teatime,4,22,28,34,45,48,13,false
2024-05-31,lunchtime,9,17,18,34,35,37,16,false
2024-05-31,teatime,7,12,14,23,25,39,40,false
2024-06-01,lunchtime,4,9,13,14,34,49,24,false
2024-06-01,teatime,14,19,28,43,46,48,49,false
2024-06-02,lunchtime,11,21,27,38,39,45,28,false
2024-06-02,teatime,25,32,34,40,42,44,29,false
2024-06-03,lunchtime,2,6,19,24,41,46,18,false
2024-06-03,teatime,1,15,16,43,46,48,36,false
2024-06-04,lunchtime,6,17,19,20,33,44,10,false
2024-06-04,teatime,4,11,14,16,19,34,47,false
2024-06-05,lunchtime,15,21,22,24,33,38,9,false
2024-06-05,teatime,1,14,33,34,42,45,3,false
2024-06-06,lunchtime,8,16,18,30,41,48,26,false
2024-06-06,teatime,6,7,26,27,29,32,23,false
2024-06-07,lunchtime,27,28,34,36,42,46,40,false
2024-06-07,teatime,6,29,34,36,41,44,40,false
2024-06-08,lunchtime,2,3,7,16,19,24,34,false
2024-06-08,teatime,7,18,24,36,43,46,35,false
2024-06-09,lunchtime,3,9,12,13,14,45,1,false
2024-06-09,teatime,2,13,18,27,42,47,6,false
2024-06-10,lunchtime,18,20,30,35,48,49,10,false
2024-06-10,teatime,4,18,24,27,33,37,21,false
2024-06-11,lunchtime,17,21,22,23,25,38,18,false
2024-06-11,teatime,9,11,25,33,35,43,31,false
2024-06-12,lunchtime,12,16,34,36,44,48,5,false
2024-06-12,teatime,8,9,13,16,30,47,2,false
2024-06-13,lunchtime,17,20,24,43,45,49,30,false
2024-06-13,teatime,7,14,21,30,44,48,32,false
2024-06-14,lunchtime,18,25,28,29,36,39,16,false
2024-06-14,teatime,5,25,33,42,48,49,34,false
2024-06-15,lunchtime,16,19,28,29,45,49,15,false
2024-06-15,teatime,26,27,38,42,43,48,8,false
2024-06-16,lunchtime,3,5,7,12,14,43,27,false
2024-06-16,teatime,16,20,31,35,45,46,15,false
2024-06-17,lunchtime,3,9,14,27,44,48,33,false
2024-06-17,teatime,2,19,28,35,43,47,30,false
2024-06-18,lunchtime,5,6,14,15,45,47,29,false
2024-06-18,teatime,20,22,27,32,45,48,34,false
2024-06-19,lunchtime,3,11,22,23,24,44,37,false
2024-06-19,teatime,1,20,21,28,32,33,8,false
2024-06-20,lunchtime,3,8,25,28,47,49,33,false
2024-06-20,teatime,1,4,5,18,27,41,48,false
2024-06-21,lunchtime,1,21,29,30,35,39,15,false
2024-06-21,teatime,9,20,25,32,40,47,44,false
2024-06-22,lunchtime,7,9,26,36,41,43,6,false
2024-06-22,teatime,3,4,23,39,42,46,34,false
2024-06-23,lunchtime,2,42,43,45,46,47,44,false
2024-06-23,teatime,2,3,8,16,23,38,36,false
2024-06-24,lunchtime,1,4,16,39,47,49,14,false
2024-06-24,teatime,3,6,8,18,20,44,36,false
2024-06-25,lunchtime,2,12,17,40,41,48,14,false
2024-06-25,teatime,1,7,14,16,19,45,22,false
2024-06-26,lunchtime,14,16,24,25,29,45,7,false
2024-06-26,teatime,13,14,17,26,39,44,33,false
2024-06-27,lunchtime,25,38,42,44,48,49,32,false
2024-06-27,teatime,5,12,14,29,31,46,47,false
2024-06-28,lunchtime,2,10,20,27,46,47,41,false
2024-06-28,teatime,1,5,20,22,27,32,2,false
2024-06-29,lunchtime,2,7,21,22,37,47,3,false
2024-06-29,teatime,8,26,33,37,43,47,4,false
2024-06-30,lunchtime,10,11,18,31,36,48,16,false
2024-06-30,teatime,15,23,37,38,41,45,36,false
2024-07-01,lunchtime,3,22,24,41,43,48,29,false
2024-07-01,teatime,7,8,18,26,39,45,23,false
2024-07-02,lunchtime,1,7,28,37,39,41,17,false
2024-07-02,teatime,3,8,29,38,39,49,41,false
2024-07-03,lunchtime,8,28,34,44,46,47,49,false
2024-07-03,teatime,1,10,15,26,42,45,9,false
2024-07-04,lunchtime,5,15,30,37,43,48,4,false
2024-07-04,teatime,12,18,24,29,40,49,11,false
2024-07-05,lunchtime,18,19,26,27,31,40,42,false
2024-07-05,teatime,2,4,11,17,20,31,47,false
2024-07-06,lunchtime,1,5,13,17,41,43,48,false
2024-07-06,teatime,26,28,37,38,43,49,2,false
2024-07-07,lunchtime,2,12,24,32,38,45,23,false
2024-07-07,teatime,3,18,22,24,46,47,35,false
2024-07-08,lunchtime,3,13,26,27,29,32,38,false
2024-07-08,teatime,1,13,15,22,28,32,3,false
2024-07-09,lunchtime,1,5,14,17,20,28,8,false
2024-07-09,teatime,1,3,15,29,39,49,31,false
2024-07-10,lunchtime,3,18,20,40,47,49,24,false
2024-07-10,teatime,13,16,18,32,48,49,47,false
2024-07-11,lunchtime,7,20,23,35,38,45,33,false
2024-07-11,teatime,4,10,12,18,22,33,8,false
2024-07-12,lunchtime,7,11,16,24,35,38,44,false
2024-07-12,teatime,2,36,39,40,46,49,8,false
2024-07-13,lunchtime,2,14,18,19,34,44,17,false
2024-07-13,teatime,6,13,37,40,48,49,33,false
2024-07-14,lunchtime,2,4,15,22,45,48,30,false
2024-07-14,teatime,11,14,18,25,26,34,4,false
2024-07-15,lunchtime,4,5,7,14,31,39,1,false
2024-07-15,teatime,9,18,24,38,48,49,25,false
2024-07-16,lunchtime,5,13,23,25,29,32,17,false
2024-07-16,teatime,3,10,23,31,44,46,4,false
2024-07-17,lunchtime,20,22,30,32,44,49,21,false
2024-07-17,teatime,10,25,28,31,37,44,39,false
2024-07-18,lunchtime,10,15,16,28,33,39,35,false
2024-07-18,teatime,5,8,10,15,32,35,33,false
2024-07-19,lunchtime,6,15,22,23,25,37,8,false
2024-07-19,teatime,7,15,16,20,42,48,44,false
2024-07-20,lunchtime,5,6,15,16,18,20,4,false
2024-07-20,teatime,3,15,36,37,38,42,47,false
2024-07-21,lunchtime,6,21,24,31,36,38,3,false
2024-07-21,teatime,20,23,28,32,33,42,49,false
2024-07-22,lunchtime,3,11,12,18,23,48,41,false
2024-07-22,teatime,1,6,9,22,31,44,36,false
2024-07-23,lunchtime,19,28,37,40,47,48,30,false
2024-07-23,teatime,1,24,26,36,37,41,11,false
2024-07-24,lunchtime,9,19,23,30,37,46,13,false
2024-07-24,teatime,3,4,9,17,33,44,13,false
2024-07-25,lunchtime,4,6,14,18,34,40,8,false
2024-07-25,teatime,2,4,19,20,33,43,9,false
2024-07-26,lunchtime,15,17,28,30,44,45,14,false
2024-07-26,teatime,3,4,5,24,37,39,34,false
2024-07-27,lunchtime,9,13,17,19,23,39,41,false
2024-07-27,teatime,9,10,11,19,21,25,48,false
2024-07-28,lunchtime,7,19,20,24,47,48,35,false
2024-07-28,teatime,6,7,14,16,18,47,43,false
2024-07-29,lunchtime,12,16,22,29,31,48,45,false
2024-07-29,teatime,3,7,8,23,47,49,10,false
2024-07-30,lunchtime,11,23,26,28,32,40,34,false
2024-07-30,teatime,11,15,16,21,26,45,18,false
2024-07-31,lunchtime,7,16,27,33,37,44,48,false
2024-07-31,teatime,8,11,13,15,26,38,1,false
2024-08-01,lunchtime,13,14,17,36,39,47,21,false
2024-08-01,teatime,2,11,18,23,40,43,19,false
2024-08-02,lunchtime,3,9,30,35,39,40,16,false
2024-08-02,teatime,12,14,23,28,38,41,27,false
2024-08-03,lunchtime,9,13,15,26,42,45,41,false
2024-08-03,teatime,5,6,18,23,39,47,32,false
2024-08-04,lunchtime,4,16,26,32,42,43,7,false
2024-08-04,teatime,6,10,17,20,35,40,32,false
2024-08-05,lunchtime,7,10,26,33,35,39,40,false
2024-08-05,teatime,4,13,31,33,42,44,6,false
2024-08-06,lunchtime,6,7,19,21,23,32,8,false
2024-08-06,teatime,3,6,10,27,37,48,1,false
2024-08-07,lunchtime,5,6,7,11,20,42,19,false
2024-08-07,teatime,14,21,24,28,34,35,10,false
2024-08-08,lunchtime,16,17,33,36,40,47,5,false
2024-08-08,teatime,15,29,43,45,47,49,12,false
2024-08-09,lunchtime,2,4,8,24,39,42,7,false
2024-08-09,teatime,1,6,27,28,31,34,11,false
2024-08-10,lunchtime,6,12,19,22,36,42,29,false
2024-08-10,teatime,12,16,19,29,30,31,10,false
2024-08-11,lunchtime,3,14,25,35,41,48,26,false
2024-08-11,teatime,1,6,9,11,45,46,24,false
2024-08-12,lunchtime,1,6,9,12,41,48,47,false
2024-08-12,teatime,2,13,26,34,35,40,38,false
2024-08-13,lunchtime,6,9,20,24,31,36,41,false
2024-08-13,teatime,9,16,19,25,31,42,3,false
2024-08-14,lunchtime,3,28,31,32,46,49,45,false
2024-08-14,teatime,12,13,16,21,31,32,43,false
2024-08-15,lunchtime,10,11,17,19,40,48,18,false
2024-08-15,teatime,1,2,11,32,37,45,41,false
2024-08-16,lunchtime,8,15,28,35,43,45,11,false
2024-08-16,teatime,3,5,15,23,41,47,18,false
2024-08-17,lunchtime,3,8,10,14,18,21,27,false
2024-08-17,teatime,6,10,13,19,20,27,16,false
2024-08-18,lunchtime,1,21,39,42,43,46,4,false
2024-08-18,teatime,12,29,30,33,43,48,10,false
2024-08-19,lunchtime,2,20,23,28,38,42,8,false
2024-08-19,teatime,8,37,38,39,41,44,7,false
2024-08-20,lunchtime,5,16,19,30,36,43,33,false
2024-08-20,teatime,18,21,32,33,37,40,36,false
2024-08-21,lunchtime,2,7,13,15,40,48,12,false
2024-08-21,teatime,19,24,27,39,40,44,8,false
2024-08-22,lunchtime,2,20,29,40,41,44,16,false
2024-08-22,teatime,11,18,20,21,28,40,10,false
2024-08-23,lunchtime,5,19,26,33,43,47,20,false
2024-08-23,teatime,4,11,27,41,43,45,15,false
2024-08-24,lunchtime,2,6,14,25,37,49,17,false
2024-08-24,teatime,2,5,10,19,28,46,1,false
2024-08-25,lunchtime,3,5,11,12,16,24,17,false
2024-08-25,teatime,23,25,27,38,42,49,4,false
2024-08-26,lunchtime,3,16,17,23,39,49,28,false
2024-08-26,teatime,2,32,35,39,45,48,25,false
2024-08-27,lunchtime,3,8,17,18,21,22,32,false
2024-08-27,teatime,14,21,22,38,40,44,13,false
2024-08-28,lunchtime,15,22,31,39,46,48,28,false
2024-08-28,teatime,4,28,32,33,44,49,23,false
2024-08-29,lunchtime,4,16,18,37,38,47,40,false
2024-08-29,teatime,4,28,32,33,44,49,23,false
2024-08-30,lunchtime,1,12,17,29,34,39,11,false
2024-08-30,teatime,23,33,40,45,47,49,43,false
2024-08-31,lunchtime,2,3,9,13,26,28,19,false
2024-08-31,teatime,14,19,28,37,39,46,27,false
2024-09-01,lunchtime,14,18,23,36,40,49,33,false
2024-09-01,teatime,2,15,40,42,43,46,33,false
2024-09-02,lunchtime,6,14,32,40,42,43,33,false
2024-09-02,teatime,1,6,22,24,39,49,7,false
2024-09-03,lunchtime,7,18,19,20,35,37,27,false
2024-09-03,teatime,5,8,22,27,35,46,43,false
2024-09-04,lunchtime,9,11,22,29,34,37,17,false
2024-09-04,teatime,2,14,24,28,45,48,13,false
2024-09-05,lunchtime,31,36,38,44,46,49,47,false
2024-09-05,teatime,9,21,31,36,40,41,24,false
2024-09-06,lunchtime,2,12,20,28,42,46,26,false
2024-09-06,teatime,13,16,33,34,43,48,17,false
2024-09-07,lunchtime,9,12,17,19,27,37,6,false
2024-09-07,teatime,3,25,37,43,47,48,45,false
2024-09-08,lunchtime,4,9,10,35,41,44,26,false
2024-09-08,teatime,3,5,9,35,37,40,4,false
2024-09-09,lunchtime,2,14,16,22,26,38,6,false
2024-09-09,teatime,1,2,9,11,24,38,21,false
2024-09-10,lunchtime,1,12,15,28,36,46,30,false
2024-09-10,teatime,18,19,24,35,43,47,1,false
2024-09-11,lunchtime,21,22,36,43,44,45,10,false
2024-09-11,teatime,8,17,28,32,38,44,22,false
2024-09-12,lunchtime,5,16,25,28,36,49,10,false
2024-09-12,teatime,8,17,20,24,43,48,41,false
2024-09-13,lunchtime,4,6,12,21,29,35,22,false
2024-09-13,teatime,13,14,20,21,36,39,33,false
2024-09-14,lunchtime,13,16,30,31,34,43,11,false
2024-09-14,teatime,6,9,12,16,32,48,17,false
2024-09-15,lunchtime,15,18,25,29,33,35,3,false
2024-09-15,teatime,3,23,24,35,43,49,27,false
2024-09-16,lunchtime,1,7,20,24,30,34,9,false
2024-09-16,teatime,1,6,17,24,29,40,4,false
2024-09-17,lunchtime,4,5,8,14,30,44,49,false
2024-09-17,teatime,2,10,13,23,30,46,40,false
2024-09-18,lunchtime,18,20,25,34,35,39,26,false
2024-09-18,teatime,1,25,30,32,38,43,13,false
2024-09-19,lunchtime,7,18,19,24,27,48,22,false
2024-09-19,teatime,5,13,26,34,40,47,19,false
2024-09-20,lunchtime,1,7,10,26,32,35,11,false
2024-09-20,teatime,2,7,12,16,39,45,15,false
2024-09-21,lunchtime,1,11,16,38,44,48,36,false
2024-09-21,teatime,6,23,27,28,29,44,8,false
2024-09-22,lunchtime,2,7,16,24,36,44,35,false
2024-09-22,teatime,6,10,15,24,44,46,48,false
2024-09-23,lunchtime,4,14,19,20,34,36,41,false
2024-09-23,teatime,2,5,21,24,35,47,41,false
2024-09-24,lunchtime,9,10,21,23,30,37,45,false
2024-09-24,teatime,10,11,39,41,44,48,20,false
2024-09-25,lunchtime,2,12,19,26,27,36,49,false
2024-09-25,teatime,3,14,16,20,21,48,33,false
2024-09-26,lunchtime,12,26,32,34,39,40,28,false
2024-09-26,teatime,5,9,11,28,34,42,29,false
2024-09-27,lunchtime,12,13,21,23,38,44,31,false
2024-09-27,teatime,3,15,17,36,38,49,43,false
2024-09-28,lunchtime,20,21,24,28,30,38,48,false
2024-09-28,teatime,7,9,11,35,40,44,48,false
2024-09-29,lunchtime,14,15,23,28,39,41,40,false
2024-09-29,teatime,2,18,35,38,39,46,29,false
2024-09-30,lunchtime,1,5,15,30,38,45,39,false
2024-09-30,teatime,6,8,15,29,41,49,26,false
2024-10-01,lunchtime,5,11,17,19,23,35,41,false
2024-10-01,teatime,5,15,19,39,41,44,36,false
2024-10-02,lunchtime,2,10,30,31,38,47,49,false
2024-10-02,teatime,10,11,13,19,28,41,47,false
2024-10-03,lunchtime,23,24,26,29,32,39,15,false
2024-10-03,teatime,18,29,32,33,40,43,19,false
2024-10-04,lunchtime,6,23,29,36,37,39,49,false
2024-10-04,teatime,3,10,14,17,20,41,4,false
2024-10-05,lunchtime,24,33,37,39,41,44,10,false
2024-10-05,teatime,2,15,24,25,34,36,44,false
2024-10-06,lunchtime,18,21,29,33,36,37,43,false
2024-10-06,teatime,2,21,24,33,39,42,16,false
2024-10-07,lunchtime,24,26,30,40,41,48,3,false
2024-10-07,teatime,4,14,34,36,39,40,44,false
2024-10-08,lunchtime,6,8,11,14,30,43,31,false
2024-10-08,teatime,4,11,15,20,21,36,44,false
2024-10-09,lunchtime,1,3,14,16,23,26,27,false
2024-10-09,teatime,5,16,21,25,35,44,9,false
2024-10-10,lunchtime,11,17,34,35,39,49,42,false
2024-10-10,teatime,4,9,27,31,35,41,48,false
2024-10-11,lunchtime,5,9,10,18,27,48,29,false
2024-10-11,teatime,19,29,32,42,43,49,36,false
2024-10-12,lunchtime,3,7,15,18,24,46,33,false
2024-10-12,teatime,9,14,18,27,36,42,35,false
2024-10-13,lunchtime,4,6,12,13,35,36,8,false
2024-10-13,teatime,11,12,20,32,33,45,30,false
2024-10-14,lunchtime,6,9,26,30,33,46,48,false
2024-10-14,teatime,3,4,25,27,29,38,43,false
2024-10-15,lunchtime,2,4,20,22,31,41,26,false
2024-10-15,teatime,5,9,12,17,23,38,34,false
2024-10-16,lunchtime,19,21,32,34,36,39,29,false
2024-10-16,teatime,8,11,19,34,39,46,20,false
2024-10-17,lunchtime,2,3,6,15,45,49,29,false
2024-10-17,teatime,10,12,26,30,31,37,43,false
2024-10-18,lunchtime,25,28,40,43,47,48,44,false
2024-10-18,teatime,7,11,20,22,32,41,45,false
2024-10-19,lunchtime,5,11,14,34,46,48,24,false
2024-10-19,teatime,1,13,19,20,30,34,33,false
2024-10-20,lunchtime,11,12,17,23,37,48,24,false
2024-10-20,teatime,14,20,26,37,42,49,3,false
2024-10-21,lunchtime,21,22,24,28,33,34,13,false
2024-10-21,teatime,2,7,13,21,28,44,25,false
2024-10-22,lunchtime,4,21,29,30,32,44,18,false
2024-10-22,teatime,9,11,12,14,23,25,28,false
2024-10-23,lunchtime,2,4,17,20,34,45,29,false
2024-10-23,teatime,13,17,21,37,42,49,5,false
2024-10-24,lunchtime,3,23,25,39,46,49,4,false
2024-10-24,teatime,1,4,17,29,38,39,48,false
2024-10-25,lunchtime,8,17,20,22,30,31,13,false
2024-10-25,teatime,5,20,22,24,28,41,34,false
2024-10-26,lunchtime,6,13,14,29,34,49,45,false
2024-10-26,teatime,7,19,20,30,41,45,12,false
2024-10-27,lunchtime,11,27,37,38,43,47,46,false
2024-10-27,teatime,7,9,10,11,21,41,33,false
2024-10-28,lunchtime,15,18,40,46,47,49,20,false
2024-10-28,teatime,1,5,6,12,22,32,46,false
2024-10-29,lunchtime,1,5,6,14,28,42,10,false
2024-10-29,teatime,6,20,22,26,32,39,34,false
2024-10-30,lunchtime,1,8,11,14,23,44,39,false
2024-10-30,teatime,5,27,28,33,41,47,39,false
2024-10-31,lunchtime,4,9,12,35,43,46,7,false
2024-10-31,teatime,5,17,26,36,37,49,15,false
2024-11-01,lunchtime,5,17,21,22,31,40,33,false
2024-11-01,teatime,16,17,29,31,41,42,3,false
2024-11-02,lunchtime,4,11,14,24,35,47,34,false
2024-11-02,teatime,3,5,28,31,38,39,23,false
2024-11-03,lunchtime,16,18,36,43,45,49,3,false
2024-11-03,teatime,6,10,13,32,35,45,1,false
2024-11-04,lunchtime,4,9,24,39,43,45,30,false
2024-11-04,teatime,10,12,20,34,38,45,18,false
2024-11-05,lunchtime,4,12,21,27,42,47,34,false
2024-11-05,teatime,11,16,20,41,43,49,34,false
2024-11-06,lunchtime,16,21,24,25,31,49,14,false
2024-11-06,teatime,3,6,11,31,34,39,35,false
2024-11-07,lunchtime,10,20,27,30,36,47,6,false
2024-11-07,teatime,7,8,11,26,38,48,47,false
2024-11-08,lunchtime,6,10,18,25,30,31,39,false
2024-11-08,teatime,8,10,14,24,26,41,1,false
2024-11-09,lunchtime,1,18,19,23,31,44,22,false
2024-11-09,teatime,6,10,14,38,41,45,12,false
2024-11-10,lunchtime,4,10,43,46,48,49,32,false
2024-11-10,teatime,8,9,16,18,22,35,39,false
2024-11-11,lunchtime,7,27,29,33,36,40,2,false
2024-11-11,teatime,11,15,27,34,35,44,43,false
2024-11-12,lunchtime,4,9,14,22,26,42,15,false
2024-11-12,teatime,1,4,6,16,18,41,8,false
2024-11-13,lunchtime,7,13,19,41,46,48,43,false
2024-11-13,teatime,3,7,14,22,34,37,38,false
2024-11-14,lunchtime,1,6,13,30,32,42,25,false
2024-11-14,teatime,1,22,31,32,41,44,15,false
2024-11-15,lunchtime,2,15,18,22,31,44,19,false
2024-11-15,teatime,3,19,22,36,44,46,23,false
2024-11-16,lunchtime,4,15,18,23,39,47,36,false
2024-11-16,teatime,9,10,15,16,23,31,48,false
2024-11-17,lunchtime,8,9,10,22,44,45,15,false
2024-11-17,teatime,8,15,17,23,28,38,31,false
2024-11-18,lunchtime,4,9,18,24,43,47,10,false
2024-11-18,teatime,12,14,21,25,30,32,11,false
2024-11-19,lunchtime,20,21,29,33,34,47,12,false
2024-11-19,teatime,8,18,19,32,37,38,13,false
2024-11-20,lunchtime,2,11,16,31,40,49,32,false
2024-11-20,teatime,1,31,33,34,40,46,43,false
2024-11-21,lunchtime,12,19,21,33,45,49,36,false
2024-11-21,teatime,5,6,16,31,40,48,45,false
2024-11-22,lunchtime,9,14,22,25,34,38,1,false
2024-11-22,teatime,8,15,27,33,35,42,12,false
2024-11-23,lunchtime,1,6,9,40,41,46,12,false
2024-11-23,teatime,3,4,8,23,43,45,16,false
2024-11-24,lunchtime,6,24,39,46,47,48,11,false
2024-11-24,teatime,6,11,23,33,35,49,44,false
2024-11-25,lunchtime,3,5,6,16,32,40,12,false
2024-11-25,teatime,5,21,28,31,32,43,7,false
2024-11-26,lunchtime,2,26,32,40,44,45,43,false
2024-11-26,teatime,6,22,25,32,34,41,44,false
2024-11-27,lunchtime,18,19,24,26,32,40,23,false
2024-11-27,teatime,7,9,19,39,40,49,26,false
2024-11-28,lunchtime,14,21,29,32,34,43,6,false
2024-11-28,teatime,2,4,14,27,29,40,34,false
2024-11-29,lunchtime,6,26,32,39,40,48,1,false
2024-11-29,teatime,5,7,25,41,44,46,6,false
2024-11-30,lunchtime,5,9,26,36,43,49,21,false
2024-11-30,teatime,7,8,12,22,42,49,37,false
2024-12-01,lunchtime,7,14,21,30,33,46,44,false
2024-12-01,teatime,18,21,28,38,43,49,7,false
2024-12-02,lunchtime,3,9,22,32,42,43,48,false
2024-12-02,teatime,9,14,19,23,43,46,24,false
2024-12-03,lunchtime,16,19,24,27,31,45,4,false
2024-12-03,teatime,18,19,33,36,37,41,24,false
2024-12-04,lunchtime,15,23,24,27,28,44,14,false
2024-12-04,teatime,16,22,23,27,43,48,28,false
2024-12-05,lunchtime,8,11,15,26,36,40,39,false
2024-12-05,teatime,12,14,23,24,30,38,31,false
2024-12-06,lunchtime,12,13,26,30,33,40,34,false
2024-12-06,teatime,1,5,9,17,25,27,15,false
2024-12-07,lunchtime,14,19,20,32,37,38,21,false
2024-12-07,teatime,10,19,38,39,41,49,3,false
2024-12-08,lunchtime,5,13,21,36,43,47,39,false
2024-12-08,teatime,1,11,25,29,39,40,17,false
2024-12-09,lunchtime,10,12,13,24,35,37,25,false
2024-12-09,teatime,1,4,7,9,20,44,19,false
2024-12-10,lunchtime,1,18,25,32,38,41,31,false
2024-12-10,teatime,10,19,20,30,32,42,33,false
2024-12-11,lunchtime,1,9,14,44,45,47,32,false
2024-12-11,teatime,3,16,18,22,41,43,26,false
2024-12-12,lunchtime,1,3,15,28,43,46,11,false
2024-12-12,teatime,13,14,22,30,42,43,39,false
2024-12-13,lunchtime,5,8,13,16,24,25,44,false
2024-12-13,teatime,9,10,17,20,21,45,41,false
2024-12-14,lunchtime,3,13,15,16,20,48,30,false
2024-12-14,teatime,4,7,27,34,43,48,32,false
2024-12-15,lunchtime,3,19,23,27,31,46,43,false
2024-12-15,teatime,7,14,21,42,44,45,17,false
2024-12-16,lunchtime,3,13,21,23,38,48,8,false
2024-12-16,teatime,22,30,38,39,48,49,37,false
2024-12-17,lunchtime,29,35,36,38,40,44,14,false
2024-12-17,teatime,8,17,28,39,47,48,14,false
2024-12-18,lunchtime,3,17,26,27,36,41,47,false
2024-12-18,teatime,1,2,12,13,31,34,17,false
2024-12-19,lunchtime,13,15,23,41,43,46,10,false
2024-12-19,teatime,18,28,40,45,47,48,5,false
2024-12-20,lunchtime,1,28,30,32,34,40,49,false
2024-12-20,teatime,3,10,13,16,22,27,49,false
2024-12-21,lunchtime,16,22,23,29,39,48,2,false
2024-12-21,teatime,18,22,29,31,40,45,49,false
2024-12-22,lunchtime,11,12,21,42,47,49,46,false
2024-12-22,teatime,3,7,34,38,45,46,43,false
2024-12-23,lunchtime,2,17,22,29,30,38,14,false
2024-12-23,teatime,14,23,28,29,36,39,22,false
2024-12-24,lunchtime,5,7,10,23,27,33,41,false
2024-12-24,teatime,1,7,10,16,26,28,5,false
2024-12-26,lunchtime,2,8,10,14,34,47,42,false
2024-12-26,teatime,3,15,17,23,24,28,26,false
2024-12-27,lunchtime,12,17,24,33,37,42,30,false
2024-12-27,teatime,1,14,23,28,45,47,24,false
2024-12-28,lunchtime,3,20,31,44,47,48,23,false
2024-12-28,teatime,19,23,34,35,38,45,27,false
2024-12-29,lunchtime,5,6,9,18,33,45,34,false
2024-12-29,teatime,2,11,13,18,20,22,29,false
2024-12-30,lunchtime,2,4,16,25,34,39,41,false
2024-12-30,teatime,7,11,18,19,25,31,27,false
2024-12-31,lunchtime,4,10,20,32,34,39,29,false
2024-12-31,teatime,10,13,23,35,38,41,47,false
2025-01-01,lunchtime,5,10,13,15,34,36,33,false
2025-01-01,teatime,3,5,6,21,24,29,47,false
2025-01-02,lunchtime,1,14,17,44,47,49,2,false
2025-01-02,teatime,11,16,44,45,47,49,13,false
2025-01-03,lunchtime,28,29,35,42,44,48,45,false
2025-01-03,teatime,3,12,14,17,29,40,47,false
2025-01-04,lunchtime,3,22,27,34,35,43,30,false
2025-01-04,teatime,8,19,25,26,39,47,24,false
2025-01-05,lunchtime,4,6,12,21,24,45,22,false
2025-01-05,teatime,4,5,11,20,32,35,42,false
2025-01-06,lunchtime,10,16,20,27,35,44,43,false
2025-01-06,teatime,2,7,12,15,34,39,8,false
2025-01-07,lunchtime,5,7,11,18,19,37,22,false
2025-01-07,teatime,4,13,15,28,32,47,46,false
2025-01-08,lunchtime,6,9,17,19,41,45,10,false
2025-01-08,teatime,30,31,34,43,45,46,16,false
2025-01-09,lunchtime,5,6,21,29,31,49,40,false
2025-01-09,teatime,6,7,14,21,24,40,4,false
2025-01-10,lunchtime,3,13,24,32,33,41,46,false
2025-01-10,teatime,2,3,14,23,27,37,20,false
2025-01-11,lunchtime,19,27,33,38,41,42,49,false
2025-01-11,teatime,21,25,36,38,44,49,30,false
2025-01-12,lunchtime,6,18,31,33,36,37,46,false
2025-01-12,teatime,6,11,19,20,23,29,5,false
2025-01-13,lunchtime,4,5,9,11,16,26,48,false
2025-01-13,teatime,9,14,20,32,37,39,41,false
2025-01-14,lunchtime,1,11,32,34,38,39,6,false
2025-01-14,teatime,21,23,29,37,41,49,33,false
2025-01-15,lunchtime,10,12,26,37,44,46,36,false
2025-01-15,teatime,20,28,30,35,36,37,10,false
2025-01-16,lunchtime,11,15,19,21,38,43,35,false
2025-01-16,teatime,10,11,15,24,27,49,16,false
2025-01-17,lunchtime,22,28,37,42,44,46,16,false
2025-01-17,teatime,12,25,36,39,41,48,7,false
2025-01-18,lunchtime,11,28,32,34,40,43,30,false
2025-01-18,teatime,5,8,18,31,40,45,23,false
2025-01-19,lunchtime,2,6,21,27,31,44,46,false
2025-01-19,teatime,2,8,20,29,36,47,7,false
2025-01-20,lunchtime,1,2,21,23,33,41,40,false
2025-01-20,teatime,3,8,13,20,26,49,17,false
2025-01-21,lunchtime,23,36,39,40,42,47,44,false
2025-01-21,teatime,10,15,19,29,31,45,6,false
2025-01-22,lunchtime,18,24,31,36,39,42,17,false
2025-01-22,teatime,11,20,31,36,41,42,16,false
2025-01-23,lunchtime,8,9,11,28,30,32,39,false
2025-01-23,teatime,2,33,35,40,41,47,19,false
2025-01-24,lunchtime,11,14,29,31,38,44,25,false
2025-01-24,teatime,13,31,33,45,47,49,3,false
2025-01-25,lunchtime,1,16,22,37,44,49,21,false
2025-01-25,teatime,1,14,34,37,45,47,44,false
2025-01-26,lunchtime,4,7,40,44,46,49,10,false
2025-01-26,teatime,14,23,30,33,42,49,13,false
2025-01-27,lunchtime,7,24,28,30,38,40,23,false
2025-01-27,teatime,3,12,13,31,33,41,44,false
2025-01-28,lunchtime,5,30,38,40,44,48,20,false
2025-01-28,teatime,11,12,29,32,36,49,44,false
2025-01-29,lunchtime,3,6,8,17,42,48,14,false
2025-01-29,teatime,5,6,7,12,25,41,26,false
2025-01-30,lunchtime,6,12,22,24,25,34,10,false
2025-01-30,teatime,3,12,14,15,46,48,41,false
2025-01-31,lunchtime,2,7,20,24,35,46,14,false
2025-01-31,teatime,12,19,26,32,35,41,39,false
2025-02-01,lunchtime,15,19,24,35,40,44,43,false
2025-02-01,teatime,3,7,36,37,39,47,44,false
2025-02-02,lunchtime,4,8,10,31,40,41,30,false
2025-02-02,teatime,8,16,17,31,37,48,43,false
2025-02-03,lunchtime,5,17,18,28,29,36,30,false
2025-02-03,teatime,10,14,22,31,36,40,47,false
2025-02-04,lunchtime,14,15,26,35,36,43,13,false
2025-02-04,teatime,4,11,22,26,29,46,33,false
2025-02-05,lunchtime,12,27,32,38,41,43,21,false
2025-02-05,teatime,19,22,30,31,42,48,28,false
2025-02-06,lunchtime,3,7,9,16,21,38,39,false
2025-02-06,teatime,1,3,7,11,18,32,47,false
2025-02-07,lunchtime,2,12,18,25,27,43,29,false
2025-02-07,teatime,4,7,10,13,18,28,25,false
2025-02-08,lunchtime,2,3,9,25,43,48,6,false
2025-02-08,teatime,3,18,20,26,28,38,4,false
2025-02-09,lunchtime,4,6,13,20,30,32,8,false
2025-02-09,teatime,6,18,25,33,39,40,41,false
2025-02-10,lunchtime,5,13,28,33,37,43,15,false
2025-02-10,teatime,6,16,24,34,39,49,23,false
2025-02-11,lunchtime,3,4,23,24,28,43,2,false
2025-02-11,teatime,3,14,18,21,44,45,48,false
2025-02-12,lunchtime,17,18,19,26,34,44,39,false
2025-02-12,teatime,15,19,25,26,34,46,23,false
2025-02-13,lunchtime,4,9,10,34,38,41,2,false
2025-02-13,teatime,1,3,7,12,34,40,22,false
2025-02-14,lunchtime,17,35,38,46,47,49,15,false
2025-02-14,teatime,6,18,19,24,43,44,36,false
2025-02-15,lunchtime,3,5,18,22,29,49,7,false
2025-02-15,teatime,9,12,14,22,44,47,46,false
2025-02-16,lunchtime,9,22,26,38,42,43,23,false
2025-02-16,teatime,4,9,11,23,32,48,26,false
2025-02-17,lunchtime,3,8,19,22,27,49,47,false
2025-02-17,teatime,6,19,20,22,37,38,14,false
2025-02-18,lunchtime,9,16,17,35,37,46,48,false
2025-02-18,teatime,2,5,12,21,30,44,13,false
2025-02-19,lunchtime,3,5,24,41,44,49,8,false
2025-02-19,teatime,3,5,24,41,44,49,8,false
2025-02-20,lunchtime,16,33,40,44,45,47,37,false
2025-02-20,teatime,1,13,19,25,43,45,8,false
2025-02-21,lunchtime,8,9,16,18,24,25,14,false
2025-02-21,teatime,8,12,14,20,29,45,26,false
2025-02-22,lunchtime,17,20,29,35,37,41,49,false
2025-02-22,teatime,9,12,16,17,20,26,19,false
2025-02-23,lunchtime,6,22,24,27,37,47,21,false
2025-02-23,teatime,13,36,37,40,41,42,45,false
2025-02-24,lunchtime,13,29,30,31,37,41,33,false
2025-02-24,teatime,2,5,13,32,33,37,4,false
2025-02-25,lunchtime,9,20,25,41,47,49,3,false
2025-02-25,teatime,10,25,27,32,35,46,34,false
2025-02-26,lunchtime,2,4,15,28,41,49,31,false
2025-02-26,teatime,3,6,7,15,26,34,43,false
2025-02-27,lunchtime,6,22,31,36,38,42,4,false
2025-02-27,teatime,8,9,22,24,28,31,30,false
2025-02-28,lunchtime,5,6,8,35,39,49,20,false
2025-02-28,teatime,2,7,21,24,34,40,25,false
2025-03-01,lunchtime,8,11,21,22,26,30,1,false
2025-03-01,teatime,3,22,30,40,47,49,15,false
2025-03-02,lunchtime,7,24,28,30,40,44,43,false
2025-03-02,teatime,2,3,5,20,37,40,43,false
2025-03-03,lunchtime,7,8,20,24,27,39,34,false
2025-03-03,teatime,10,22,27,30,35,42,32,false
2025-03-04,lunchtime,1,4,8,11,16,39,36,false
2025-03-04,teatime,7,14,15,16,29,42,38,false
2025-03-05,lunchtime,1,4,7,26,45,46,11,false
2025-03-05,teatime,1,7,8,19,35,44,43,false
2025-03-06,lunchtime,12,13,16,29,34,48,17,false
2025-03-06,teatime,11,13,16,20,24,33,19,false
2025-03-07,lunchtime,9,25,27,32,36,38,49,false
2025-03-07,teatime,3,4,14,25,32,46,18,false
2025-03-08,lunchtime,1,7,9,21,22,45,29,false
2025-03-08,teatime,1,4,5,10,41,43,42,false
2025-03-09,lunchtime,21,23,24,26,38,42,6,false
2025-03-09,teatime,10,19,21,31,36,38,17,false
2025-03-10,lunchtime,8,35,38,40,41,47,14,false
2025-03-10,teatime,4,7,9,20,45,46,44,false
2025-03-11,lunchtime,16,20,27,33,42,43,38,false
2025-03-11,teatime,4,22,29,31,36,49,42,false
2025-03-12,lunchtime,1,18,21,36,45,47,32,false
2025-03-12,teatime,13,20,22,23,29,44,3,false
2025-03-13,lunchtime,6,10,13,21,25,32,19,false
2025-03-13,teatime,12,15,17,38,40,46,42,false
2025-03-14,lunchtime,6,13,27,32,39,48,19,false
2025-03-14,teatime,19,20,31,38,43,46,42,false
2025-03-15,lunchtime,7,16,17,27,45,46,24,false
2025-03-15,teatime,2,9,24,34,39,46,32,false
2025-03-16,lunchtime,5,7,20,22,40,47,21,false
2025-03-16,teatime,1,3,25,29,30,31,46,false
2025-03-17,lunchtime,3,7,20,28,31,35,24,false
2025-03-17,teatime,12,21,25,27,42,48,10,false
2025-03-18,lunchtime,2,5,18,22,26,41,34,false
2025-03-18,teatime,4,10,19,30,35,38,9,false
2025-03-19,lunchtime,8,10,13,32,37,41,19,false
2025-03-19,teatime,34,38,40,45,48,49,7,false
2025-03-20,lunchtime,1,12,22,26,37,38,47,false
2025-03-20,teatime,19,29,36,37,40,42,10,false
2025-03-21,lunchtime,38,39,41,45,46,47,33,false
2025-03-21,teatime,8,9,14,21,30,36,43,false
2025-03-22,lunchtime,1,12,23,24,28,32,10,false
2025-03-22,teatime,7,9,18,39,40,48,28,false
2025-03-23,lunchtime,16,24,32,43,44,49,27,false
2025-03-23,teatime,6,7,13,32,33,47,16,false
2025-03-24,lunchtime,3,9,23,28,36,44,31,false
2025-03-24,teatime,1,2,15,31,42,46,48,false
2025-03-25,lunchtime,3,8,9,14,25,40,6,false
2025-03-25,teatime,4,9,22,33,40,42,1,false
2025-03-26,lunchtime,10,35,36,37,42,46,41,false
2025-03-26,teatime,3,4,8,12,23,48,27,false
2025-03-27,lunchtime,14,19,24,28,29,41,27,false
2025-03-27,teatime,7,11,16,17,26,36,38,false
2025-03-28,lunchtime,5,12,22,30,34,36,6,false
2025-03-28,teatime,4,14,21,29,46,48,44,false
2025-03-29,lunchtime,19,20,24,32,45,46,6,false
2025-03-29,teatime,9,33,37,41,47,49,31,false
2025-03-30,lunchtime,4,9,29,31,44,45,26,false
2025-03-30,teatime,6,28,31,33,46,47,24,false
2025-03-31,lunchtime,9,12,18,34,37,48,43,false
2025-03-31,teatime,13,15,40,43,45,47,44,false
2025-04-01,lunchtime,3,12,13,19,39,49,2,false
2025-04-01,teatime,5,10,35,36,41,46,45,false
2025-04-02,lunchtime,4,7,17,20,41,43,9,false
2025-04-02,teatime,4,21,22,32,37,44,16,false
2025-04-03,lunchtime,1,23,28,33,39,42,44,false
2025-04-03,teatime,13,16,21,25,29,36,47,false
2025-04-04,lunchtime,7,9,11,28,36,39,34,false
2025-04-04,teatime,6,8,11,39,46,49,43,false
2025-04-05,lunchtime,8,13,33,39,46,48,20,false
2025-04-05,teatime,20,32,36,37,40,47,23,false
2025-04-06,lunchtime,1,16,23,25,37,44,27,false
2025-04-06,teatime,7,12,15,24,34,39,2,false
2025-04-07,lunchtime,10,14,27,30,35,41,38,false
2025-04-07,teatime,9,15,17,29,33,44,36,false
2025-04-08,teatime,1,11,17,21,42,46,49,false
2025-04-09,lunchtime,12,19,20,21,29,39,23,false
2025-04-09,teatime,5,28,32,34,38,46,21,false
2025-04-10,lunchtime,7,15,16,25,29,42,22,false
2025-04-10,teatime,1,2,21,31,33,46,42,false
2025-04-11,lunchtime,6,16,21,34,41,44,40,false
2025-04-11,teatime,8,23,35,40,43,47,26,false
2025-04-12,lunchtime,1,13,24,42,43,48,7,false
2025-04-12,teatime,2,10,14,17,24,42,21,false
2025-04-13,lunchtime,14,20,26,36,40,49,38,false
2025-04-13,teatime,15,31,34,37,38,39,9,false
2025-04-14,lunchtime,5,21,27,36,48,49,41,false
2025-04-14,teatime,18,35,38,41,46,48,4,false
2025-04-15,lunchtime,6,10,23,26,41,43,17,false
2025-04-15,teatime,6,11,20,21,26,34,30,false
2025-04-16,lunchtime,6,8,15,20,26,44,46,false
2025-04-16,teatime,9,14,19,29,42,44,13,false
2025-04-17,lunchtime,1,24,26,33,35,38,11,false
2025-04-17,teatime,4,15,25,31,41,48,33,false
2025-04-18,lunchtime,27,30,33,35,39,42,22,false
2025-04-18,teatime,2,5,20,39,44,47,32,false
2025-04-19,lunchtime,8,15,28,34,37,42,26,false
2025-04-19,teatime,3,10,14,32,38,39,5,false
2025-04-20,lunchtime,13,14,26,29,31,48,41,false
2025-04-20,teatime,2,17,26,34,35,44,49,false
2025-04-21,lunchtime,2,16,17,25,34,47,29,false
2025-04-21,teatime,10,11,17,19,24,37,18,false
2025-04-22,lunchtime,2,4,11,31,33,36,7,false
2025-04-22,teatime,2,5,9,24,43,49,46,false
2025-04-23,lunchtime,1,6,14,23,27,41,8,false
2025-04-23,teatime,6,9,19,28,34,46,40,false
2025-04-24,lunchtime,24,38,40,41,45,48,36,false
2025-04-24,teatime,8,28,41,44,46,48,25,false
2025-04-25,lunchtime,2,7,12,13,31,35,32,false
2025-04-25,teatime,3,24,30,33,37,38,49,false
2025-04-26,lunchtime,2,7,19,21,24,27,25,false
2025-04-26,teatime,18,25,29,30,33,35,34,false
2025-04-27,lunchtime,10,19,34,35,45,47,7,false
2025-04-27,teatime,5,25,31,39,44,46,2,false
2025-04-28,lunchtime,14,16,29,31,45,49,23,false
2025-04-28,teatime,2,8,9,11,20,31,28,false
2025-04-29,lunchtime,9,19,23,33,36,40,27,false
2025-04-29,teatime,6,8,21,29,43,49,22,false
2025-04-30,lunchtime,8,18,24,29,30,49,5,false
2025-04-30,teatime,2,8,14,36,40,44,21,false
2025-05-01,lunchtime,1,5,33,38,41,42,21,false
2025-05-01,teatime,9,21,23,24,35,42,40,false
2025-05-02,lunchtime,3,23,28,42,45,48,14,false
2025-05-02,teatime,9,13,27,33,34,36,16,false
2025-05-03,lunchtime,8,11,14,27,32,38,41,false
2025-05-03,teatime,12,13,17,19,20,27,6,false
2025-05-04,lunchtime,13,17,28,38,39,46,37,false
2025-05-04,teatime,7,16,20,28,30,34,15,false
2025-05-05,lunchtime,6,14,15,23,42,44,3,false
2025-05-05,teatime,1,12,18,35,41,45,14,false
2025-05-06,lunchtime,7,31,34,36,40,41,30,false
2025-05-06,teatime,7,10,17,18,19,20,16,false
2025-05-07,lunchtime,5,7,11,27,36,49,19,false
2025-05-07,teatime,9,23,27,35,44,49,39,false
2025-05-08,lunchtime,8,14,18,21,37,40,46,false
2025-05-08,teatime,2,9,11,16,18,32,4,false
2025-05-09,lunchtime,2,13,23,44,45,47,37,false
2025-05-09,teatime,11,13,17,19,22,40,35,false
2025-05-10,lunchtime,1,7,17,27,30,33,38,false
2025-05-10,teatime,1,4,33,35,38,47,42,false
2025-05-11,lunchtime,9,11,25,31,32,47,2,false
2025-05-11,teatime,4,5,33,40,42,49,19,false
2025-05-12,lunchtime,11,22,26,39,46,47,5,false
2025-05-12,teatime,4,5,14,26,27,43,46,false
2025-05-13,lunchtime,14,18,21,28,34,49,17,false
2025-05-13,teatime,3,16,22,25,30,35,47,false
2025-05-14,lunchtime,9,12,15,21,43,46,30,false
2025-05-14,teatime,14,21,22,23,26,29,2,false
2025-05-15,lunchtime,11,14,21,22,40,48,13,false
2025-05-15,teatime,2,17,20,39,45,48,5,false
2025-05-16,lunchtime,1,8,15,16,26,42,35,false
2025-05-16,teatime,3,7,24,27,35,39,34,false
2025-05-17,lunchtime,1,5,6,24,25,33,18,false
2025-05-17,teatime,7,17,29,31,44,45,42,false
2025-05-18,lunchtime,4,8,15,34,42,44,17,false
2025-05-18,teatime,1,2,12,20,21,38,48,false
2025-05-19,lunchtime,4,17,21,29,30,42,27,false
2025-05-19,teatime,5,13,17,18,31,34,6,false
2025-05-20,lunchtime,1,12,18,20,32,47,42,false
2025-05-20,teatime,2,10,28,36,42,44,14,false
2025-05-21,lunchtime,5,9,28,31,38,42,22,false
2025-05-21,teatime,15,16,26,32,39,44,45,false
2025-05-22,lunchtime,3,18,23,28,40,45,6,false
2025-05-22,teatime,14,17,20,22,31,45,1,false
2025-05-23,lunchtime,12,15,20,34,43,46,7,false
2025-05-23,teatime,19,22,27,33,46,48,49,false
2025-05-24,lunchtime,6,13,19,23,29,40,24,false
2025-05-24,teatime,6,14,17,21,38,44,34,false
2025-05-25,lunchtime,5,15,18,20,30,39,43,false
2025-05-25,teatime,8,13,14,17,18,45,4,false
2025-05-26,lunchtime,7,8,14,31,34,36,11,false
2025-05-26,teatime,1,4,20,25,34,42,35,false
2025-05-27,lunchtime,3,10,13,21,25,30,20,false
2025-05-27,teatime,10,16,17,19,24,44,5,false
2025-05-28,lunchtime,5,6,13,15,38,39,33,false
2025-05-28,teatime,12,15,20,29,34,39,8,false
2025-05-29,lunchtime,2,11,23,26,38,41,39,false
2025-05-29,teatime,1,12,22,23,29,30,3,false
2025-05-30,lunchtime,6,18,24,27,36,44,16,false
2025-05-30,teatime,9,19,20,42,44,47,45,false
2025-05-31,lunchtime,8,19,26,28,47,49,15,false
2025-05-31,teatime,20,21,23,30,38,39,37,false
2025-06-01,lunchtime,1,5,7,20,23,30,11,false
2025-06-01,teatime,4,10,19,28,33,42,41,false
2025-06-02,lunchtime,16,18,25,33,46,49,8,false
2025-06-02,teatime,3,15,17,34,35,46,8,false
2025-06-03,lunchtime,6,16,29,32,35,49,5,false
2025-06-03,teatime,6,9,30,33,37,49,20,false
2025-06-04,lunchtime,2,5,6,16,26,33,9,false
2025-06-04,teatime,6,7,19,23,24,38,32,false
2025-06-05,lunchtime,3,10,20,30,32,48,8,false
2025-06-05,teatime,16,28,31,32,33,49,30,false
2025-06-06,lunchtime,1,2,27,35,37,47,31,false
2025-06-06,teatime,11,33,42,43,44,49,46,false
2025-06-07,lunchtime,9,20,21,40,42,46,49,false
2025-06-07,teatime,14,23,29,30,40,44,7,false
2025-06-08,lunchtime,8,12,13,23,43,48,49,false
2025-06-08,teatime,3,10,21,24,25,45,34,false
2025-06-09,lunchtime,2,17,23,34,46,49,37,false
2025-06-09,teatime,2,7,18,26,45,49,34,false
2025-06-10,lunchtime,2,14,17,26,31,42,41,false
2025-06-10,teatime,3,4,29,37,45,46,49,false
2025-06-11,lunchtime,5,27,34,45,46,48,36,false
2025-06-11,teatime,2,12,20,31,45,49,23,false
2025-06-12,lunchtime,4,5,20,32,34,44,14,false
2025-06-12,teatime,34,37,43,44,47,48,31,false
2025-06-13,lunchtime,9,19,22,25,36,49,3,false
2025-06-13,teatime,9,13,26,29,30,46,11,false
2025-06-14,lunchtime,12,23,28,30,38,47,24,false
2025-06-14,teatime,2,3,34,36,37,41,25,false
2025-06-15,lunchtime,9,16,27,39,43,45,38,false
2025-06-15,teatime,1,20,30,45,48,49,18,false
2025-06-16,lunchtime,1,6,7,15,34,43,38,false
2025-06-16,teatime,1,3,8,20,21,44,25,false
2025-06-17,lunchtime,11,12,17,29,41,45,31,false
2025-06-17,teatime,4,24,28,35,43,47,23,false
2025-06-18,lunchtime,4,18,24,31,43,46,23,false
2025-06-18,teatime,9,20,21,37,39,43,1,false
2025-06-19,lunchtime,6,12,18,36,39,43,34,false
2025-06-19,teatime,2,12,25,29,34,43,9,false
2025-06-20,lunchtime,1,2,4,9,24,49,47,false
2025-06-20,teatime,10,18,26,28,31,33,49,false
2025-06-21,lunchtime,2,7,18,20,33,38,17,false
2025-06-21,teatime,3,6,24,31,33,35,26,false
2025-06-22,lunchtime,2,6,11,13,16,42,48,false
2025-06-22,teatime,5,16,30,37,43,44,8,false
2025-06-23,lunchtime,1,3,4,22,26,28,18,false
2025-06-23,teatime,22,23,24,34,39,40,20,false
2025-06-24,lunchtime,5,9,35,39,41,43,46,false
2025-06-24,teatime,2,3,12,21,33,43,30,false
2025-06-25,lunchtime,7,35,40,41,42,45,27,false
2025-06-25,teatime,1,16,18,24,29,34,21,false
2025-06-26,lunchtime,2,9,21,38,45,49,13,false
2025-06-26,teatime,1,15,18,30,36,43,25,false
2025-06-27,lunchtime,17,24,41,43,44,48,15,false
2025-06-27,teatime,2,16,24,28,33,39,12,false
2025-06-28,lunchtime,19,20,29,34,35,36,41,false
2025-06-28,teatime,3,11,16,20,34,45,48,false
2025-06-29,lunchtime,11,35,38,41,43,46,28,false
2025-06-29,teatime,9,17,34,35,40,43,30,false
2025-06-30,lunchtime,27,33,38,43,44,45,47,false
2025-06-30,teatime,14,19,24,37,46,47,43,false
2025-07-01,lunchtime,2,6,16,31,37,44,49,false
2025-07-01,teatime,1,3,19,23,38,43,6,false
2025-07-02,lunchtime,8,10,21,34,35,43,30,false
2025-07-02,teatime,3,5,15,19,26,49,40,false
2025-07-03,lunchtime,4,7,30,32,41,44,20,false
2025-07-03,teatime,3,4,16,24,36,40,37,false
2025-07-04,lunchtime,2,16,19,31,32,44,48,false
2025-07-04,teatime,7,15,16,18,22,28,30,false
2025-07-05,lunchtime,10,21,28,38,41,48,45,false
2025-07-05,teatime,3,9,12,35,44,47,28,false
2025-07-06,lunchtime,17,24,31,40,43,45,46,false
2025-07-06,teatime,1,2,10,18,25,33,4,false
2025-07-07,lunchtime,14,19,24,27,41,48,39,false
2025-07-07,teatime,3,6,19,22,31,34,47,false
2025-07-08,lunchtime,19,25,31,32,41,44,28,false
2025-07-08,teatime,11,18,30,32,42,47,28,false
2025-07-09,lunchtime,4,5,8,9,18,29,42,false
2025-07-09,teatime,8,12,15,17,25,49,1,false
2025-07-10,lunchtime,3,10,13,16,22,28,23,false
2025-07-10,teatime,7,23,30,42,48,49,40,false
2025-07-11,lunchtime,13,16,23,33,36,39,21,false
2025-07-11,teatime,14,16,20,21,22,42,32,false
2025-07-12,lunchtime,7,9,26,35,44,49,11,false
2025-07-12,teatime,9,10,16,20,29,38,8,false
2025-07-13,lunchtime,8,10,15,32,40,48,41,false
2025-07-13,teatime,15,17,20,33,41,48,19,false
2025-07-14,lunchtime,2,14,16,29,40,43,46,false
2025-07-14,teatime,1,11,15,17,31,34,9,false
2025-07-15,lunchtime,9,15,17,23,25,37,39,false
2025-07-15,teatime,8,18,30,32,41,46,31,false
2025-07-16,lunchtime,12,14,22,26,42,48,17,false
2025-07-16,teatime,9,14,22,23,34,42,38,false
2025-07-17,lunchtime,1,8,17,30,31,47,42,false
2025-07-17,teatime,1,27,34,36,40,48,33,false
2025-07-18,lunchtime,5,8,26,32,43,45,7,false
2025-07-18,teatime,11,24,28,32,36,42,41,false
2025-07-19,lunchtime,7,14,17,23,32,46,5,false
2025-07-19,teatime,5,8,14,22,34,43,20,false
2025-07-20,lunchtime,1,2,10,25,27,40,39,false
2025-07-20,teatime,1,5,19,21,37,45,3,false
2025-07-21,lunchtime,5,9,16,22,42,47,8,false
2025-07-21,teatime,15,24,29,32,33,46,8,false
2025-07-22,lunchtime,12,18,23,24,31,33,37,false
2025-07-22,teatime,13,17,22,23,37,43,41,false
2025-07-23,lunchtime,1,2,4,5,7,8,9,false
2025-07-23,teatime,7,13,26,27,35,37,1,false
2025-07-24,lunchtime,1,12,30,35,37,49,48,false
2025-07-24,teatime,2,6,12,23,34,49,35,false
2025-07-25,lunchtime,2,4,14,18,32,39,13,false
2025-07-25,teatime,3,15,21,27,35,45,40,false
2025-07-26,lunchtime,9,13,18,30,33,44,37,false
2025-07-26,teatime,13,26,34,41,43,49,31,false
2025-07-27,lunchtime,6,8,14,16,31,36,25,false
2025-07-27,teatime,6,14,15,18,25,34,36,false
2025-07-28,lunchtime,9,13,19,32,36,46,2,false
2025-07-28,teatime,7,23,30,34,47,49,15,false
2025-07-29,lunchtime,8,11,15,30,38,48,1,false
2025-07-29,teatime,11,18,20,28,35,43,10,false
2025-07-30,lunchtime,4,19,20,22,31,43,11,false
2025-07-30,teatime,9,22,39,45,46,49,42,false
2025-07-31,lunchtime,3,13,21,31,35,45,48,false
2025-07-31,teatime,1,8,12,18,29,38,22,false
2025-08-01,lunchtime,1,5,9,13,32,38,27,false
2025-08-01,teatime,4,16,30,33,34,37,17,false
2025-08-02,lunchtime,3,4,13,21,24,30,42,false
2025-08-02,teatime,8,17,19,23,25,44,6,false
2025-08-03,lunchtime,2,5,7,13,17,19,33,false
2025-08-03,teatime,4,13,32,36,42,44,30,false
2025-08-04,lunchtime,14,19,24,26,45,46,21,false
2025-08-04,teatime,6,11,15,19,40,47,4,false
2025-08-05,lunchtime,13,23,38,39,41,42,3,false
2025-08-05,teatime,16,26,38,39,44,45,10,false
2025-08-06,lunchtime,5,13,29,30,45,47,10,false
2025-08-06,teatime,4,17,23,26,32,49,27,false
2025-08-07,lunchtime,22,29,37,44,47,48,31,false
2025-08-07,teatime,7,9,11,16,20,47,12,false
2025-08-08,lunchtime,9,16,19,22,30,41,26,false
2025-08-08,teatime,1,2,20,40,45,49,7,false
2025-08-09,lunchtime,1,3,18,34,44,47,46,false
2025-08-09,teatime,3,4,25,26,36,44,28,false
2025-08-10,lunchtime,10,25,31,38,39,40,26,false
2025-08-10,teatime,3,11,12,26,37,41,49,false
2025-08-11,lunchtime,10,19,20,37,46,49,35,false
2025-08-11,teatime,25,36,38,44,46,47,11,false
2025-08-12,lunchtime,3,8,11,37,44,46,13,false
2025-08-12,teatime,8,19,30,38,48,49,16,false
2025-08-13,lunchtime,2,7,16,29,33,37,5,false
2025-08-13,teatime,14,17,18,24,26,37,40,false
2025-08-14,lunchtime,10,18,25,32,36,49,15,false
2025-08-14,teatime,11,18,20,36,39,45,21,false
2025-08-15,lunchtime,6,11,24,30,32,47,42,false
2025-08-15,teatime,5,15,31,33,36,43,22,false
2025-08-16,lunchtime,3,7,26,29,33,44,21,false
2025-08-16,teatime,5,13,29,30,36,49,21,false
2025-08-17,lunchtime,8,22,26,40,42,44,43,false
2025-08-17,teatime,2,8,29,33,41,49,45,false
2025-08-18,lunchtime,4,6,15,36,37,44,43,false
2025-08-18,teatime,9,14,17,24,29,34,48,false
2025-08-19,lunchtime,3,6,9,28,43,49,15,false
2025-08-19,teatime,22,30,31,32,35,42,14,false
2025-08-20,lunchtime,9,11,17,31,40,46,43,false
2025-08-20,teatime,11,23,26,38,39,43,32,false
2025-08-21,lunchtime,4,8,20,23,24,28,36,false
2025-08-21,teatime,2,4,37,40,43,49,44,false
2025-08-22,lunchtime,1,26,29,31,35,45,47,false
2025-08-22,teatime,5,30,31,34,44,49,17,false
2025-08-23,lunchtime,11,17,24,28,29,46,18,false
2025-08-23,teatime,3,13,15,26,29,42,44,false
2025-08-24,lunchtime,12,15,22,28,30,43,49,false
2025-08-24,teatime,5,8,10,28,39,47,2,false
2025-08-25,lunchtime,4,11,15,20,24,34,3,false
2025-08-25,teatime,3,16,25,29,32,38,39,false
2025-08-26,lunchtime,1,2,5,22,38,42,30,false
2025-08-26,teatime,14,19,24,27,35,38,7,false
2025-08-27,lunchtime,16,19,24,29,35,41,28,false
2025-08-27,teatime,1,17,18,30,42,44,36,false
2025-08-28,lunchtime,20,25,28,30,33,49,19,false
2025-08-28,teatime,11,16,22,29,37,49,38,false
2025-08-29,lunchtime,16,19,22,30,44,46,25,false
2025-08-29,teatime,3,7,13,18,37,38,34,false
2025-08-30,lunchtime,1,18,43,45,46,49,27,false
2025-08-30,teatime,9,12,27,29,33,39,22,false
2025-08-31,lunchtime,11,13,18,27,33,48,7,false
2025-08-31,teatime,7,10,14,19,31,35,5,false
2025-09-01,lunchtime,2,22,24,27,36,47,5,false
2025-09-01,teatime,4,17,23,29,34,35,16,false
2025-09-02,lunchtime,11,37,42,44,45,49,35,false
2025-09-02,teatime,15,19,36,41,42,46,44,false
2025-09-03,lunchtime,8,12,15,21,22,45,27,false
2025-09-03,teatime,13,19,20,25,36,39,18,false
2025-09-04,lunchtime,1,3,7,16,21,38,27,false
2025-09-04,teatime,4,8,11,19,29,35,30,false
2025-09-05,lunchtime,3,9,15,26,32,40,4,false
2025-09-05,teatime,2,11,32,37,38,44,16,false
2025-09-06,lunchtime,11,14,20,32,38,47,33,false
2025-09-06,teatime,10,19,21,22,32,39,49,false
2025-09-07,lunchtime,4,11,17,20,22,31,36,false
2025-09-07,teatime,9,10,12,14,20,38,34,false
2025-09-08,lunchtime,2,9,11,13,37,48,45,false
2025-09-08,teatime,21,25,32,36,39,42,46,false
2025-09-09,lunchtime,6,26,34,36,38,45,21,false
2025-09-09,teatime,3,7,22,26,27,34,4,false
2025-09-10,lunchtime,19,30,33,39,42,45,8,false
2025-09-10,teatime,13,18,22,24,26,32,47,false
2025-09-11,lunchtime,1,5,16,22,28,38,43,false
2025-09-11,teatime,19,24,31,37,47,49,35,false
2025-09-12,lunchtime,8,9,10,44,45,49,43,false
2025-09-12,teatime,3,4,19,20,27,29,8,false
2025-09-13,lunchtime,12,15,31,32,35,46,18,false
2025-09-13,teatime,4,20,22,26,46,47,1,false
2025-09-14,lunchtime,2,3,6,12,20,22,21,false
2025-09-14,teatime,3,15,29,30,39,40,44,false
2025-09-15,lunchtime,11,26,27,28,36,37,2,false
2025-09-15,teatime,3,10,13,21,37,39,27,false
2025-09-16,lunchtime,4,6,10,32,34,41,19,false
2025-09-16,teatime,3,9,29,32,35,43,6,false
2025-09-17,lunchtime,3,14,23,25,33,44,48,false
2025-09-17,teatime,9,11,14,26,40,49,37,false
2025-09-18,lunchtime,2,11,21,24,35,48,10,false
2025-09-18,teatime,3,7,23,36,38,49,11,false
2025-09-19,lunchtime,16,21,22,29,38,40,33,false
2025-09-19,teatime,6,9,18,19,29,48,38,false
2025-09-20,lunchtime,15,16,23,38,39,45,49,false
2025-09-20,teatime,8,12,23,28,32,34,39,false
2025-09-21,lunchtime,1,2,3,6,42,48,16,false
2025-09-21,teatime,5,14,16,27,33,49,6,false
2025-09-22,lunchtime,1,2,9,25,33,36,6,false
2025-09-22,teatime,10,29,33,38,42,45,14,false
2025-09-23,lunchtime,9,14,17,28,41,44,48,false
2025-09-23,teatime,2,6,11,20,27,42,5,false
2025-09-24,lunchtime,1,12,23,26,27,45,44,false
2025-09-24,teatime,14,16,26,27,41,42,31,false
2025-09-25,lunchtime,17,18,22,36,41,42,32,false
2025-09-25,teatime,4,5,18,26,39,42,34,false
2025-09-26,lunchtime,19,20,34,44,45,48,27,false
2025-09-26,teatime,11,12,22,29,41,46,48,false
2025-09-27,lunchtime,2,6,11,26,30,32,24,false
2025-09-27,teatime,6,7,19,24,40,41,15,false
2025-09-28,lunchtime,6,8,16,24,27,41,4,false
2025-09-28,teatime,18,21,22,25,38,47,6,false
2025-09-29,lunchtime,14,18,20,39,41,49,38,false
2025-09-29,teatime,6,10,24,26,36,48,9,false
2025-09-30,lunchtime,1,2,32,40,41,47,5,false
2025-09-30,teatime,2,9,10,24,32,48,25,false
2025-10-01,lunchtime,15,18,35,42,44,48,21,false
2025-10-01,teatime,1,2,8,9,40,47,42,false
2025-10-02,lunchtime,20,22,27,37,39,49,14,false
2025-10-02,teatime,11,17,38,42,46,47,27,false
2025-10-03,lunchtime,8,23,24,26,33,44,39,false
2025-10-03,teatime,1,4,10,11,20,44,46,false
2025-10-04,lunchtime,2,3,17,19,26,42,22,false
2025-10-04,teatime,10,27,29,31,34,43,14,false
2025-10-05,lunchtime,2,11,15,19,37,47,39,false
2025-10-05,teatime,27,35,40,42,44,49,6,false
2025-10-06,lunchtime,1,27,30,42,43,44,9,false
2025-10-06,teatime,17,22,26,33,42,46,13,false
2025-10-07,lunchtime,1,7,35,40,44,45,4,false
2025-10-07,teatime,1,8,25,29,30,32,13,false
2025-10-08,lunchtime,4,6,13,19,31,32,39,false
2025-10-08,teatime,11,26,29,30,44,47,12,false
2025-10-09,lunchtime,14,18,19,21,37,49,32,false
2025-10-09,teatime,13,18,25,26,35,42,20,false
2025-10-10,lunchtime,2,6,14,16,31,43,45,false
2025-10-10,teatime,2,13,14,18,20,48,31,false
2025-10-11,lunchtime,10,14,20,22,24,31,4,false
2025-10-11,teatime,3,5,11,29,45,48,1,false
2025-10-12,lunchtime,2,5,13,18,32,43,14,false
2025-10-12,teatime,2,6,24,28,31,42,19,false
2025-10-13,lunchtime,7,8,14,24,41,45,6,false
2025-10-13,teatime,5,10,11,19,30,35,4,false
2025-10-14,lunchtime,9,28,37,47,48,49,13,false
2025-10-14,teatime,2,4,10,15,28,47,37,false
2025-10-15,lunchtime,21,23,26,28,41,45,46,false
2025-10-15,teatime,2,8,12,21,22,26,41,false
2025-10-16,lunchtime,2,17,19,23,37,45,33,false
2025-10-16,teatime,13,26,28,35,36,43,4,false
2025-10-17,lunchtime,10,11,17,24,29,41,1,false
2025-10-17,teatime,1,9,21,30,37,40,16,false
2025-10-18,lunchtime,2,11,12,22,25,43,6,false
2025-10-18,teatime,6,11,12,19,32,40,2,false
2025-10-19,lunchtime,19,24,29,31,44,46,11,false
2025-10-19,teatime,7,13,15,20,31,44,49,false
2025-10-20,lunchtime,8,11,15,19,45,46,38,false
2025-10-20,teatime,2,3,27,35,40,44,14,false
2025-10-21,lunchtime,8,14,19,30,31,47,15,false
2025-10-21,teatime,6,19,21,32,33,39,8,false
2025-10-22,lunchtime,7,24,29,32,34,40,38,false
2025-10-22,teatime,5,8,21,26,32,37,3,false
2025-10-23,lunchtime,8,18,30,46,47,48,10,false
2025-10-23,teatime,1,5,15,20,31,49,22,false
2025-10-24,lunchtime,7,8,13,21,42,48,47,false
2025-10-24,teatime,6,7,9,15,36,45,20,false
2025-10-25,lunchtime,9,18,28,37,40,44,48,false
2025-10-25,teatime,3,4,14,17,25,32,47,false
2025-10-26,lunchtime,11,12,14,37,42,49,25,false
2025-10-26,teatime,3,12,15,36,38,41,33,false
2025-10-27,lunchtime,4,11,13,14,18,44,3,false
2025-10-27,teatime,9,25,26,27,41,43,8,false
2025-10-28,lunchtime,1,2,15,29,32,42,22,false
2025-10-28,teatime,5,10,25,28,32,37,31,false
2025-10-29,lunchtime,16,29,34,42,46,49,13,false
2025-10-29,teatime,8,21,23,27,29,49,35,false
2025-10-30,lunchtime,2,16,24,29,35,42,26,false
2025-10-30,teatime,2,4,16,17,27,38,41,false
2025-10-31,lunchtime,1,11,14,25,30,49,6,false
2025-10-31,teatime,21,38,40,41,48,49,18,false
2025-11-01,lunchtime,4,24,25,31,34,45,42,false
2025-11-01,teatime,4,16,18,24,39,41,42,false
2025-11-02,lunchtime,5,13,21,34,40,41,20,false
2025-11-02,teatime,2,9,24,25,33,44,23,false
2025-11-03,lunchtime,4,6,10,20,23,41,33,false
2025-11-03,teatime,6,9,10,13,39,42,38,false
2025-11-04,lunchtime,7,13,40,43,45,47,23,false
2025-11-04,teatime,3,6,11,20,22,43,9,false
2025-11-05,lunchtime,1,6,11,23,36,45,46,false
2025-11-05,teatime,8,17,18,23,31,33,3,false
2025-11-06,lunchtime,2,30,39,40,41,42,18,false
2025-11-06,teatime,9,17,24,25,36,40,45,false
2025-11-07,lunchtime,3,4,10,11,22,26,28,false
2025-11-07,teatime,13,16,21,23,36,42,6,false
2025-11-08,lunchtime,5,17,19,44,48,49,1,false
2025-11-08,teatime,18,25,30,34,36,46,14,false
2025-11-09,lunchtime,8,11,21,26,31,46,49,false
2025-11-09,teatime,18,24,30,37,40,41,9,false
2025-11-10,teatime,10,15,20,36,45,46,7,false
2025-11-11,lunchtime,13,26,38,44,48,49,24,false
2025-11-11,teatime,5,15,20,22,31,48,10,false
2025-11-12,lunchtime,10,15,21,27,31,44,22,false
2025-11-12,teatime,4,11,19,20,42,44,22,false
2025-11-13,lunchtime,6,15,33,34,35,43,32,false
2025-11-13,teatime,3,12,15,25,41,44,7,false
2025-11-14,lunchtime,2,13,25,26,39,49,44,false
2025-11-14,teatime,13,25,26,40,46,48,20,false
2025-11-15,lunchtime,10,19,25,27,29,43,31,false
2025-11-15,teatime,1,4,16,17,24,42,8,false
2025-11-16,lunchtime,8,14,15,27,46,47,6,false
2025-11-16,teatime,6,13,15,24,31,49,30,false
2025-11-17,lunchtime,2,14,25,34,39,45,30,false
2025-11-17,teatime,6,7,9,15,23,36,41,false
2025-11-18,lunchtime,3,9,10,22,37,46,12,false
2025-11-18,teatime,6,22,25,27,28,47,45,false
2025-11-19,lunchtime,6,10,12,16,24,42,22,false
2025-11-19,teatime,21,27,31,32,37,44,46,false
2025-11-20,lunchtime,20,24,29,30,33,40,32,false
2025-11-20,teatime,4,24,25,27,43,46,35,false
2025-11-21,lunchtime,6,9,19,25,27,40,30,false
2025-11-21,teatime,9,17,20,27,42,48,30,false
2025-11-22,lunchtime,2,10,22,29,38,41,35,false
2025-11-22,teatime,13,18,20,29,43,46,25,false
2025-11-23,lunchtime,10,11,13,24,25,39,16,false
2025-11-23,teatime,1,18,25,33,42,43,47,false
2025-11-24,lunchtime,14,16,19,23,33,46,17,false
2025-11-24,teatime,3,8,29,34,36,41,21,false
2025-11-25,lunchtime,6,9,10,38,44,45,4,false
2025-11-25,teatime,9,17,26,33,34,35,30,false
2025-11-26,lunchtime,1,9,22,29,36,49,47,false
2025-11-26,teatime,1,4,5,30,32,37,35,false
2025-11-27,lunchtime,14,17,24,27,38,48,33,false
2025-11-27,teatime,4,5,13,21,33,43,22,false
2025-11-28,lunchtime,5,12,15,24,34,39,16,false
2025-11-28,teatime,3,17,33,34,41,47,23,false
2025-11-29,lunchtime,3,22,30,34,39,49,20,false
2025-11-29,teatime,21,24,38,41,42,43,46,false
2025-11-30,lunchtime,9,14,18,19,30,40,10,false
2025-11-30,teatime,2,3,7,23,25,49,43,false
2025-12-01,lunchtime,5,8,25,28,30,47,44,false
2025-12-01,teatime,6,11,25,32,34,45,1,false
2025-12-02,lunchtime,3,4,26,34,38,39,42,false
2025-12-02,teatime,1,10,18,23,24,31,6,false
2025-12-03,lunchtime,16,20,26,33,37,39,12,false
2025-12-03,teatime,2,13,20,24,29,33,34,false
2025-12-04,lunchtime,1,5,20,31,33,36,21,false
2025-12-04,teatime,7,17,28,33,39,47,12,false
2025-12-05,lunchtime,10,26,32,34,46,47,5,false
2025-12-05,teatime,1,3,12,31,32,40,13,false
2025-12-06,lunchtime,14,17,20,29,33,40,34,false
2025-12-06,teatime,10,12,17,21,33,43,8,false
2025-12-07,lunchtime,5,17,26,30,41,48,24,false
2025-12-07,teatime,2,11,13,19,21,29,22,false
2025-12-08,lunchtime,7,10,26,30,32,33,28,false
2025-12-08,teatime,5,25,35,37,43,46,33,false
2025-12-09,lunchtime,7,10,12,25,30,33,40,false
2025-12-09,teatime,4,9,23,31,37,47,27,false
2025-12-10,lunchtime,10,18,21,28,44,45,46,false
2025-12-10,teatime,5,9,10,16,34,38,28,false
2025-12-11,lunchtime,13,28,40,41,45,47,33,false
2025-12-11,teatime,3,11,12,32,33,45,7,false
2025-12-12,lunchtime,5,8,17,20,21,34,48,false
2025-12-12,teatime,1,7,10,28,44,49,42,false
2025-12-13,lunchtime,3,13,22,25,34,40,24,false
2025-12-13,teatime,1,7,25,42,45,47,14,false
2025-12-14,lunchtime,13,17,23,34,36,48,11,false
2025-12-14,teatime,3,6,29,32,34,39,13,false
2025-12-15,lunchtime,5,11,22,31,43,48,24,false
2025-12-15,teatime,2,10,11,23,45,48,9,false
2025-12-16,lunchtime,8,36,37,38,39,40,4,false
2025-12-16,teatime,2,6,7,11,40,46,32,false
2025-12-17,lunchtime,1,21,23,26,29,42,5,false
2025-12-17,teatime,2,8,16,30,45,47,11,false
2025-12-18,lunchtime,7,8,12,13,14,32,4,false
2025-12-18,teatime,2,3,5,12,13,26,46,false
2025-12-19,lunchtime,3,5,18,30,45,49,36,false
2025-12-19,teatime,1,15,26,33,34,45,24,false
2025-12-20,lunchtime,2,12,18,22,25,31,45,false
2025-12-20,teatime,2,4,7,8,28,30,18,false
2025-12-21,lunchtime,3,5,8,17,30,43,4,false
2025-12-21,teatime,5,17,24,42,47,48,46,false
2025-12-22,lunchtime,3,5,11,26,45,49,27,false
2025-12-22,teatime,16,22,25,34,39,49,24,false
2025-12-23,lunchtime,12,16,18,27,30,37,13,false
2025-12-23,teatime,4,11,28,39,41,49,32,false
2025-12-24,lunchtime,7,9,32,42,44,47,19,false
2025-12-24,teatime,3,5,19,22,24,35,31,false
2025-12-26,lunchtime,1,15,21,38,41,44,16,false
2025-12-26,teatime,17,27,29,30,44,45,6,false
2025-12-27,lunchtime,17,20,24,31,32,34,16,false
2025-12-27,teatime,14,22,23,28,40,42,32,false
2025-12-28,lunchtime,5,9,37,38,39,41,7,false
2025-12-28,teatime,8,17,22,33,40,41,20,false
2025-12-29,lunchtime,8,10,13,20,34,44,37,false
2025-12-29,teatime,12,17,23,26,31,32,15,false
2025-12-30,lunchtime,3,6,8,30,35,46,16,false
2025-12-30,teatime,3,6,24,30,34,39,20,false
2025-12-31,lunchtime,15,16,20,24,42,47,38,false
2025-12-31,teatime,10,26,28,29,39,44,5,false
2026-01-01,lunchtime,10,24,27,38,40,48,16,false
2026-01-01,teatime,1,6,35,42,48,49,30,false
2026-01-02,lunchtime,3,12,19,31,44,49,47,false
2026-01-02,teatime,4,6,17,21,30,37,20,false
2026-01-03,lunchtime,5,18,24,36,41,48,20,false
2026-01-03,teatime,6,10,20,26,41,46,43,false
2026-01-04,lunchtime,1,27,31,33,42,48,12,false
2026-01-04,teatime,3,24,35,36,38,39,30,false
2026-01-05,lunchtime,18,20,27,34,42,48,8,false
2026-01-05,teatime,3,11,16,18,43,45,21,false
2026-01-06,lunchtime,3,11,15,21,32,40,7,false
2026-01-06,teatime,2,27,29,31,39,47,12,false
2026-01-07,lunchtime,1,13,14,25,28,30,24,false
2026-01-07,teatime,11,21,25,28,39,49,31,false
2026-01-08,lunchtime,3,18,22,31,38,46,23,false
2026-01-08,teatime,6,13,14,19,43,46,39,false
2026-01-09,lunchtime,4,15,17,24,42,44,13,false
2026-01-09,teatime,13,15,18,33,36,38,31,false
2026-01-10,lunchtime,1,6,14,39,44,48,45,false
2026-01-10,teatime,5,6,17,19,21,31,4,false
2026-01-11,lunchtime,6,17,22,26,39,47,40,false
2026-01-11,teatime,3,5,12,20,37,40,6,false
2026-01-12,lunchtime,4,12,30,37,40,46,26,false
2026-01-12,teatime,5,9,11,35,37,49,38,false
2026-01-13,lunchtime,5,19,26,37,38,41,32,false
2026-01-13,teatime,4,16,25,38,41,44,39,false
2026-01-14,lunchtime,13,20,31,38,40,42,23,false
2026-01-14,teatime,11,15,24,31,42,44,47,false
2026-01-15,lunchtime,7,30,32,39,43,46,14,false
2026-01-15,teatime,1,2,13,38,43,49,31,false
2026-01-16,lunchtime,4,13,17,26,30,36,16,false
2026-01-16,teatime,9,21,27,33,36,41,14,false
2026-01-17,lunchtime,3,16,17,19,31,35,21,false
2026-01-17,teatime,5,10,13,17,22,34,25,false
2026-01-18,lunchtime,4,11,18,19,26,39,40,false
2026-01-18,teatime,14,15,26,32,36,42,20,false
2026-01-19,lunchtime,8,10,27,28,32,38,46,false
2026-01-19,teatime,4,5,10,20,22,40,28,false
2026-01-20,lunchtime,4,16,17,21,31,35,49,false
2026-01-20,teatime,3,25,43,45,47,49,12,false
2026-01-21,lunchtime,6,18,23,31,33,48,7,false
2026-01-21,teatime,3,13,14,35,36,47,26,false
2026-01-22,lunchtime,5,6,9,15,22,41,30,false
2026-01-22,teatime,8,18,26,34,47,48,44,false
2026-01-23,lunchtime,5,16,17,24,37,49,30,false
2026-01-23,teatime,11,17,28,31,45,46,36,false
2026-01-24,lunchtime,4,10,14,20,42,49,12,false
2026-01-24,teatime,11,13,20,26,44,47,32,false
2026-01-25,lunchtime,5,7,14,19,30,40,15,false
2026-01-25,teatime,5,20,29,30,39,45,4,false
2026-01-26,lunchtime,28,32,33,35,45,47,17,false
2026-01-26,teatime,6,8,13,30,38,45,9,false
2026-01-27,lunchtime,4,11,25,31,39,42,45,false
2026-01-27,teatime,12,14,21,30,40,45,49,false
2026-01-28,lunchtime,1,8,34,39,46,49,47,false
2026-01-28,teatime,14,28,32,36,37,48,18,false
2026-01-29,lunchtime,6,17,18,33,41,43,26,false
2026-01-29,teatime,17,18,24,36,42,45,1,false
2026-01-30,lunchtime,3,9,12,19,20,49,6,false
2026-01-30,teatime,7,8,13,30,38,42,27,false
2026-01-31,lunchtime,19,23,26,31,38,44,7,false
2026-01-31,teatime,8,26,27,31,34,45,23,false
2026-02-01,lunchtime,1,10,13,39,40,46,48,false
2026-02-01,teatime,7,19,23,40,41,42,39,false
2026-02-02,lunchtime,7,16,18,22,25,32,23,false
2026-02-02,teatime,13,14,25,39,40,46,15,false
2026-02-03,lunchtime,21,27,28,34,44,45,19,false
2026-02-03,teatime,9,18,19,20,24,44,34,false
2026-02-04,lunchtime,5,16,32,45,46,48,23,false
2026-02-04,teatime,6,15,17,26,46,47,14,false
2026-02-05,lunchtime,1,3,4,11,25,31,10,false
2026-02-05,teatime,6,15,16,21,24,48,5,false
2026-02-06,lunchtime,2,3,10,17,27,49,5,false
2026-02-06,teatime,13,16,24,27,29,39,10,false
2026-02-07,lunchtime,4,24,28,40,46,48,3,false
2026-02-07,teatime,3,4,10,23,38,46,19,false
2026-02-08,lunchtime,15,25,36,39,45,48,47,false
2026-02-08,teatime,1,12,13,21,25,38,45,false
2026-02-09,lunchtime,5,9,12,41,45,47,30,false
2026-02-09,teatime,12,13,19,21,25,35,15,false
2026-02-10,lunchtime,14,17,22,25,30,40,2,false
2026-02-10,teatime,14,20,25,33,44,47,34,false
2026-02-11,lunchtime,11,24,29,33,35,44,21,false
2026-02-11,teatime,15,20,24,26,35,49,36,false
2026-02-12,lunchtime,6,13,19,21,37,49,5,false
2026-02-12,teatime,1,10,20,21,25,44,48,false
2026-02-13,lunchtime,6,12,17,30,35,44,10,false
2026-02-13,teatime,10,12,19,34,42,45,39,false
2026-02-14,lunchtime,7,9,14,28,32,40,22,false
2026-02-14,teatime,9,11,18,20,23,37,30,false
2026-02-15,lunchtime,8,15,29,33,39,45,41,false
2026-02-15,teatime,2,5,6,7,13,19,17,false
2026-02-16,lunchtime,2,18,25,31,34,39,30,false
2026-02-16,teatime,24,27,29,31,33,45,3,false
2026-02-17,lunchtime,2,8,15,19,39,41,16,false
2026-02-17,teatime,14,15,24,38,40,42,17,false
2026-02-18,lunchtime,4,16,20,24,40,44,46,false
2026-02-18,teatime,3,15,18,21,30,40,49,false
2026-02-19,lunchtime,1,18,24,26,33,47,16,false
2026-02-19,teatime,2,7,13,15,32,49,10,false
2026-02-20,lunchtime,2,5,9,13,21,28,17,false
2026-02-20,teatime,1,2,22,27,32,37,5,false
2026-02-21,lunchtime,8,12,20,30,37,42,48,false
2026-02-21,teatime,10,22,30,38,45,49,1,false
2026-02-22,lunchtime,13,17,20,29,39,42,44,false
2026-02-22,teatime,8,23,24,27,34,49,9,false
2026-02-23,lunchtime,19,20,29,35,41,45,17,false
2026-02-23,teatime,5,9,12,21,24,37,16,false
2026-02-24,lunchtime,1,17,20,28,42,47,4,false
2026-02-24,teatime,16,21,29,41,43,45,7,false
2026-02-25,lunchtime,9,16,17,28,34,39,43,false
2026-02-25,teatime,11,15,22,29,45,48,33,false
2026-02-26,lunchtime,10,11,17,28,31,47,6,false
2026-02-26,teatime,6,20,21,22,35,42,1,false
2026-02-27,lunchtime,16,26,27,31,37,41,40,false
2026-02-27,teatime,1,6,23,29,35,48,11,false
2026-02-28,lunchtime,2,29,34,37,43,47,48,false
2026-02-28,teatime,13,28,31,42,45,49,35,false
2026-03-01,lunchtime,1,4,17,39,41,49,11,false
2026-03-01,teatime,7,24,31,32,41,46,10,false
2026-03-02,lunchtime,3,6,13,25,31,43,42,false
2026-03-02,teatime,9,14,16,33,38,46,48,false
2026-03-03,lunchtime,9,15,17,40,41,49,2,false
2026-03-03,teatime,5,15,24,34,38,45,7,false
2026-03-04,lunchtime,8,11,20,25,26,40,35,false
2026-03-04,teatime,6,9,20,27,42,43,5,false
2026-03-05,lunchtime,3,16,20,21,26,38,2,false
2026-03-05,teatime,10,11,18,28,35,44,24,false
2026-03-06,lunchtime,15,19,32,39,42,48,43,false
2026-03-06,teatime,5,12,23,26,47,49,39,false
2026-03-07,lunchtime,1,2,3,5,24,30,49,false
2026-03-07,teatime,2,18,20,25,35,45,17,false
2026-03-08,lunchtime,15,17,31,35,40,44,34,false
2026-03-08,teatime,4,12,17,23,31,34,19,false
2026-03-09,lunchtime,2,10,23,33,40,41,13,false
2026-03-09,teatime,12,16,17,23,25,37,5,false
2026-03-10,lunchtime,16,17,31,41,47,49,12,false
2026-03-10,teatime,4,9,17,26,30,42,34,false
2026-03-11,lunchtime,5,9,38,41,47,48,4,false
2026-03-11,teatime,3,11,13,21,46,48,7,false
2026-03-12,lunchtime,5,20,22,36,43,45,15,false
2026-03-12,teatime,21,24,31,32,36,38,19,false
2026-03-13,lunchtime,8,10,17,23,34,49,31,false
2026-03-13,teatime,10,19,24,32,36,46,47,false
2026-03-14,lunchtime,7,29,36,42,45,49,3,false
2026-03-14,teatime,4,5,6,24,36,41,23,false
2026-03-15,lunchtime,8,11,14,22,25,47,17,false
2026-03-15,teatime,8,10,20,28,31,42,32,false
2026-03-16,brunchtime,14,15,16,24,36,39,7,false
2026-03-16,lunchtime,2,12,16,30,37,41,36,false
2026-03-16,drivetime,17,18,23,26,30,43,33,false
2026-03-16,teatime,3,6,32,33,38,49,5,false
2026-03-17,brunchtime,3,7,11,18,20,24,47,false
2026-03-17,lunchtime,7,9,14,27,30,39,6,false
2026-03-17,drivetime,8,10,13,32,38,41,23,false
2026-03-17,teatime,16,20,24,25,39,41,36,false
2026-03-18,brunchtime,5,8,23,26,30,49,13,false
2026-03-18,lunchtime,18,19,22,33,39,45,12,false
2026-03-18,drivetime,3,5,16,24,36,45,8,false
2026-03-18,teatime,10,28,31,34,44,45,6,false
2026-03-19,brunchtime,1,28,41,47,48,49,19,false
2026-03-19,lunchtime,4,11,18,40,42,48,17,false
2026-03-19,drivetime,5,13,14,21,33,49,45,false
2026-03-19,teatime,16,21,29,35,37,49,2,false
2026-03-20,brunchtime,2,6,9,15,39,43,41,false
2026-03-20,lunchtime,18,27,31,33,36,46,39,false
2026-03-20,drivetime,4,6,35,43,47,48,31,false
2026-03-20,teatime,2,17,23,30,38,44,42,false
2026-03-21,brunchtime,3,4,10,19,20,44,35,false
2026-03-21,lunchtime,5,26,32,35,36,48,22,false
2026-03-21,drivetime,8,9,11,12,28,46,15,false
2026-03-21,teatime,2,3,19,35,36,43,38,false
2026-03-22,brunchtime,6,18,19,32,38,45,43,false
2026-03-22,lunchtime,9,13,15,17,30,47,44,false
2026-03-22,drivetime,1,7,22,25,26,30,12,false
2026-03-22,teatime,2,6,37,39,42,45,33,false
2026-03-23,brunchtime,5,11,16,29,41,48,37,false
2026-03-23,lunchtime,7,11,32,37,38,39,34,false
2026-03-23,drivetime,15,18,25,29,38,43,16,false
2026-03-23,teatime,10,16,34,40,41,43,5,false
2026-03-24,brunchtime,7,10,17,19,26,27,21,false
2026-03-24,lunchtime,32,33,36,42,43,46,38,false
2026-03-24,drivetime,9,14,18,27,32,45,33,false
2026-03-24,teatime,7,15,18,33,36,49,3,false
2026-03-25,brunchtime,5,7,14,33,35,43,37,false
2026-03-25,lunchtime,2,4,11,23,43,49,12,false
2026-03-25,drivetime,3,7,31,37,46,47,5,false
2026-03-25,teatime,1,6,17,37,40,49,13,false
2026-03-26,brunchtime,3,18,25,31,37,40,27,false
2026-03-26,lunchtime,14,17,24,26,37,41,5,false
2026-03-26,drivetime,8,12,19,22,38,42,44,false
2026-03-26,teatime,2,25,26,30,38,48,34,false
2026-03-27,brunchtime,2,21,29,33,37,46,8,false
2026-03-27,lunchtime,6,23,25,31,46,47,37,false
2026-03-27,drivetime,15,19,38,40,44,47,33,false
2026-03-27,teatime,3,4,11,17,29,40,37,false
2026-03-28,brunchtime,10,30,34,40,46,49,37,false
2026-03-28,lunchtime,12,16,21,22,27,40,35,false
2026-03-28,drivetime,14,20,26,34,39,45,38,false
2026-03-28,teatime,20,21,22,23,26,46,40,false
2026-03-29,brunchtime,8,22,23,36,37,39,24,false
2026-03-29,lunchtime,15,21,22,32,38,41,31,false
2026-03-29,drivetime,6,7,26,34,35,43,36,false
2026-03-29,teatime,3,5,6,29,31,39,46,false
2026-03-30,brunchtime,16,26,27,30,41,45,5,false
2026-03-30,lunchtime,13,15,21,25,28,36,1,false
2026-03-30,drivetime,2,8,19,36,39,47,29,false
2026-03-30,teatime,5,12,18,23,34,44,31,false
2026-03-31,brunchtime,9,32,34,38,39,40,2,false
2026-03-31,lunchtime,2,11,18,25,40,47,17,false
2026-03-31,drivetime,3,4,13,18,19,42,8,false
2026-03-31,teatime,1,7,13,38,46,49,11,false
2026-04-01,brunchtime,2,7,23,38,40,41,30,false
2026-04-01,lunchtime,3,9,13,24,43,49,36,false
2026-04-01,drivetime,5,6,19,24,27,46,26,false
2026-04-01,teatime,3,5,9,25,31,37,46,false
2026-04-02,brunchtime,8,11,22,26,39,48,28,false
2026-04-02,lunchtime,6,13,20,28,41,47,12,false
2026-04-02,drivetime,3,5,17,29,33,47,15,false
2026-04-02,teatime,15,30,31,40,43,46,49,false
2026-04-03,brunchtime,7,8,18,29,37,38,19,false
2026-04-03,lunchtime,7,10,11,17,26,35,20,false
2026-04-03,drivetime,2,8,18,24,46,48,45,false
2026-04-03,teatime,5,17,25,28,34,44,15,false
2026-04-04,brunchtime,7,20,27,28,44,47,32,false
2026-04-04,lunchtime,9,17,38,40,43,48,3,false
2026-04-04,drivetime,10,27,31,35,38,40,1,false
2026-04-04,teatime,17,23,24,27,37,39,9,false
2026-04-05,brunchtime,5,15,33,34,44,47,2,false
2026-04-05,lunchtime,5,14,16,24,39,47,31,false
2026-04-05,drivetime,7,21,27,29,31,39,1,false
2026-04-05,teatime,4,5,8,27,39,40,23,false
2026-04-06,brunchtime,6,8,29,31,38,47,1,false
2026-04-06,lunchtime,7,13,20,21,28,39,6,false
2026-04-06,drivetime,6,8,24,29,35,48,38,false
2026-04-06,teatime,4,7,8,24,29,36,3,false
2026-04-07,brunchtime,5,6,10,12,25,29,14,false
2026-04-07,lunchtime,8,14,27,39,42,48,24,false
2026-04-07,drivetime,5,10,14,17,19,29,35,false
2026-04-07,teatime,11,12,15,19,27,31,2,false
2026-04-08,brunchtime,3,17,36,38,41,46,2,false
2026-04-08,lunchtime,3,5,10,20,25,45,48,false
2026-04-08,drivetime,6,7,20,27,44,49,13,false
2026-04-08,teatime,12,22,24,33,44,48,18,false
2026-04-09,brunchtime,2,8,11,17,42,43,36,false
2026-04-09,lunchtime,14,16,24,26,38,47,11,false
2026-04-09,drivetime,1,15,19,42,45,46,41,false
2026-04-09,teatime,1,14,23,24,48,49,9,false
2026-04-10,brunchtime,10,22,24,27,37,42,39,false
2026-04-10,lunchtime,17,23,34,42,45,49,10,false
2026-04-10,drivetime,3,18,21,23,27,34,10,false
2026-04-10,teatime,3,8,9,18,42,48,20,false
2026-04-11,brunchtime,6,19,21,30,38,43,18,false
2026-04-11,lunchtime,6,10,13,34,36,47,23,false
2026-04-11,drivetime,4,8,16,26,34,47,27,false
2026-04-11,teatime,1,3,24,25,48,49,15,false
2026-04-12,brunchtime,4,7,26,27,30,38,12,false
2026-04-12,lunchtime,9,19,31,40,43,45,12,false
2026-04-12,drivetime,2,4,6,10,26,30,48,false
2026-04-12,teatime,14,15,18,25,33,35,49,false
2026-04-13,brunchtime,9,17,23,25,26,33,37,false
2026-04-13,lunchtime,1,6,29,40,41,44,28,false
2026-04-13,drivetime,6,7,10,11,17,30,23,false
2026-04-13,teatime,4,5,20,22,33,46,47,false
2026-04-14,brunchtime,15,17,24,26,38,44,36,false
2026-04-14,lunchtime,7,29,30,42,44,45,31,false
2026-04-14,drivetime,1,3,15,22,34,40,43,false
2026-04-14,teatime,3,4,6,10,33,48,26,false
2026-04-15,brunchtime,17,22,25,35,37,49,4,false
2026-04-15,lunchtime,3,27,31,38,42,45,30,false
2026-04-15,drivetime,20,24,31,34,48,49,43,false
2026-04-15,teatime,1,4,10,15,33,42,48,false
2026-04-16,brunchtime,2,4,6,17,19,40,43,false
2026-04-16,lunchtime,12,20,26,33,38,47,43,false
2026-04-16,drivetime,6,7,15,18,36,43,5,false
2026-04-16,teatime,6,12,37,39,40,45,25,false
2026-04-17,brunchtime,5,7,8,10,34,49,40,false
2026-04-17,lunchtime,6,10,19,24,30,31,14,false
2026-04-17,drivetime,4,10,12,13,27,35,38,false
2026-04-17,teatime,12,18,24,25,30,41,36,false
2026-04-18,brunchtime,1,21,34,38,41,46,33,false
2026-04-18,lunchtime,1,12,20,27,40,49,24,false
2026-04-18,drivetime,5,18,24,32,40,49,21,false
2026-04-18,teatime,15,16,19,21,27,32,10,false
2026-04-19,brunchtime,2,21,24,26,34,48,27,false
2026-04-19,lunchtime,15,17,18,24,26,39,3,false
2026-04-19,drivetime,11,18,29,32,45,48,22,false
2026-04-19,teatime,15,24,26,43,45,48,1,false
2026-04-20,brunchtime,8,10,19,33,34,38,40,false
2026-04-20,lunchtime,5,8,10,11,12,45,28,false
2026-04-20,drivetime,6,31,32,34,45,46,22,false
2026-04-20,teatime,2,7,21,32,34,41,49,false
2026-04-21,brunchtime,2,6,28,31,47,49,27,false
2026-04-21,lunchtime,13,16,19,21,34,38,6,false
2026-04-21,drivetime,1,14,16,21,30,31,40,false
2026-04-21,teatime,5,7,16,38,40,49,1,false
2026-04-22,brunchtime,17,28,41,43,46,49,33,false
2026-04-22,lunchtime,5,10,17,26,38,39,23,false
2026-04-22,drivetime,1,2,10,26,47,49,23,false
2026-04-22,teatime,1,3,9,27,42,46,37,false
2026-04-23,brunchtime,8,30,31,40,45,46,21,false
2026-04-23,lunchtime,11,15,26,32,39,40,24,false
2026-04-23,drivetime,2,17,22,24,32,45,46,false
2026-04-23,teatime,1,9,10,12,13,49,27,false
2026-04-24,brunchtime,4,28,35,36,43,44,18,false
2026-04-24,lunchtime,10,17,19,20,22,36,1,false
2026-04-24,drivetime,1,7,11,13,27,30,23,false
2026-04-24,teatime,4,5,6,12,25,36,48,false
2026-04-25,brunchtime,20,27,31,36,42,43,16,false
2026-04-25,lunchtime,2,9,10,13,25,44,42,false
2026-04-25,drivetime,9,18,21,22,28,32,23,false
2026-04-25,teatime,11,13,20,29,44,45,35,false
2026-04-26,brunchtime,19,23,24,26,29,46,3,false
2026-04-26,lunchtime,3,14,19,24,37,45,23,false
2026-04-26,drivetime,6,19,23,35,47,49,20,false
2026-04-26,teatime,4,24,27,34,45,49,29,false
2026-04-27,brunchtime,6,18,24,30,39,47,15,false
2026-04-27,lunchtime,2,9,10,17,24,36,15,false
2026-04-27,drivetime,9,12,18,29,42,47,14,false
2026-04-27,teatime,5,25,27,32,33,40,42,false
2026-04-28,brunchtime,7,8,12,25,30,31,48,false
2026-04-28,lunchtime,5,19,22,23,27,38,8,false
2026-04-28,drivetime,3,13,19,21,45,46,8,false
2026-04-28,teatime,30,32,37,38,43,48,15,false
2026-04-29,brunchtime,5,12,17,18,28,39,19,false
2026-04-29,lunchtime,15,20,22,24,36,42,19,false
2026-04-29,drivetime,8,10,13,21,26,45,16,false
2026-04-29,teatime,2,13,15,21,34,38,4,false
2026-04-30,brunchtime,2,15,16,43,44,48,34,false
2026-04-30,lunchtime,2,19,23,31,37,40,35,false
2026-04-30,drivetime,17,19,23,24,38,42,27,false
2026-04-30,teatime,9,23,35,36,38,40,27,false
2026-05-01,brunchtime,5,19,23,34,40,44,6,false
2026-05-01,lunchtime,12,19,20,22,38,45,15,false
2026-05-01,drivetime,6,25,27,36,43,46,44,false
2026-05-01,teatime,3,12,28,29,38,46,17,false
2026-05-02,brunchtime,13,20,26,27,37,47,40,false
2026-05-02,lunchtime,5,8,10,33,39,46,13,false
2026-05-02,drivetime,29,31,33,35,40,42,46,false
2026-05-02,teatime,2,5,23,42,46,47,38,false
2026-05-03,brunchtime,5,15,43,44,47,49,48,false
2026-05-03,lunchtime,10,11,13,23,35,37,7,false
2026-05-03,drivetime,11,33,35,43,44,47,49,false
2026-05-03,teatime,1,3,10,19,29,48,46,false
2026-05-04,brunchtime,1,21,30,42,46,47,11,false
2026-05-04,lunchtime,1,5,10,28,30,32,35,false
2026-05-04,drivetime,21,24,33,38,39,47,25,false
2026-05-04,teatime,2,9,13,33,44,47,6,false
2026-05-05,brunchtime,3,7,29,34,36,42,12,false
2026-05-05,lunchtime,8,16,20,28,29,38,9,false
2026-05-05,drivetime,1,4,6,27,38,43,32,false
2026-05-05,teatime,3,5,14,17,21,47,45,false
2026-05-06,brunchtime,5,6,7,24,29,37,4,false
2026-05-06,lunchtime,16,19,30,39,44,45,35,false
2026-05-06,drivetime,2,11,24,34,38,39,47,false
2026-05-06,teatime,4,28,38,41,45,46,33,false
2026-05-07,brunchtime,12,20,29,37,40,47,17,false
2026-05-07,lunchtime,1,5,20,21,24,45,6,false
2026-05-07,drivetime,7,19,25,28,46,47,4,false
2026-05-07,teatime,2,6,15,22,34,43,28,false
2026-05-08,brunchtime,4,6,16,28,45,49,18,false
2026-05-08,lunchtime,8,9,11,13,26,45,4,false
2026-05-08,drivetime,15,24,25,36,40,42,17,false
2026-05-08,teatime,20,23,36,40,41,42,44,false
2026-05-09,brunchtime,2,14,21,22,33,48,36,false
2026-05-09,lunchtime,3,6,14,27,41,43,45,false
2026-05-09,drivetime,1,14,25,26,27,37,28,false
2026-05-09,teatime,6,9,20,31,36,49,40,false
2026-05-10,brunchtime,11,16,35,42,48,49,47,false
2026-05-10,lunchtime,4,7,11,15,22,34,18,false
2026-05-10,drivetime,1,29,31,38,41,43,39,false
2026-05-10,teatime,14,18,30,37,38,44,45,false
2026-05-11,brunchtime,13,31,38,41,42,49,23,false
2026-05-11,lunchtime,1,10,13,24,26,32,34,false
2026-05-11,drivetime,2,9,18,20,30,39,22,false
2026-05-11,teatime,6,7,23,26,27,48,42,false
2026-05-12,brunchtime,6,17,19,23,30,46,14,false
2026-05-12,lunchtime,14,30,33,34,37,43,47,false
2026-05-12,drivetime,21,25,28,31,36,37,10,false
2026-05-12,teatime,1,8,11,18,44,49,38,false
2026-05-13,brunchtime,15,18,30,31,37,47,20,false
2026-05-13,lunchtime,13,17,26,28,44,46,9,false
2026-05-13,drivetime,11,12,15,28,34,37,49,false
2026-05-13,teatime,6,35,42,43,45,46,12,false
2026-05-14,brunchtime,15,20,22,41,43,48,39,false
2026-05-14,lunchtime,6,22,29,31,45,48,24,false
2026-05-14,drivetime,6,18,19,21,28,48,12,false
2026-05-14,teatime,4,5,8,28,31,46,2,false
2026-05-15,brunchtime,2,12,15,16,23,42,9,false
2026-05-15,lunchtime,3,6,27,39,41,47,45,false
2026-05-15,drivetime,11,16,22,23,26,48,31,false
2026-05-15,teatime,4,12,17,28,39,48,30,false
2026-05-16,brunchtime,3,13,15,19,42,45,20,false
2026-05-16,lunchtime,2,13,14,24,30,40,11,false
2026-05-16,drivetime,2,12,36,37,43,46,24,false
2026-05-16,teatime,1,4,9,19,35,49,20,false
2026-05-17,brunchtime,16,20,22,27,41,42,39,false
2026-05-17,lunchtime,3,11,13,19,27,40,12,false
2026-05-17,drivetime,10,15,23,36,46,49,48,false
2026-05-17,teatime,3,13,18,23,24,49,10,false
2026-05-18,brunchtime,8,12,18,22,34,44,39,false
2026-05-18,lunchtime,12,13,18,19,26,33,37,false
2026-05-18,drivetime,5,8,12,43,46,49,19,false
2026-05-18,teatime,8,17,22,24,41,49,47,false
2026-05-19,brunchtime,3,4,7,11,40,48,35,false
2026-05-19,lunchtime,3,8,27,33,34,49,15,false
2026-05-19,drivetime,1,2,3,7,32,49,14,false
2026-05-19,teatime,9,17,27,34,37,39,18,false
2026-05-20,brunchtime,9,20,38,46,47,48,36,false
2026-05-20,lunchtime,9,19,31,34,48,49,16,false
2026-05-20,drivetime,1,25,35,39,42,49,36,false
2026-05-20,teatime,14,24,30,33,44,45,13,false
2026-05-21,brunchtime,1,10,22,43,47,49,9,false
2026-05-21,lunchtime,5,7,10,24,43,48,22,false
2026-05-21,drivetime,2,7,13,24,32,33,28,false
2026-05-21,teatime,6,7,12,26,42,46,24,false
2026-05-22,brunchtime,3,4,5,14,25,42,18,false
2026-05-22,lunchtime,3,9,14,32,43,46,5,false
2026-05-22,drivetime,4,6,28,29,40,48,27,false
2026-05-22,teatime,1,3,8,12,20,46,9,false
2026-05-23,brunchtime,1,6,19,22,23,45,31,false
2026-05-23,lunchtime,8,24,40,41,46,47,9,false
2026-05-23,drivetime,2,13,14,19,28,38,4,false
2026-05-23,teatime,9,22,28,29,35,38,49,false
2026-05-24,brunchtime,1,6,10,30,44,49,5,false
2026-05-24,lunchtime,9,17,24,36,38,49,4,false
2026-05-24,drivetime,3,20,28,32,40,46,37,false
2026-05-24,teatime,13,17,24,26,28,45,41,false
2026-05-25,brunchtime,22,24,31,43,44,48,37,false
2026-05-25,lunchtime,1,12,14,17,25,41,7,false
2026-05-25,drivetime,4,11,23,24,32,33,6,false
2026-05-25,teatime,5,10,11,24,31,36,9,false
2026-05-26,brunchtime,7,9,11,15,31,34,27,false
2026-05-26,lunchtime,8,17,23,36,38,40,15,false
2026-05-26,drivetime,2,9,17,19,41,46,43,false
2026-05-26,teatime,6,15,18,31,43,44,35,false
2026-05-27,brunchtime,7,9,13,24,27,43,6,false
2026-05-27,lunchtime,15,17,34,35,36,44,1,false
2026-05-27,drivetime,6,13,34,40,44,48,24,false
2026-05-27,teatime,6,21,25,31,37,40,27,false
2026-05-28,brunchtime,15,22,33,35,43,48,14,false
2026-05-28,lunchtime,3,6,15,25,40,49,29,false
2026-05-28,drivetime,1,11,29,34,43,46,39,false
2026-05-28,teatime,3,11,12,15,16,18,38,false
2026-05-29,brunchtime,3,14,19,36,38,45,30,false
2026-05-29,lunchtime,1,8,15,31,42,46,41,false
2026-05-29,drivetime,13,21,25,33,43,44,42,false
2026-05-29,teatime,8,25,39,42,47,48,17,false
2026-05-30,brunchtime,15,23,32,39,40,41,25,false
2026-05-30,lunchtime,4,12,28,31,38,47,13,false
2026-05-30,drivetime,3,11,21,26,27,36,22,false
2026-05-30,teatime,3,12,17,19,33,46,44,false
2026-05-31,brunchtime,9,12,18,27,37,48,4,false
2026-05-31,lunchtime,7,24,25,33,34,41,8,false
2026-05-31,drivetime,13,17,35,37,48,49,31,false
2026-05-31,teatime,8,14,16,22,28,38,34,false
2026-06-01,brunchtime,2,8,11,21,36,47,16,false
2026-06-01,lunchtime,3,13,29,35,38,44,9,false
2026-06-01,drivetime,12,14,26,32,36,41,49,false
2026-06-01,teatime,3,18,35,37,42,43,6,false
2026-06-02,brunchtime,3,20,31,36,42,49,16,false
2026-06-02,lunchtime,3,11,30,35,36,38,7,false
2026-06-02,drivetime,8,10,13,19,46,49,38,false
2026-06-02,teatime,10,20,30,33,35,47,36,false
2026-06-03,brunchtime,1,2,9,20,23,48,21,false
2026-06-03,lunchtime,18,24,29,33,38,44,47,false
2026-06-03,drivetime,8,13,24,28,42,45,17,false
2026-06-03,teatime,18,30,38,44,46,47,3,false
2026-06-04,brunchtime,9,10,12,31,35,47,45,false
2026-06-04,lunchtime,1,2,20,29,46,48,16,false
2026-06-04,drivetime,8,16,36,40,42,46,27,false
2026-06-04,teatime,6,18,21,27,33,45,29,false
2026-06-05,brunchtime,22,23,25,26,39,40,38,false
2026-06-05,lunchtime,14,16,20,29,35,45,23,false
2026-06-05,drivetime,1,9,26,32,40,49,25,false
2026-06-05,teatime,1,19,24,31,32,45,37,false
2026-06-06,brunchtime,3,27,34,40,45,47,29,false
2026-06-06,lunchtime,10,22,31,32,43,44,23,false
2026-06-06,drivetime,1,10,13,27,32,43,23,false
2026-06-06,teatime,5,7,10,11,18,37,33,false
2026-06-07,brunchtime,5,20,36,39,46,48,24,false
2026-06-07,lunchtime,1,20,31,36,40,46,25,false
2026-06-07,drivetime,4,7,19,38,45,46,42,false
2026-06-07,teatime,30,32,35,38,44,45,12,false
2026-06-08,brunchtime,10,16,32,37,42,48,38,false
2026-06-08,lunchtime,7,35,36,41,42,43,4,false
2026-06-08,drivetime,14,17,22,41,46,48,13,false
2026-06-08,teatime,3,9,27,41,42,47,30,false
2026-06-09,brunchtime,3,22,32,40,43,47,45,false
2026-06-09,lunchtime,5,8,12,16,29,34,45,false
2026-06-09,drivetime,18,23,27,36,40,41,5,false
2026-06-09,teatime,1,3,32,36,45,49,16,false
2026-06-10,brunchtime,6,7,25,30,41,45,10,false
2026-06-10,lunchtime,8,13,19,23,33,44,47,false
2026-06-10,drivetime,4,6,10,26,35,39,18,false
2026-06-10,teatime,21,23,29,41,42,45,49,false
2026-06-11,brunchtime,1,5,16,34,44,49,19,false
2026-06-11,lunchtime,12,29,30,31,32,33,42,false
2026-06-11,drivetime,1,14,28,30,31,40,29,false
2026-06-11,teatime,14,20,21,36,40,44,45,false
2026-06-12,brunchtime,1,6,8,31,41,46,49,false
2026-06-12,lunchtime,4,12,22,31,45,47,20,false
2026-06-12,drivetime,2,4,11,20,23,32,45,false
2026-06-12,teatime,3,5,18,19,27,37,42,false
2026-06-13,brunchtime,3,27,33,39,40,49,20,false
2026-06-13,lunchtime,5,14,21,23,27,35,33,false
2026-06-13,drivetime,2,7,17,21,29,39,24,false
2026-06-13,teatime,8,10,21,31,32,49,37,false
2026-06-14,brunchtime,4,13,21,29,33,45,40,false
2026-06-14,lunchtime,14,16,19,21,34,45,37,false
2026-06-14,drivetime,6,13,14,17,24,27,43,false
2026-06-14,teatime,7,8,16,22,26,40,11,false
2026-06-15,brunchtime,12,14,24,30,42,48,28,false
2026-06-15,lunchtime,13,17,24,30,39,46,33,false
2026-06-15,drivetime,18,31,38,40,41,44,37,false
2026-06-15,teatime,12,25,28,32,33,34,24,false
2026-06-16,brunchtime,8,12,16,29,46,49,7,false
2026-06-16,lunchtime,7,8,16,25,31,45,13,false
2026-06-16,drivetime,4,10,15,29,37,40,11,false
2026-06-16,teatime,2,16,17,24,36,48,10,false
2026-06-17,brunchtime,2,5,10,12,17,25,27,false
2026-06-17,lunchtime,7,16,24,38,43,49,10,false
2026-06-17,drivetime,9,17,25,30,33,43,2,false
2026-06-17,teatime,11,20,21,27,30,41,8,false
2026-06-18,brunchtime,4,20,31,42,43,47,11,false
2026-06-18,lunchtime,3,15,26,28,32,38,45,false
2026-06-18,drivetime,4,15,22,25,31,40,18,false
2026-06-18,teatime,9,12,19,33,36,48,38,false
2026-06-19,brunchtime,9,11,15,29,31,45,1,false
2026-06-19,lunchtime,6,7,16,31,38,43,10,false
2026-06-19,drivetime,6,16,21,35,38,41,11,false
2026-06-19,teatime,16,24,25,28,29,42,40,false
2026-06-20,brunchtime,2,9,12,20,31,34,3,false
2026-06-20,lunchtime,5,11,28,41,44,47,16,false
2026-06-20,drivetime,1,16,20,28,29,49,40,false
2026-06-20,teatime,17,22,23,25,28,38,24,false
2026-06-21,brunchtime,1,5,9,22,28,33,47,false
2026-06-21,lunchtime,5,9,15,30,41,46,19,false
2026-06-21,drivetime,20,21,31,40,47,49,38,false
2026-06-21,teatime,15,22,24,25,42,49,18,false
2026-06-22,brunchtime,3,7,14,31,32,48,20,false
2026-06-22,lunchtime,10,20,28,36,44,48,40,false
2026-06-22,drivetime,8,10,36,41,43,49,35,false
2026-06-22,teatime,2,5,11,14,30,46,22,false
2026-06-23,brunchtime,4,6,8,25,30,35,18,false
2026-06-23,lunchtime,1,3,7,14,24,38,6,false
2026-06-23,drivetime,22,32,36,40,45,48,8,false
2026-06-23,teatime,13,14,15,36,42,45,17,false
2026-06-24,brunchtime,15,27,30,35,36,48,32,false
2026-06-24,lunchtime,9,11,23,29,38,43,21,false
2026-06-24,drivetime,5,6,8,25,30,31,28,false
2026-06-24,teatime,3,7,16,23,34,39,20,false
2026-06-25,brunchtime,20,32,38,40,44,47,9,false
2026-06-25,lunchtime,13,17,21,23,24,28,33,false
2026-06-25,drivetime,12,14,19,21,26,31,48,false
2026-06-25,teatime,2,5,8,35,37,41,33,false
2026-06-26,brunchtime,9,17,29,33,37,38,41,false
2026-06-26,lunchtime,6,9,18,26,35,39,34,false
2026-06-26,drivetime,8,10,25,34,38,42,22,false
2026-06-26,teatime,3,12,16,27,29,48,41,false
2026-06-27,brunchtime,3,7,13,14,19,22,28,false
2026-06-27,lunchtime,3,7,8,10,24,47,48,false
2026-06-27,drivetime,3,9,17,20,32,33,43,false
2026-06-27,teatime,29,30,32,39,42,47,41,false
2026-06-28,brunchtime,2,9,12,13,14,48,15,false
2026-06-28,lunchtime,6,7,11,20,23,35,43,false
2026-06-28,drivetime,4,20,21,26,42,44,28,false
2026-06-28,teatime,1,2,13,15,31,42,41,false
2026-06-29,brunchtime,9,17,18,28,44,45,42,false
2026-06-29,lunchtime,2,6,21,22,41,46,34,false
2026-06-29,drivetime,20,27,32,34,35,47,23,false
2026-06-29,teatime,14,15,22,35,46,47,19,false
2026-06-30,brunchtime,3,4,17,24,38,42,29,false
2026-06-30,lunchtime,9,11,19,37,39,46,49,false
2026-06-30,drivetime,2,4,12,22,33,38,6,false
2026-06-30,teatime,4,7,23,32,46,48,14,false
2026-07-01,brunchtime,6,12,24,26,41,49,29,false
2026-07-01,lunchtime,11,12,16,29,30,36,17,false
2026-07-01,drivetime,12,21,33,42,44,46,37,false
2026-07-01,teatime,1,6,7,20,24,25,44,false
2026-07-02,brunchtime,3,12,23,34,43,45,28,false
2026-07-02,lunchtime,12,18,20,21,22,46,37,false
2026-07-02,drivetime,9,20,29,33,38,39,1,false
2026-07-02,teatime,6,20,26,40,42,48,27,false
2026-07-03,brunchtime,7,14,30,34,42,49,3,false
2026-07-03,lunchtime,18,29,35,39,40,44,2,false
2026-07-03,drivetime,6,10,12,13,34,47,42,false
2026-07-03,teatime,1,37,38,42,46,48,14,false
2026-07-04,brunchtime,10,11,14,26,27,47,5,false
2026-07-04,lunchtime,1,5,23,33,39,45,44,false
2026-07-04,drivetime,18,25,28,31,33,35,24,false
2026-07-04,teatime,13,16,20,23,29,39,12,false
2026-07-05,brunchtime,1,4,6,11,40,41,37,false
2026-07-05,lunchtime,15,17,29,30,32,36,7,false
2026-07-05,drivetime,2,4,12,29,32,48,9,false
2026-07-05,teatime,21,33,37,38,46,49,43,false
2026-07-06,brunchtime,4,19,26,28,29,38,21,false
2026-07-06,lunchtime,5,10,19,20,45,49,46,false
2026-07-06,drivetime,13,24,33,39,43,45,35,false
2026-07-06,teatime,6,8,10,13,16,17,43,false
2026-07-07,brunchtime,3,8,11,23,47,49,5,false
2026-07-07,lunchtime,8,16,23,24,31,32,13,false
2026-07-07,drivetime,3,12,24,37,42,46,44,false
2026-07-07,teatime,7,25,40,43,44,48,37,false
2026-07-08,brunchtime,14,21,25,28,34,47,44,false
2026-07-08,lunchtime,7,14,19,30,34,40,42,false
2026-07-08,drivetime,6,11,24,29,35,43,7,false
2026-07-08,teatime,12,13,14,18,20,37,3,false
2026-07-09,brunchtime,15,20,24,27,37,43,22,false
2026-07-09,lunchtime,3,14,18,21,27,46,45,false
2026-07-09,drivetime,22,25,26,34,36,41,7,false
2026-07-09,teatime,6,15,24,31,38,48,16,false
2026-07-10,brunchtime,1,7,24,34,42,49,31,false
2026-07-10,lunchtime,18,22,28,32,48,49,1,false
2026-07-10,drivetime,27,28,38,39,44,49,16,false
2026-07-10,teatime,17,23,28,31,37,47,30,false
2026-07-11,brunchtime,8,20,29,34,46,47,10,false
2026-07-11,lunchtime,10,20,22,40,45,48,47,false
2026-07-11,drivetime,3,10,20,33,35,47,12,false
2026-07-11,teatime,8,12,22,34,38,48,13,false
2026-07-12,brunchtime,4,6,17,41,43,45,1,false
2026-07-12,lunchtime,5,15,17,18,41,43,13,false
2026-07-12,drivetime,5,8,17,38,40,44,43,false
2026-07-12,teatime,1,4,5,34,37,42,8,false
2026-07-13,brunchtime,6,8,12,13,18,19,22,false
2026-07-13,lunchtime,8,17,18,26,34,35,46,false
2026-07-13,drivetime,1,4,11,13,20,45,14,false
2026-07-13,teatime,24,27,31,39,40,44,19,false
2026-07-14,brunchtime,3,19,23,24,36,38,7,false
2026-07-14,lunchtime,3,14,20,25,35,43,6,false
2026-07-14,drivetime,2,13,19,28,36,47,38,false
2026-07-14,teatime,9,14,17,22,32,38,21,false
2026-07-15,brunchtime,3,10,23,26,42,45,33,false
2026-07-15,lunchtime,14,22,26,28,42,44,45,false
2026-07-15,drivetime,5,17,34,38,39,45,49,false
2026-07-15,teatime,1,13,24,26,37,41,17,false
2026-07-16,brunchtime,14,23,28,30,32,46,12,false
2026-07-16,lunchtime,15,28,38,40,44,45,19,false
2026-07-16,drivetime,15,20,27,42,43,48,32,false
2026-07-16,teatime,17,21,31,36,37,46,26,false
2026-07-17,brunchtime,10,22,30,35,44,47,41,false
2026-07-17,lunchtime,15,27,29,35,38,45,1,false
2026-07-17,drivetime,2,9,32,39,46,47,41,false
2026-07-17,teatime,1,11,14,19,23,43,21,false
2026-07-18,brunchtime,11,19,21,23,44,49,22,false
2026-07-18,lunchtime,23,25,31,34,38,41,20,false
2026-07-18,drivetime,14,17,19,25,27,48,40,false
2026-07-18,teatime,10,15,23,37,43,49,45,false
2026-07-19,brunchtime,11,14,31,36,41,45,21,false
2026-07-19,lunchtime,4,8,17,23,24,46,49,false
2026-07-19,drivetime,2,3,8,10,38,44,22,false
2026-07-19,teatime,4,13,18,19,22,32,28,false
2026-07-20,brunchtime,12,17,26,27,29,33,45,false
2026-07-20,lunchtime,8,11,24,26,43,47,35,false
2026-07-20,drivetime,14,23,39,44,45,47,19,false
2026-07-20,teatime,12,15,22,33,35,45,26,false
2026-07-21,brunchtime,10,15,17,19,29,30,24,false
2026-07-21,lunchtime,3,6,11,22,41,48,30,false
2026-07-21,drivetime,10,19,25,30,34,36,39,false
2026-07-21,teatime,15,24,35,41,42,45,32,false
2026-07-22,brunchtime,1,8,12,13,14,30,10,false
2026-07-22,lunchtime,14,19,20,33,36,41,42,false
2026-07-22,drivetime,3,12,15,21,42,48,6,false
2026-07-22,teatime,2,5,19,24,28,46,36,false
2026-07-23,brunchtime,1,9,11,17,20,26,2,false
2026-07-23,lunchtime,1,15,19,28,40,45,18,false
2026-07-23,drivetime,5,13,18,20,31,40,4,false
2026-07-23,teatime,13,31,34,45,46,48,39,false
2026-07-24,brunchtime,9,30,31,32,39,48,10,false
2026-07-24,lunchtime,10,12,16,24,26,38,14,false
2026-07-24,drivetime,2,6,9,29,32,47,36,false
2026-07-24,teatime,2,5,7,16,17,25,9,false
2026-07-25,brunchtime,8,29,31,37,39,46,7,false
2026-07-25,lunchtime,7,18,27,28,35,37,33,false
2026-07-25,drivetime,12,21,27,42,44,49,7,false
2026-07-25,teatime,19,20,21,24,34,48,37,false
2026-07-26,brunchtime,3,26,27,28,35,37,9,false
2026-07-26,lunchtime,8,10,23,37,44,45,33,false
2026-07-26,drivetime,9,17,24,25,30,39,15,false
2026-07-26,teatime,2,3,15,22,37,45,1,false
2026-07-27,brunchtime,3,9,11,14,31,45,29,false
2026-07-27,lunchtime,24,27,28,34,44,45,12,false
2026-07-27,drivetime,3,10,36,43,45,49,27,false
2026-07-27,teatime,3,8,9,11,19,37,36,false
2026-07-28,brunchtime,2,17,31,35,39,42,44,false
2026-07-28,lunchtime,17,21,31,34,35,40,45,false
2026-07-28,drivetime,1,10,17,28,41,46,21,false
2026-07-28,teatime,3,16,17,30,38,42,1,false
2026-07-29,brunchtime,6,18,21,29,31,36,43,false
2026-07-29,lunchtime,3,16,19,22,26,42,44,false
2026-07-29,drivetime,6,23,24,28,40,42,43,false
2026-07-29,teatime,2,5,20,25,33,48,3,false
2026-07-30,brunchtime,6,13,14,16,26,39,37,false
2026-07-30,lunchtime,15,18,27,35,41,45,49,false
2026-07-30,drivetime,1,6,13,29,36,37,44,false
2026-07-30,teatime,2,7,20,22,25,36,15,false
2026-07-31,brunchtime,3,6,10,11,17,24,26,false
2026-07-31,lunchtime,12,17,26,30,38,47,22,false
2026-07-31,drivetime,1,2,9,17,21,35,48,false
2026-07-31,teatime,12,18,23,27,31,42,44,false
2026-08-01,brunchtime,7,13,14,17,25,27,19,false
2026-08-01,lunchtime,13,22,23,27,29,46,30,false
2026-08-01,drivetime,2,5,6,29,31,39,36,false
2026-08-01,teatime,1,10,16,17,28,49,39,false
2026-08-02,brunchtime,2,17,30,40,44,46,24,false
2026-08-02,lunchtime,6,7,21,26,29,39,17,false
2026-08-02,drivetime,4,15,31,37,47,48,45,false
2026-08-02,teatime,27,32,34,35,36,39,19,false
2026-08-03,brunchtime,1,18,25,35,37,46,9,false
2026-08-03,lunchtime,6,12,20,24,26,48,42,false
2026-08-03,drivetime,8,9,22,33,39,45,14,false
2026-08-03,teatime,9,16,24,38,40,48,10,false
2026-08-04,brunchtime,1,5,6,11,13,29,7,false
2026-08-04,lunchtime,3,16,23,33,36,38,34,false
2026-08-04,drivetime,3,13,36,42,47,48,5,false
2026-08-04,teatime,3,25,36,38,48,49,32,false
2026-08-05,brunchtime,2,4,5,26,39,46,35,false
2026-08-05,lunchtime,14,16,38,40,43,47,10,false
2026-08-05,drivetime,11,13,17,34,36,49,48,false
2026-08-05,teatime,11,22,32,37,47,49,45,false
2026-08-06,brunchtime,13,16,18,23,27,34,48,false
2026-08-06,lunchtime,6,14,19,34,44,46,49,false
2026-08-06,drivetime,32,35,38,43,44,48,46,false
2026-08-06,teatime,15,16,17,34,40,48,14,false
2026-08-07,brunchtime,15,18,24,29,38,40,1,false
2026-08-07,lunchtime,7,11,22,24,44,46,28,false
2026-08-07,drivetime,11,16,24,30,33,41,43,false
2026-08-07,teatime,1,5,9,11,38,41,35,false
2026-08-10,brunchtime,12,16,20,22,23,49,48,false
2026-08-10,lunchtime,11,12,13,15,16,48,40,false
2026-08-10,drivetime,1,3,26,28,40,45,21,false
2026-08-10,teatime,23,24,30,33,40,45,41,false
2026-08-11,brunchtime,2,21,29,40,44,45,33,false
2026-08-11,lunchtime,16,17,22,24,39,45,1,false
2026-08-11,drivetime,4,5,17,21,22,38,46,false
2026-08-11,teatime,9,16,28,34,36,49,35,false
2026-08-12,brunchtime,5,7,9,15,37,43,42,false
2026-08-12,lunchtime,3,10,17,23,26,32,29,false
2026-08-12,drivetime,7,10,20,29,31,43,38,false
2026-08-12,teatime,3,5,23,24,29,41,10,false
2026-08-13,brunchtime,4,21,32,37,38,39,1,false
2026-08-13,lunchtime,10,17,21,30,33,35,28,false
2026-08-13,drivetime,1,9,11,20,24,44,8,false
2026-08-13,teatime,11,14,21,30,41,43,40,false
2026-08-14,brunchtime,5,11,17,31,33,34,14,false
2026-08-14,lunchtime,7,9,15,17,38,43,28,false
2026-08-14,drivetime,14,17,30,34,36,38,6,false
2026-08-14,teatime,6,17,24,32,36,47,31,false
2026-08-15,brunchtime,19,20,25,27,29,41,36,false
2026-08-15,lunchtime,3,5,6,8,33,38,2,false
2026-08-15,drivetime,10,11,12,21,22,35,26,false
2026-08-15,teatime,24,26,35,36,42,45,33,false
2026-08-16,brunchtime,2,9,12,14,30,38,43,false
2026-08-16,lunchtime,2,21,26,29,32,45,28,false
2026-08-16,drivetime,18,22,23,24,25,47,34,false
2026-08-16,teatime,5,10,13,21,29,37,43,false
2026-08-17,brunchtime,14,19,31,35,41,48,49,false
2026-08-17,lunchtime,7,17,27,35,38,44,45,false
2026-08-17,drivetime,11,19,28,30,37,45,8,false
2026-08-17,teatime,10,19,33,34,40,45,29,false
2026-08-18,brunchtime,4,27,28,31,35,39,33,false
2026-08-18,lunchtime,1,6,11,30,38,46,26,false
2026-08-18,drivetime,14,16,22,36,38,49,15,false
2026-08-18,teatime,5,9,25,27,37,47,30,false
2026-08-19,brunchtime,12,19,21,24,33,47,16,false
2026-08-19,lunchtime,5,7,14,20,36,43,26,false
2026-08-19,drivetime,4,5,16,19,39,48,1,false
2026-08-19,teatime,10,18,28,30,33,47,13,false
2026-08-20,brunchtime,12,15,24,26,40,42,2,false
2026-08-20,lunchtime,5,9,19,32,36,46,18,false
2026-08-20,drivetime,4,5,6,7,28,39,31,false
2026-08-20,teatime,3,5,6,31,45,47,27,false
2026-08-21,brunchtime,2,3,5,13,27,32,39,false
2026-08-21,lunchtime,9,10,27,30,33,37,38,true
2026-08-21,drivetime,2,16,24,31,32,38,9,false
2026-08-21,teatime,2,9,13,20,25,43,29,true
2026-08-22,brunchtime,5,14,20,31,33,43,47,false
2026-08-22,lunchtime,2,3,9,20,30,44,4,true
2026-08-22,drivetime,16,17,23,24,42,47,13,false
2026-08-22,teatime,6,8,19,32,34,48,5,true
2026-08-23,brunchtime,12,13,15,24,29,33,1,false
2026-08-23,lunchtime,3,12,19,25,29,30,27,true
2026-08-23,drivetime,8,10,26,28,38,40,27,false
2026-08-23,teatime,3,5,16,29,31,38,40,true
2026-08-24,brunchtime,7,9,20,31,42,47,43,false
2026-08-24,lunchtime,8,12,15,21,24,46,41,true
2026-08-24,drivetime,3,11,22,23,24,31,20,false
2026-08-24,teatime,7,11,16,27,30,36,24,true
2026-08-25,brunchtime,2,6,32,33,35,39,45,false
2026-08-25,lunchtime,20,28,31,33,37,47,29,true
2026-08-25,drivetime,1,11,26,29,30,42,4,false
2026-08-25,teatime,1,17,29,34,42,46,10,true
2026-08-26,brunchtime,4,20,21,28,35,38,19,false
2026-08-26,lunchtime,1,12,20,27,47,49,26,true
2026-08-26,drivetime,10,16,18,24,38,39,23,false
2026-08-26,teatime,8,11,17,24,36,47,31,true
2026-08-27,brunchtime,6,13,16,42,47,48,36,false
2026-08-27,lunchtime,3,12,16,17,23,33,43,true
2026-08-27,drivetime,4,16,23,26,37,46,25,false
2026-08-27,teatime,9,11,29,32,33,48,39,true
2026-08-28,brunchtime,2,5,17,21,29,43,6,false
2026-08-28,lunchtime,2,25,31,35,40,43,20,true
2026-08-28,drivetime,19,21,23,28,32,40,26,false
2026-08-28,teatime,14,16,20,34,35,44,12,true
2026-08-29,brunchtime,14,15,16,17,24,45,31,false
2026-08-29,lunchtime,4,20,22,23,24,41,16,true
2026-08-29,drivetime,16,17,19,31,42,45,37,false
2026-08-29,teatime,2,12,22,24,31,33,43,true
2026-08-30,brunchtime,15,16,27,34,35,47,49,false
2026-08-30,lunchtime,13,28,29,34,39,48,15,true
2026-08-30,drivetime,9,20,30,40,42,47,22,false
2026-08-30,teatime,28,29,31,33,40,48,44,true
2026-08-31,brunchtime,8,17,22,31,43,44,14,false
2026-08-31,lunchtime,22,27,32,37,45,46,38,true
2026-08-31,drivetime,1,4,6,24,27,39,9,false
2026-08-31,teatime,16,33,34,41,46,48,21,true
2026-09-01,brunchtime,6,12,27,37,42,43,8,false
2026-09-01,lunchtime,3,11,13,26,34,37,22,true
2026-09-01,drivetime,14,19,24,25,30,33,22,false
2026-09-01,teatime,5,12,16,18,21,40,36,true
2026-09-02,brunchtime,10,18,28,38,41,42,17,false
2026-09-02,lunchtime,10,16,23,32,33,44,2,true
2026-09-02,drivetime,21,27,28,34,40,42,10,false
2026-09-02,teatime,22,25,28,30,45,46,42,true
2026-09-03,brunchtime,7,13,19,21,42,45,34,false
2026-09-03,lunchtime,2,11,24,37,42,49,12,true
2026-09-03,drivetime,3,14,33,35,36,45,8,false
2026-09-03,teatime,7,8,12,17,25,36,48,true
2026-09-04,brunchtime,2,6,20,24,34,39,27,false
2026-09-04,lunchtime,5,9,36,39,42,47,3,true
2026-09-04,drivetime,2,7,9,28,33,40,26,false
2026-09-04,teatime,12,17,19,22,25,27,8,true
2026-09-05,brunchtime,14,20,23,36,37,38,17,false
2026-09-05,lunchtime,5,8,9,19,34,46,7,true
2026-09-05,drivetime,11,12,21,27,37,39,33,false
2026-09-05,teatime,6,11,17,18,25,47,16,true
2026-09-06,brunchtime,10,13,16,21,35,37,32,false
2026-09-06,lunchtime,10,13,19,21,23,46,38,true
2026-09-06,drivetime,2,11,12,31,36,38,49,false
2026-09-06,teatime,2,10,15,37,46,48,13,true
2026-09-07,brunchtime,1,9,17,36,44,45,19,false
2026-09-07,lunchtime,10,14,26,33,36,42,46,true
2026-09-07,drivetime,4,10,15,25,41,48,26,false
2026-09-07,teatime,1,4,34,36,46,48,43,true
2026-09-08,brunchtime,1,15,16,29,33,37,11,false
2026-09-08,lunchtime,2,11,13,23,36,38,43,true
2026-09-08,drivetime,2,22,35,36,37,41,44,false
2026-09-08,teatime,7,9,22,30,38,47,34,true
2026-09-09,brunchtime,5,12,14,20,25,45,13,false
2026-09-09,lunchtime,13,14,21,29,40,43,27,true
2026-09-09,drivetime,7,9,13,17,35,38,42,false
2026-09-09,teatime,12,13,36,42,44,47,49,true
2026-09-10,brunchtime,6,10,30,37,38,41,32,false
2026-09-10,lunchtime,1,2,6,13,40,44,9,true
2026-09-10,drivetime,6,8,9,14,29,39,27,false
2026-09-10,teatime,7,28,29,30,35,46,14,true
2026-09-11,brunchtime,2,5,9,11,23,35,8,false
2026-09-11,lunchtime,8,11,21,23,40,41,20,true
2026-09-11,drivetime,5,8,17,27,29,47,16,false
2026-09-11,teatime,11,13,19,21,33,35,18,true
2026-09-12,brunchtime,4,6,15,36,39,46,32,false
2026-09-12,lunchtime,10,12,30,34,41,44,25,true
2026-09-12,drivetime,11,20,34,40,45,49,23,false
2026-09-12,teatime,13,25,26,29,44,47,9,true
2026-09-13,brunchtime,1,9,12,18,34,48,35,false
2026-09-13,lunchtime,13,16,18,23,35,39,33,true
2026-09-13,drivetime,2,8,18,21,27,49,17,false
2026-09-13,teatime,9,13,16,31,36,49,10,true
2026-09-14,brunchtime,11,17,18,22,23,48,43,false
2026-09-14,lunchtime,7,27,43,46,48,49,36,true
2026-09-14,drivetime,2,11,17,21,25,46,41,false
2026-09-14,teatime,8,12,14,21,42,47,11,true
2026-09-15,brunchtime,7,10,18,22,30,45,21,false
2026-09-15,lunchtime,5,21,22,37,41,45,2,true
2026-09-15,drivetime,1,2,30,31,39,42,36,false
2026-09-15,teatime,12,17,27,29,31,35,38,true
2026-09-16,brunchtime,3,29,33,41,46,47,45,false
2026-09-16,lunchtime,4,7,20,35,41,46,21,true
2026-09-16,drivetime,2,5,9,11,24,42,49,false
2026-09-16,teatime,10,13,20,24,31,45,29,true
2026-09-17,brunchtime,1,8,21,30,33,44,45,false
2026-09-17,lunchtime,15,20,35,38,40,46,32,true
2026-09-17,drivetime,8,11,33,34,42,48,32,false
2026-09-17,teatime,1,35,36,38,42,43,28,true
2026-09-18,brunchtime,1,8,12,25,42,47,9,false
2026-09-18,lunchtime,1,12,14,21,34,40,17,true
2026-09-18,drivetime,1,3,4,15,40,44,33,false
2026-09-18,teatime,4,13,14,24,41,45,15,true
2026-09-19,brunchtime,14,19,28,29,35,39,3,false
2026-09-19,lunchtime,5,8,13,22,45,47,35,true
2026-09-19,drivetime,9,10,27,29,34,49,1,false
2026-09-19,teatime,8,22,23,28,44,45,35,true
